{"type":"FeatureCollection","features":[{"type":"Feature","properties":{"source_id":1,"stream_order":5},"geometry":{"type":"LineString","coordinates":[[72.826182,23.692131],[72.827738,23.693228],[72.828412,23.694848],[72.829144,23.695776],[72.830642,23.696104],[72.832374,23.695534],[72.833403,23.694211],[72.834528,23.69394],[72.834773,23.694564],[72.834815,23.695454],[72.835405,23.696131],[72.836255,23.696219],[72.838988,23.695234],[72.842082,23.693931],[72.844936,23.692022],[72.846047,23.690069],[72.847455,23.688961],[72.849377,23.688185],[72.850936,23.688035],[72.852174,23.688453],[72.852958,23.690031],[72.853408,23.6917],[72.854836,23.694433],[72.855454,23.696028],[72.855543,23.696928],[72.855266,23.697363],[72.855588,23.697979],[72.855645,23.699585],[72.856104,23.702883],[72.856381,23.704048],[72.856082,23.707097],[72.856293,23.70849],[72.856605,23.709137],[72.857797,23.709815],[72.858364,23.710324],[72.858492,23.711086],[72.858082,23.712356],[72.85815,23.712987],[72.858434,23.713665],[72.859182,23.714607],[72.86008,23.714922],[72.862863,23.715059],[72.864152,23.715263],[72.866396,23.716068],[72.867368,23.716612],[72.868568,23.716557],[72.872341,23.71711],[72.872709,23.717488],[72.87289,23.71782],[72.872661,23.718491],[72.871274,23.719158],[72.871165,23.719574],[72.871308,23.720378],[72.87171,23.720742],[72.873478,23.721884],[72.874344,23.721294],[72.877204,23.717736],[72.877971,23.717431],[72.878745,23.717743],[72.879466,23.718355],[72.88033,23.71884],[72.88156,23.718857],[72.882767,23.718357],[72.883711,23.717739],[72.884367,23.717605],[72.88634,23.717818],[72.887589,23.717606],[72.890253,23.718445],[72.89201,23.718541],[72.892771,23.718694],[72.895138,23.719572],[72.896101,23.719757],[72.897997,23.719941],[72.89918,23.719957],[72.899835,23.719894],[72.900421,23.719243],[72.900919,23.719264],[72.901596,23.719717],[72.902008,23.720239],[72.902328,23.720758],[72.902748,23.721753],[72.902954,23.722544],[72.90365,23.722797],[72.904473,23.722966],[72.905485,23.722936],[72.906385,23.723092],[72.907268,23.723376],[72.90879,23.72364],[72.910193,23.723487],[72.911542,23.722846],[72.912145,23.722152],[72.912725,23.721916],[72.913541,23.722429],[72.914016,23.723897],[72.914948,23.724053],[72.915866,23.72408],[72.916819,23.723892],[72.917314,23.724085],[72.917449,23.724359],[72.917222,23.724944],[72.917101,23.725702],[72.916972,23.725973],[72.917547,23.726066],[72.918073,23.726274],[72.918545,23.726954],[72.918979,23.728035],[72.919331,23.728412],[72.919812,23.728505],[72.920686,23.728359],[72.92207,23.727489],[72.922666,23.727224],[72.923341,23.727451],[72.925029,23.728403],[72.925561,23.728252],[72.926747,23.727107],[72.927636,23.727019],[72.930493,23.728433],[72.931106,23.729086],[72.931189,23.729718],[72.931099,23.730491],[72.931403,23.730982],[72.932004,23.731349],[72.934364,23.731796]]}},{"type":"Feature","properties":{"source_id":2,"stream_order":1},"geometry":{"type":"LineString","coordinates":[[72.970527,23.798789],[72.970474,23.799204],[72.970271,23.799715],[72.970033,23.799962],[72.969772,23.80009],[72.969699,23.800579],[72.969029,23.801108],[72.968132,23.801203],[72.967358,23.800883],[72.966268,23.800868],[72.965212,23.801153],[72.964503,23.802493]]}},{"type":"Feature","properties":{"source_id":3,"stream_order":1},"geometry":{"type":"LineString","coordinates":[[72.970507,23.786701],[72.970852,23.787408],[72.971262,23.787736],[72.972971,23.788821],[72.973224,23.789266],[72.973885,23.789347]]}},{"type":"Feature","properties":{"source_id":4,"stream_order":1},"geometry":{"type":"LineString","coordinates":[[72.973241,23.784467],[72.973814,23.784723],[72.974041,23.785132],[72.974261,23.785195],[72.974867,23.784833],[72.975417,23.784768],[72.975799,23.785203],[72.976159,23.785423],[72.976283,23.785831],[72.977179,23.786607],[72.977429,23.787231],[72.977971,23.78743],[72.978588,23.787844],[72.979226,23.788521],[72.979058,23.789331],[72.979882,23.789796],[72.980175,23.790994],[72.980505,23.791476],[72.98102,23.791746],[72.981435,23.791727],[72.982363,23.792193],[72.982453,23.793102],[72.983408,23.793449],[72.983871,23.793742]]}},{"type":"Feature","properties":{"source_id":5,"stream_order":1},"geometry":{"type":"LineString","coordinates":[[72.968443,23.761147],[72.96751,23.761063],[72.966624,23.761278],[72.965644,23.761743],[72.965177,23.762383]]}},{"type":"Feature","properties":{"source_id":6,"stream_order":1},"geometry":{"type":"LineString","coordinates":[[72.964332,23.773448],[72.963953,23.772783],[72.964092,23.772348],[72.964092,23.771897],[72.964298,23.771641],[72.964103,23.771194],[72.964519,23.770949],[72.963903,23.769479],[72.963766,23.768782],[72.964116,23.767353],[72.963757,23.766883],[72.9637,23.766538],[72.963494,23.76627],[72.963097,23.766286],[72.962556,23.766],[72.962411,23.765331],[72.962037,23.765298],[72.961717,23.765365],[72.961391,23.764838],[72.960432,23.763901],[72.959953,23.763651],[72.960263,23.762708]]}},{"type":"Feature","properties":{"source_id":7,"stream_order":1},"geometry":{"type":"LineString","coordinates":[[72.952841,23.760683],[72.952731,23.760892],[72.952153,23.761342],[72.951913,23.762104],[72.952648,23.762266],[72.952962,23.762748],[72.952944,23.763866],[72.952799,23.764514],[72.952976,23.765156],[72.953496,23.766463],[72.953475,23.767084],[72.953694,23.767727],[72.953296,23.767913],[72.952913,23.767879],[72.952204,23.76807],[72.952013,23.768948],[72.952049,23.769339],[72.952627,23.770187],[72.952464,23.770682],[72.953502,23.771995],[72.95395,23.771915],[72.954271,23.772646]]}},{"type":"Feature","properties":{"source_id":10,"stream_order":1},"geometry":{"type":"LineString","coordinates":[[72.953426,23.757304],[72.954048,23.757058],[72.95465,23.757028],[72.955247,23.757342],[72.955766,23.756699],[72.956568,23.754569],[72.95746,23.753233]]}},{"type":"Feature","properties":{"source_id":11,"stream_order":1},"geometry":{"type":"LineString","coordinates":[[72.953426,23.757304],[72.95395,23.758012],[72.95432,23.758877],[72.954827,23.759018],[72.955196,23.7593],[72.955706,23.759192],[72.956199,23.759571],[72.957574,23.758595],[72.958694,23.757311],[72.960008,23.756296],[72.961376,23.755101]]}},{"type":"Feature","properties":{"source_id":12,"stream_order":4},"geometry":{"type":"LineString","coordinates":[[72.941427,23.747943],[72.941247,23.749186],[72.941234,23.750008],[72.941425,23.751062],[72.942505,23.751659],[72.942985,23.752172],[72.943825,23.752221],[72.944288,23.752466],[72.944114,23.753009],[72.943671,23.753442],[72.9417,23.754047],[72.941285,23.754634],[72.940982,23.754811],[72.94058,23.754586],[72.940132,23.754733],[72.940198,23.755154],[72.940458,23.755788],[72.940431,23.756122],[72.939446,23.756759],[72.939366,23.757197],[72.939401,23.757618],[72.939733,23.757623],[72.940164,23.757313],[72.940502,23.756945],[72.940763,23.756834],[72.94104,23.75701],[72.941249,23.757586],[72.941833,23.758109],[72.941583,23.759204],[72.942514,23.760995],[72.942335,23.761174],[72.941741,23.761319],[72.941661,23.761748],[72.941786,23.762428],[72.941695,23.762923],[72.941037,23.763822],[72.941335,23.764667],[72.942041,23.765976],[72.943169,23.766861],[72.943516,23.767295],[72.943512,23.767544],[72.942739,23.768728],[72.94219,23.769093],[72.942074,23.769827],[72.942605,23.770389],[72.943528,23.771099],[72.94354,23.771662],[72.943144,23.772412],[72.942874,23.773765],[72.943511,23.774853],[72.943483,23.77534],[72.942877,23.776183],[72.942892,23.777234],[72.94264,23.778081],[72.9421,23.778724],[72.94256,23.781186],[72.942613,23.7824],[72.942832,23.783043],[72.943429,23.783347],[72.944091,23.783499],[72.944749,23.783967],[72.94507,23.784678],[72.945354,23.785742],[72.945329,23.786688],[72.94442,23.788339],[72.944348,23.789038]]}},{"type":"Feature","properties":{"source_id":13,"stream_order":3},"geometry":{"type":"LineString","coordinates":[[72.95085,23.794186],[72.950847,23.794367],[72.950531,23.79464],[72.950672,23.794891],[72.951023,23.79502],[72.950867,23.795696],[72.951734,23.79673],[72.951665,23.797168],[72.950995,23.797504],[72.950937,23.797875],[72.950611,23.798129],[72.950795,23.798982],[72.9513,23.799228],[72.951429,23.799583],[72.951823,23.799664],[72.951751,23.800285],[72.952215,23.800491],[72.953078,23.800436],[72.95323,23.800639],[72.953377,23.801204],[72.953641,23.8016],[72.953897,23.801852],[72.954258,23.80199],[72.95468,23.802894],[72.955184,23.803216]]}},{"type":"Feature","properties":{"source_id":14,"stream_order":1},"geometry":{"type":"LineString","coordinates":[[72.957972,23.810219],[72.957897,23.809702],[72.957053,23.808506],[72.957083,23.807923],[72.957579,23.807471],[72.958045,23.807217]]}},{"type":"Feature","properties":{"source_id":15,"stream_order":1},"geometry":{"type":"LineString","coordinates":[[72.959678,23.81005],[72.959478,23.809541],[72.959465,23.809006],[72.959719,23.808097]]}},{"type":"Feature","properties":{"source_id":16,"stream_order":2},"geometry":{"type":"LineString","coordinates":[[72.955184,23.803216],[72.962975,23.805029],[72.964185,23.805464]]}},{"type":"Feature","properties":{"source_id":17,"stream_order":2},"geometry":{"type":"LineString","coordinates":[[72.964185,23.805464],[72.964224,23.806231],[72.964595,23.807048],[72.96556,23.808427],[72.965777,23.808516],[72.966358,23.808581],[72.966591,23.80824],[72.967233,23.808373],[72.967458,23.808605],[72.967744,23.809602]]}},{"type":"Feature","properties":{"source_id":18,"stream_order":1},"geometry":{"type":"LineString","coordinates":[[72.968776,23.80932],[72.967744,23.809602]]}},{"type":"Feature","properties":{"source_id":19,"stream_order":1},"geometry":{"type":"LineString","coordinates":[[72.954719,23.794409],[72.954953,23.794747],[72.954939,23.794986],[72.955534,23.795452],[72.956031,23.796194],[72.956434,23.796305],[72.956747,23.796233],[72.957055,23.796428],[72.957144,23.796773],[72.957412,23.796901],[72.957459,23.797169]]}},{"type":"Feature","properties":{"source_id":20,"stream_order":1},"geometry":{"type":"LineString","coordinates":[[72.959413,23.793634],[72.959787,23.794409],[72.960092,23.794824],[72.96013,23.795073],[72.960385,23.795354],[72.960474,23.795603],[72.96067,23.795692],[72.960955,23.796107],[72.960921,23.79624],[72.961527,23.796707],[72.961625,23.797071]]}},{"type":"Feature","properties":{"source_id":21,"stream_order":3},"geometry":{"type":"LineString","coordinates":[[72.937535,23.789115],[72.937755,23.78825],[72.937705,23.787475],[72.938191,23.784988],[72.939404,23.783762],[72.940232,23.781957],[72.940237,23.781642],[72.940487,23.780948],[72.940856,23.780609],[72.942496,23.780741]]}},{"type":"Feature","properties":{"source_id":22,"stream_order":2},"geometry":{"type":"LineString","coordinates":[[72.934379,23.788464],[72.934727,23.788668],[72.935202,23.789486],[72.936015,23.789946]]}},{"type":"Feature","properties":{"source_id":23,"stream_order":1},"geometry":{"type":"LineString","coordinates":[[72.932179,23.79216],[72.93484,23.791383],[72.93585,23.790565]]}},{"type":"Feature","properties":{"source_id":24,"stream_order":1},"geometry":{"type":"LineString","coordinates":[[72.931836,23.790903],[72.93313,23.790471],[72.933874,23.79073],[72.93585,23.790565]]}},{"type":"Feature","properties":{"source_id":25,"stream_order":1},"geometry":{"type":"LineString","coordinates":[[72.942074,23.769827],[72.941414,23.77022],[72.940133,23.770461],[72.939151,23.77083],[72.938466,23.770859],[72.938533,23.771194],[72.938341,23.771507],[72.937661,23.771813],[72.937221,23.772123],[72.936533,23.772286],[72.936369,23.77214],[72.934277,23.772437]]}},{"type":"Feature","properties":{"source_id":26,"stream_order":1},"geometry":{"type":"LineString","coordinates":[[72.93923,23.762518],[72.94001,23.762471],[72.94069,23.762098],[72.941399,23.761954],[72.941708,23.761496]]}},{"type":"Feature","properties":{"source_id":27,"stream_order":4},"geometry":{"type":"LineString","coordinates":[[72.934364,23.731796],[72.934814,23.731844],[72.935237,23.7327],[72.935673,23.733346],[72.936041,23.733657],[72.936301,23.733622],[72.936358,23.733317],[72.936273,23.7328],[72.936596,23.732689],[72.937317,23.733072],[72.937281,23.733348],[72.936953,23.733793],[72.93708,23.734282],[72.937641,23.734911],[72.937981,23.735087],[72.93811,23.734764],[72.937941,23.734303],[72.937964,23.73419],[72.938423,23.734051],[72.938806,23.734165],[72.938944,23.734565],[72.939252,23.734789],[72.939812,23.734825],[72.940446,23.734728],[72.941135,23.734508],[72.941965,23.73515],[72.941937,23.735627],[72.941691,23.736073],[72.941985,23.736564],[72.94271,23.73666],[72.943015,23.736415],[72.943799,23.736015],[72.944278,23.735954],[72.945325,23.736007],[72.945661,23.735782],[72.946212,23.735722],[72.946781,23.735864],[72.94717,23.736194],[72.947635,23.736324],[72.94806,23.736349],[72.948667,23.73671],[72.948768,23.736884],[72.9491,23.736869],[72.949487,23.73674],[72.950117,23.73628],[72.950403,23.735864],[72.950739,23.735629],[72.951099,23.736485],[72.951701,23.736512],[72.952283,23.736443],[72.953234,23.736685],[72.953473,23.736669],[72.9535,23.736278],[72.953815,23.736043],[72.954194,23.736373],[72.954164,23.736974],[72.95517,23.737733],[72.955647,23.738408],[72.955287,23.738843],[72.955357,23.739006],[72.956299,23.739219],[72.956808,23.73915],[72.957297,23.73953]]}},{"type":"Feature","properties":{"source_id":28,"stream_order":1},"geometry":{"type":"LineString","coordinates":[[72.978681,23.748987],[72.978406,23.749283],[72.978523,23.749808],[72.978494,23.750173],[72.977874,23.750451],[72.977382,23.751556]]}},{"type":"Feature","properties":{"source_id":29,"stream_order":2},"geometry":{"type":"LineString","coordinates":[[72.963133,23.738125],[72.963223,23.738341],[72.962986,23.738582],[72.962975,23.738753],[72.963161,23.738828],[72.963428,23.738716],[72.963721,23.738383],[72.963969,23.738408],[72.964277,23.738627],[72.964328,23.738907],[72.964589,23.739133],[72.965082,23.738932],[72.965142,23.739097],[72.965532,23.739525],[72.965744,23.739413],[72.966455,23.739301],[72.966769,23.739606],[72.966892,23.74021],[72.967013,23.740441],[72.96851,23.740797],[72.968913,23.74139],[72.968942,23.74157],[72.969389,23.741819],[72.96961,23.742173],[72.969979,23.742443],[72.970362,23.742885],[72.970619,23.742831],[72.970741,23.742525],[72.9711,23.742472],[72.971415,23.742727],[72.971688,23.743182],[72.972595,23.743474],[72.973168,23.744176],[72.973494,23.744224],[72.97415,23.744118],[72.97466,23.744368],[72.975074,23.744775],[72.975464,23.744722],[72.975805,23.74482],[72.976095,23.745189],[72.976637,23.745369],[72.977199,23.745276],[72.977319,23.745048],[72.977239,23.744717],[72.977429,23.744519],[72.977671,23.744458],[72.977931,23.744755],[72.978271,23.744938],[72.978507,23.744748],[72.978582,23.743982],[72.978709,23.743805],[72.979326,23.743648],[72.979988,23.743635],[72.980508,23.743764],[72.980742,23.743717],[72.98106,23.743319],[72.981364,23.743775],[72.981818,23.743652],[72.982154,23.744043],[72.982563,23.743755],[72.983646,23.743364],[72.984475,23.743232],[72.985128,23.742668],[72.985239,23.742153],[72.984996,23.741749],[72.984139,23.742139],[72.984273,23.74151],[72.985277,23.741026],[72.986581,23.74131],[72.987424,23.741837],[72.987796,23.741976],[72.988323,23.741448],[72.989005,23.741629],[72.989511,23.741158],[72.990627,23.741478],[72.991253,23.741451]]}},{"type":"Feature","properties":{"source_id":30,"stream_order":1},"geometry":{"type":"LineString","coordinates":[[72.955357,23.739006],[72.955498,23.739981],[72.956347,23.740493],[72.956683,23.740856],[72.956986,23.740953],[72.957275,23.741394],[72.957368,23.741883],[72.957634,23.742302],[72.958568,23.742838],[72.959035,23.742808],[72.959298,23.742969],[72.959534,23.74328],[72.960212,23.743755],[72.960869,23.744015],[72.961181,23.744019],[72.961547,23.744525],[72.961839,23.744723],[72.962384,23.744766],[72.963576,23.745706]]}},{"type":"Feature","properties":{"source_id":31,"stream_order":1},"geometry":{"type":"LineString","coordinates":[[72.969849,23.742348],[72.970993,23.741855],[72.971477,23.741725],[72.972062,23.741704],[72.972622,23.741181],[72.973262,23.741125],[72.973999,23.74079],[72.974677,23.740212],[72.975408,23.739791],[72.976128,23.739535],[72.977119,23.739369],[72.977516,23.739396],[72.977701,23.739484]]}},{"type":"Feature","properties":{"source_id":32,"stream_order":1},"geometry":{"type":"LineString","coordinates":[[72.964463,23.73772],[72.964853,23.737675],[72.96509,23.737434],[72.966103,23.737383],[72.967908,23.737944],[72.968,23.73806],[72.969547,23.736848],[72.969844,23.736441],[72.969995,23.73606],[72.970003,23.735525],[72.970177,23.73504],[72.970253,23.734181],[72.97189,23.734337],[72.972231,23.733777]]}},{"type":"Feature","properties":{"source_id":33,"stream_order":1},"geometry":{"type":"LineString","coordinates":[[72.965823,23.728667],[72.965841,23.729537],[72.965687,23.730748],[72.965849,23.731696],[72.965055,23.734686],[72.964662,23.73728],[72.964463,23.73772]]}},{"type":"Feature","properties":{"source_id":34,"stream_order":1},"geometry":{"type":"LineString","coordinates":[[72.952834,23.736557],[72.952979,23.735654],[72.953296,23.735248],[72.953894,23.734779],[72.954143,23.734217],[72.954478,23.73405],[72.954357,23.733771],[72.954803,23.733127],[72.954682,23.732935],[72.954881,23.732803],[72.955203,23.732817],[72.956955,23.732277],[72.957325,23.731202],[72.957714,23.730844],[72.958451,23.730863],[72.958863,23.731021]]}},{"type":"Feature","properties":{"source_id":35,"stream_order":1},"geometry":{"type":"LineString","coordinates":[[72.936596,23.732689],[72.9366,23.73236],[72.936831,23.732191],[72.937377,23.732418],[72.937763,23.732299],[72.938166,23.732428],[72.938542,23.73229],[72.939001,23.732784],[72.939265,23.73252],[72.939663,23.732276],[72.940844,23.732426],[72.941033,23.732237],[72.941323,23.732299],[72.941543,23.732206],[72.941217,23.7318],[72.942128,23.731306],[72.94235,23.731041],[72.942598,23.730443],[72.942668,23.729909],[72.943204,23.730155],[72.943682,23.73017],[72.943836,23.729609],[72.944532,23.728873],[72.944642,23.728463],[72.944962,23.727961],[72.945683,23.727608],[72.947046,23.726116],[72.94906,23.724728],[72.950409,23.724077],[72.95104,23.723551]]}},{"type":"Feature","properties":{"source_id":36,"stream_order":1},"geometry":{"type":"LineString","coordinates":[[72.929624,23.727983],[72.930593,23.72755],[72.930924,23.727154],[72.931334,23.727082],[72.931671,23.726644],[72.931934,23.726439],[72.931975,23.72629],[72.932399,23.726176],[72.933022,23.725743],[72.932942,23.724643],[72.932747,23.724246]]}},{"type":"Feature","properties":{"source_id":37,"stream_order":1},"geometry":{"type":"LineString","coordinates":[[72.924214,23.719823],[72.926365,23.722318],[72.927219,23.723437],[72.926995,23.724466],[72.926975,23.725756],[72.927143,23.727068]]}},{"type":"Feature","properties":{"source_id":38,"stream_order":1},"geometry":{"type":"LineString","coordinates":[[72.925691,23.728136],[72.926279,23.728413],[72.927064,23.72865],[72.92784,23.729418],[72.92815,23.729527],[72.928166,23.729862],[72.928359,23.730103],[72.928126,23.730406],[72.928386,23.73105],[72.928065,23.731657],[72.927962,23.732869],[72.928039,23.7333],[72.928384,23.733754],[72.928439,23.734232],[72.928074,23.734332],[72.928251,23.734985],[72.928119,23.735461],[72.928189,23.736235],[72.928111,23.736607],[72.928241,23.736915],[72.928037,23.737332],[72.928233,23.738071],[72.928036,23.738689],[72.92814,23.739378],[72.928058,23.7406],[72.92818,23.741443],[72.928012,23.742196],[72.928459,23.742784],[72.9299,23.743597],[72.930758,23.744449],[72.931542,23.744756],[72.931845,23.74498],[72.931646,23.745722],[72.931498,23.745902],[72.929285,23.746054],[72.928535,23.746197],[72.927829,23.746875]]}},{"type":"Feature","properties":{"source_id":40,"stream_order":1},"geometry":{"type":"LineString","coordinates":[[72.920535,23.728384],[72.920753,23.729347],[72.920853,23.730208],[72.920477,23.730394],[72.920096,23.730188],[72.9196,23.730669],[72.919585,23.730984]]}},{"type":"Feature","properties":{"source_id":41,"stream_order":1},"geometry":{"type":"LineString","coordinates":[[72.921608,23.727808],[72.921929,23.729783],[72.921878,23.730403],[72.921598,23.731001]]}},{"type":"Feature","properties":{"source_id":42,"stream_order":1},"geometry":{"type":"LineString","coordinates":[[72.923341,23.727451],[72.924065,23.728627],[72.924361,23.729558],[72.924735,23.730193],[72.924966,23.731333],[72.924666,23.731931],[72.924663,23.732122]]}},{"type":"Feature","properties":{"source_id":43,"stream_order":1},"geometry":{"type":"LineString","coordinates":[[72.915313,23.726818],[72.916277,23.726238],[72.916972,23.725973]]}},{"type":"Feature","properties":{"source_id":44,"stream_order":1},"geometry":{"type":"LineString","coordinates":[[72.917328,23.724671],[72.918033,23.724737],[72.91812,23.724965],[72.91876,23.725069],[72.919244,23.725261],[72.920125,23.725756],[72.920739,23.725872],[72.920915,23.726209]]}},{"type":"Feature","properties":{"source_id":45,"stream_order":1},"geometry":{"type":"LineString","coordinates":[[72.917314,23.724085],[72.918341,23.72369],[72.918953,23.72359],[72.919588,23.723611]]}},{"type":"Feature","properties":{"source_id":46,"stream_order":2},"geometry":{"type":"LineString","coordinates":[[72.912145,23.722152],[72.911514,23.721759],[72.911017,23.721222],[72.911259,23.72066],[72.91105,23.720592],[72.911133,23.720307],[72.911783,23.720065],[72.911824,23.719907],[72.911741,23.719763],[72.911371,23.719543],[72.911579,23.719173],[72.912257,23.719096],[72.912587,23.719402],[72.913026,23.719673],[72.913391,23.719771],[72.913385,23.720158],[72.913781,23.720206],[72.913888,23.719835],[72.914126,23.719523],[72.914568,23.719636],[72.915705,23.719114],[72.915945,23.718695],[72.916991,23.718501],[72.917248,23.718039],[72.917886,23.718033],[72.918224,23.717815],[72.919308,23.716755],[72.919422,23.716427],[72.919255,23.716152],[72.918908,23.715947],[72.918648,23.715621],[72.919111,23.714932],[72.919883,23.71434],[72.920401,23.714046],[72.922257,23.714322],[72.92314,23.714083],[72.924873,23.712788],[72.925476,23.713082],[72.925757,23.713022],[72.925942,23.7122],[72.926386,23.711709],[72.926606,23.711568],[72.927456,23.711821],[72.927893,23.711741],[72.928515,23.711291],[72.928912,23.710773],[72.929447,23.710408],[72.929914,23.710428],[72.930646,23.709915],[72.931053,23.709777],[72.931363,23.709322],[72.933029,23.708843],[72.933528,23.708298],[72.934415,23.707837],[72.93524,23.707303],[72.935669,23.70723],[72.936065,23.706848],[72.937272,23.70627],[72.937671,23.70515]]}},{"type":"Feature","properties":{"source_id":47,"stream_order":1},"geometry":{"type":"LineString","coordinates":[[72.933029,23.708843],[72.933293,23.70889],[72.933621,23.708772],[72.934079,23.708871],[72.936129,23.71016],[72.936349,23.710543],[72.936494,23.71119],[72.937019,23.712465],[72.93736,23.712563],[72.937757,23.712568],[72.938392,23.713279]]}},{"type":"Feature","properties":{"source_id":49,"stream_order":1},"geometry":{"type":"LineString","coordinates":[[72.937671,23.70515],[72.938471,23.705282],[72.939885,23.704921],[72.940224,23.704675],[72.940607,23.704522],[72.940911,23.704491],[72.941237,23.704602],[72.941378,23.704547]]}},{"type":"Feature","properties":{"source_id":50,"stream_order":1},"geometry":{"type":"LineString","coordinates":[[72.93464,23.707697],[72.934896,23.707908],[72.936617,23.708332],[72.937231,23.708892],[72.937329,23.709108],[72.938406,23.709381],[72.938692,23.709549],[72.93936,23.709637]]}},{"type":"Feature","properties":{"source_id":52,"stream_order":1},"geometry":{"type":"LineString","coordinates":[[72.928198,23.71152],[72.928605,23.711674],[72.928892,23.711549],[72.929377,23.711761],[72.929286,23.712576],[72.929882,23.712967],[72.930173,23.712947],[72.930398,23.712825],[72.93078,23.712945],[72.930988,23.71323],[72.931809,23.713164],[72.932073,23.713211],[72.932965,23.713877],[72.933103,23.713368],[72.93369,23.713342]]}},{"type":"Feature","properties":{"source_id":53,"stream_order":1},"geometry":{"type":"LineString","coordinates":[[72.92345,23.717042],[72.922481,23.717279],[72.922306,23.717542],[72.922429,23.718139],[72.921942,23.718433],[72.920541,23.717898],[72.920257,23.71768],[72.919242,23.718332],[72.918361,23.718414],[72.917627,23.718619],[72.916991,23.718501]]}},{"type":"Feature","properties":{"source_id":54,"stream_order":2},"geometry":{"type":"LineString","coordinates":[[72.89747,23.71989],[72.8972,23.720625],[72.897305,23.721544],[72.897847,23.722019],[72.898262,23.722675],[72.898479,23.722462],[72.898893,23.72254],[72.899897,23.722979],[72.900317,23.722698],[72.900847,23.722992],[72.901169,23.722934],[72.90157,23.723498],[72.902135,23.723907],[72.902343,23.724206],[72.902844,23.724352],[72.903255,23.724563],[72.904119,23.725716],[72.904449,23.725553],[72.904573,23.725598],[72.904674,23.725762],[72.905148,23.725611],[72.905493,23.725792],[72.905846,23.726131],[72.906259,23.726261],[72.906668,23.726649],[72.906989,23.726668],[72.907095,23.726559],[72.907412,23.727161],[72.907679,23.727317],[72.907824,23.727386],[72.908182,23.727343],[72.908869,23.727582]]}},{"type":"Feature","properties":{"source_id":55,"stream_order":1},"geometry":{"type":"LineString","coordinates":[[72.910543,23.733533],[72.910036,23.732509],[72.909725,23.732471],[72.909453,23.732243],[72.909427,23.731932],[72.90917,23.731809],[72.909107,23.731697],[72.909154,23.731527],[72.908887,23.731323],[72.909016,23.731066],[72.908772,23.730714],[72.908372,23.730413],[72.908318,23.730235],[72.908318,23.729906],[72.908233,23.729728],[72.908324,23.729543],[72.908523,23.72944],[72.908797,23.729449],[72.908955,23.729327],[72.909098,23.728817],[72.90904,23.72821],[72.909183,23.728083],[72.909184,23.727982],[72.908869,23.727582]]}},{"type":"Feature","properties":{"source_id":56,"stream_order":3},"geometry":{"type":"LineString","coordinates":[[72.874572,23.721013],[72.87567,23.721463],[72.87705,23.72179],[72.878739,23.721806],[72.879491,23.721995],[72.880766,23.723073],[72.881578,23.723393],[72.881717,23.723968],[72.882191,23.723974],[72.882594,23.723622],[72.883133,23.7235],[72.883463,23.723304]]}},{"type":"Feature","properties":{"source_id":57,"stream_order":1},"geometry":{"type":"LineString","coordinates":[[72.88623,23.728881],[72.886006,23.729237],[72.885792,23.729936],[72.885627,23.730041]]}},{"type":"Feature","properties":{"source_id":58,"stream_order":2},"geometry":{"type":"LineString","coordinates":[[72.883463,23.723304],[72.883849,23.723044],[72.88444,23.723074],[72.884919,23.723295],[72.885258,23.72302],[72.885445,23.722994],[72.88566,23.723162],[72.885819,23.723007],[72.886053,23.722967],[72.886332,23.723021],[72.886553,23.723346],[72.886778,23.723392],[72.887431,23.723932],[72.887849,23.724539],[72.888323,23.72461],[72.889093,23.725108],[72.889803,23.724974]]}},{"type":"Feature","properties":{"source_id":59,"stream_order":2},"geometry":{"type":"LineString","coordinates":[[72.889803,23.724974],[72.890075,23.724527],[72.8903,23.724416],[72.890552,23.724426],[72.890728,23.724593],[72.890734,23.724729],[72.891174,23.724957],[72.891232,23.724729],[72.891369,23.72459],[72.891584,23.724583],[72.891883,23.724917],[72.892285,23.725051],[72.892357,23.725432],[72.892945,23.725677],[72.893251,23.72548],[72.893751,23.726368]]}},{"type":"Feature","properties":{"source_id":60,"stream_order":1},"geometry":{"type":"LineString","coordinates":[[72.893751,23.726368],[72.894118,23.726463],[72.894771,23.727299],[72.895067,23.727304],[72.895536,23.727145],[72.896148,23.72744],[72.896839,23.727631],[72.897291,23.727441],[72.898229,23.728149],[72.898762,23.727898],[72.89929,23.727984],[72.89951,23.72788],[72.899983,23.728001],[72.900341,23.728006],[72.900596,23.72811],[72.901004,23.727943],[72.901469,23.728057],[72.901851,23.727983],[72.902406,23.728335],[72.903305,23.728619],[72.903583,23.729239],[72.903575,23.729727],[72.903996,23.730141],[72.904197,23.730767],[72.905175,23.730924]]}},{"type":"Feature","properties":{"source_id":61,"stream_order":1},"geometry":{"type":"LineString","coordinates":[[72.908935,23.723625],[72.908924,23.72431],[72.909236,23.724737],[72.909576,23.724906],[72.909586,23.725257],[72.909852,23.725634]]}},{"type":"Feature","properties":{"source_id":62,"stream_order":1},"geometry":{"type":"LineString","coordinates":[[72.910366,23.723405],[72.910746,23.723754],[72.910767,23.724385],[72.910574,23.724805]]}},{"type":"Feature","properties":{"source_id":63,"stream_order":1},"geometry":{"type":"LineString","coordinates":[[72.911577,23.722806],[72.912133,23.723206],[72.912185,23.723823],[72.912131,23.724296],[72.912842,23.724578],[72.913196,23.724855],[72.913229,23.725228]]}},{"type":"Feature","properties":{"source_id":64,"stream_order":1},"geometry":{"type":"LineString","coordinates":[[72.901735,23.72363],[72.901346,23.724078],[72.901375,23.725175],[72.90129,23.725604]]}},{"type":"Feature","properties":{"source_id":65,"stream_order":1},"geometry":{"type":"LineString","coordinates":[[72.899897,23.722979],[72.89983,23.723943],[72.900048,23.724404],[72.89957,23.725122]]}},{"type":"Feature","properties":{"source_id":66,"stream_order":1},"geometry":{"type":"LineString","coordinates":[[72.898262,23.722675],[72.898286,23.723155],[72.898475,23.723516],[72.898829,23.72375]]}},{"type":"Feature","properties":{"source_id":67,"stream_order":2},"geometry":{"type":"LineString","coordinates":[[72.886956,23.717685],[72.887145,23.718453],[72.886884,23.7187],[72.886158,23.718833],[72.8846,23.718747]]}},{"type":"Feature","properties":{"source_id":68,"stream_order":1},"geometry":{"type":"LineString","coordinates":[[72.8846,23.718747],[72.884652,23.719114],[72.884876,23.719683]]}},{"type":"Feature","properties":{"source_id":69,"stream_order":1},"geometry":{"type":"LineString","coordinates":[[72.88517,23.718813],[72.885249,23.719688]]}},{"type":"Feature","properties":{"source_id":70,"stream_order":1},"geometry":{"type":"LineString","coordinates":[[72.886706,23.718732],[72.886278,23.719623]]}},{"type":"Feature","properties":{"source_id":71,"stream_order":1},"geometry":{"type":"LineString","coordinates":[[72.887052,23.718541],[72.887031,23.719289],[72.88687,23.720061]]}},{"type":"Feature","properties":{"source_id":72,"stream_order":1},"geometry":{"type":"LineString","coordinates":[[72.887145,23.718453],[72.888519,23.719202],[72.889247,23.719406],[72.88977,23.7198],[72.889882,23.720081],[72.890295,23.720516],[72.89055,23.720642],[72.89121,23.720765]]}},{"type":"Feature","properties":{"source_id":73,"stream_order":1},"geometry":{"type":"LineString","coordinates":[[72.885161,23.716512],[72.885061,23.71768]]}},{"type":"Feature","properties":{"source_id":74,"stream_order":1},"geometry":{"type":"LineString","coordinates":[[72.887661,23.715908],[72.887589,23.717606]]}},{"type":"Feature","properties":{"source_id":75,"stream_order":1},"geometry":{"type":"LineString","coordinates":[[72.889529,23.716873],[72.889107,23.717483],[72.888973,23.718067]]}},{"type":"Feature","properties":{"source_id":76,"stream_order":1},"geometry":{"type":"LineString","coordinates":[[72.894458,23.717735],[72.893681,23.719041]]}},{"type":"Feature","properties":{"source_id":77,"stream_order":1},"geometry":{"type":"LineString","coordinates":[[72.895674,23.71859],[72.894859,23.719473]]}},{"type":"Feature","properties":{"source_id":78,"stream_order":1},"geometry":{"type":"LineString","coordinates":[[72.915954,23.697423],[72.916509,23.698298],[72.916501,23.698792],[72.915466,23.699774],[72.915174,23.700967],[72.915343,23.701148],[72.915153,23.701805],[72.915146,23.702249],[72.914705,23.702595],[72.914215,23.703563],[72.913929,23.705859],[72.913259,23.706402],[72.912124,23.706802],[72.911837,23.707214],[72.91064,23.707628],[72.909911,23.707468],[72.909746,23.708046],[72.909395,23.70812],[72.90935,23.708463],[72.909112,23.70874],[72.908786,23.708671],[72.90861,23.708991],[72.908566,23.709306],[72.90795,23.710351],[72.907739,23.710412],[72.90736,23.710242],[72.906968,23.71063]]}},{"type":"Feature","properties":{"source_id":79,"stream_order":1},"geometry":{"type":"LineString","coordinates":[[72.897796,23.716003],[72.89678,23.715753],[72.896968,23.714731],[72.897875,23.713532],[72.89828,23.712542],[72.898406,23.71144],[72.898654,23.710533],[72.898886,23.710149],[72.899001,23.709785]]}},{"type":"Feature","properties":{"source_id":80,"stream_order":1},"geometry":{"type":"LineString","coordinates":[[72.901113,23.711054],[72.900569,23.712451],[72.900482,23.713052],[72.900487,23.713711],[72.900689,23.714293]]}},{"type":"Feature","properties":{"source_id":81,"stream_order":1},"geometry":{"type":"LineString","coordinates":[[72.877971,23.717431],[72.878176,23.716837],[72.878667,23.716307],[72.879123,23.715575],[72.878975,23.715121],[72.879072,23.714865]]}},{"type":"Feature","properties":{"source_id":82,"stream_order":1},"geometry":{"type":"LineString","coordinates":[[72.879571,23.718414],[72.880915,23.717384],[72.881355,23.717153],[72.882346,23.716966],[72.882548,23.716525],[72.882697,23.716433],[72.882829,23.716471]]}},{"type":"Feature","properties":{"source_id":83,"stream_order":1},"geometry":{"type":"LineString","coordinates":[[72.875956,23.716449],[72.877402,23.717572],[72.877394,23.71766]]}},{"type":"Feature","properties":{"source_id":84,"stream_order":1},"geometry":{"type":"LineString","coordinates":[[72.88156,23.718857],[72.882562,23.719019],[72.882839,23.71923],[72.88273,23.719695],[72.882926,23.72012],[72.883381,23.720377]]}},{"type":"Feature","properties":{"source_id":85,"stream_order":1},"geometry":{"type":"LineString","coordinates":[[72.883751,23.721522],[72.883463,23.723304]]}},{"type":"Feature","properties":{"source_id":86,"stream_order":3},"geometry":{"type":"LineString","coordinates":[[72.896127,23.754924],[72.896544,23.755228],[72.897033,23.755772],[72.897295,23.756442],[72.897354,23.757095],[72.896985,23.758745],[72.897382,23.759274],[72.899016,23.760306],[72.899565,23.761023],[72.900544,23.76311],[72.900802,23.76383],[72.901714,23.765228],[72.90193,23.765986],[72.902659,23.767152],[72.903046,23.768285],[72.902441,23.77035],[72.902458,23.771267],[72.902571,23.771995],[72.903224,23.772692],[72.90328,23.773075],[72.902045,23.774367],[72.901828,23.774919],[72.901945,23.776076],[72.902343,23.777104],[72.902845,23.77755],[72.903363,23.777634],[72.904424,23.777524],[72.904689,23.777174],[72.905309,23.776705],[72.906639,23.776637],[72.907386,23.777297],[72.907501,23.777929],[72.907146,23.779988],[72.909466,23.781625],[72.910366,23.782506],[72.911538,23.783258],[72.911729,23.783652],[72.911894,23.784352],[72.912708,23.784745],[72.91394,23.785001],[72.914189,23.785635],[72.91396,23.786301],[72.914241,23.786964],[72.915107,23.787969],[72.916052,23.788641],[72.916305,23.789017],[72.916395,23.791207],[72.916519,23.791896],[72.917125,23.792994],[72.91637,23.794704],[72.916561,23.795776],[72.916538,23.797209],[72.916319,23.797894],[72.914917,23.800532],[72.914535,23.801702],[72.916336,23.802041],[72.916402,23.802501],[72.915728,23.803725],[72.915874,23.804338],[72.916682,23.804483],[72.917806,23.804937],[72.917529,23.806033],[72.915748,23.807031],[72.915711,23.807989],[72.915912,23.808476],[72.916393,23.808874],[72.916778,23.810179],[72.91768,23.810898],[72.917748,23.811845],[72.917986,23.812527],[72.918398,23.812742],[72.919629,23.813065],[72.920278,23.813413],[72.920492,23.813688],[72.920369,23.81403],[72.919781,23.814811],[72.919444,23.815408],[72.919603,23.816156],[72.919993,23.816619],[72.920751,23.816945],[72.923112,23.817378],[72.924072,23.81828],[72.924893,23.81857],[72.925492,23.819109],[72.926225,23.819541],[72.926544,23.819596],[72.927026,23.819144],[72.928223,23.819819],[72.928457,23.820266],[72.928651,23.821301],[72.928968,23.821413],[72.929746,23.821495],[72.930278,23.821882],[72.931452,23.822492],[72.9317,23.822967],[72.931677,23.82352],[72.932237,23.824588],[72.932212,23.825176],[72.932714,23.825433],[72.93328,23.826114],[72.933434,23.826726],[72.933425,23.827242],[72.93389,23.827441],[72.934117,23.828333],[72.934118,23.828749],[72.934501,23.829177],[72.934942,23.829878],[72.935057,23.830933],[72.93543,23.831489],[72.935956,23.831776],[72.936339,23.832154],[72.936674,23.832187],[72.937308,23.832446],[72.937271,23.832854],[72.937678,23.833225],[72.93786,23.833536],[72.938222,23.833806],[72.93904,23.833759],[72.939793,23.834443],[72.940476,23.834624],[72.941286,23.835101],[72.942091,23.83494],[72.94219,23.835091],[72.942052,23.835426],[72.942251,23.835673]]}},{"type":"Feature","properties":{"source_id":87,"stream_order":1},"geometry":{"type":"LineString","coordinates":[[72.935193,23.838129],[72.934795,23.838146],[72.934466,23.838263],[72.934275,23.838533],[72.93424,23.838769],[72.934071,23.839075],[72.933851,23.839237],[72.93364,23.839248],[72.933636,23.839499],[72.93372,23.839636],[72.934249,23.839701],[72.93452,23.839805],[72.934774,23.83998],[72.934803,23.840117],[72.93495,23.840147],[72.935367,23.840669],[72.935163,23.841227],[72.935333,23.841958],[72.935847,23.842335],[72.935953,23.842994],[72.93749,23.845164],[72.938072,23.845351],[72.938337,23.845832],[72.939308,23.846001],[72.940652,23.846389],[72.941223,23.847256],[72.941698,23.847597],[72.941908,23.848293],[72.942364,23.849015],[72.942522,23.849722],[72.943043,23.851258],[72.94341,23.851824],[72.944441,23.852376]]}},{"type":"Feature","properties":{"source_id":88,"stream_order":1},"geometry":{"type":"LineString","coordinates":[[72.935995,23.835166],[72.936603,23.835167],[72.936925,23.83548],[72.937942,23.835723],[72.938119,23.835875]]}},{"type":"Feature","properties":{"source_id":89,"stream_order":1},"geometry":{"type":"LineString","coordinates":[[72.935193,23.838129],[72.935908,23.838533],[72.936799,23.838545],[72.937239,23.838795],[72.93743,23.839062],[72.937691,23.839252],[72.938127,23.839265],[72.938671,23.83986]]}},{"type":"Feature","properties":{"source_id":90,"stream_order":1},"geometry":{"type":"LineString","coordinates":[[72.93389,23.827441],[72.934367,23.827171],[72.934821,23.827012],[72.935496,23.827186],[72.936269,23.827569],[72.936968,23.828209],[72.937317,23.828278],[72.937716,23.828649],[72.938258,23.828864],[72.93876,23.829171],[72.939188,23.830152],[72.939751,23.830518],[72.939811,23.830683]]}},{"type":"Feature","properties":{"source_id":91,"stream_order":1},"geometry":{"type":"LineString","coordinates":[[72.93517,23.824623],[72.935768,23.825742],[72.936221,23.826142],[72.93719,23.826434],[72.937678,23.826176],[72.938434,23.826645],[72.93871,23.826899],[72.939137,23.827012]]}},{"type":"Feature","properties":{"source_id":92,"stream_order":2},"geometry":{"type":"LineString","coordinates":[[72.931689,23.823235],[72.93257,23.823047],[72.932872,23.823152],[72.93304,23.823369],[72.93304,23.823849],[72.933473,23.824077],[72.934265,23.824224],[72.93517,23.824623],[72.935792,23.824724],[72.936162,23.824959],[72.936997,23.824855],[72.938209,23.825094],[72.93884,23.825102],[72.939597,23.825478],[72.939948,23.825446],[72.940328,23.825566],[72.941109,23.825949],[72.941294,23.826224]]}},{"type":"Feature","properties":{"source_id":93,"stream_order":1},"geometry":{"type":"LineString","coordinates":[[72.941294,23.826224],[72.941969,23.826219],[72.942404,23.826311],[72.942873,23.826704]]}},{"type":"Feature","properties":{"source_id":94,"stream_order":2},"geometry":{"type":"LineString","coordinates":[[72.926225,23.819541],[72.926294,23.820412],[72.926677,23.820854],[72.926792,23.821465],[72.926425,23.82199],[72.926535,23.82245],[72.927502,23.823832],[72.92768,23.824386],[72.927779,23.825033],[72.927728,23.825276],[72.927294,23.825657],[72.927295,23.826058],[72.92754,23.826807],[72.928041,23.827157],[72.928637,23.827911],[72.929305,23.828995],[72.929537,23.829614],[72.928927,23.831225],[72.928941,23.831842],[72.929218,23.832491],[72.929926,23.833532],[72.929603,23.833814],[72.929778,23.834365]]}},{"type":"Feature","properties":{"source_id":95,"stream_order":1},"geometry":{"type":"LineString","coordinates":[[72.929778,23.834365],[72.929533,23.834781],[72.928437,23.835612]]}},{"type":"Feature","properties":{"source_id":96,"stream_order":1},"geometry":{"type":"LineString","coordinates":[[72.930585,23.822056],[72.931509,23.822159],[72.932059,23.822331],[72.933556,23.822287],[72.934065,23.822129],[72.935655,23.822064],[72.938614,23.822096],[72.940052,23.82185],[72.941704,23.821808],[72.941732,23.821522],[72.942146,23.821405]]}},{"type":"Feature","properties":{"source_id":97,"stream_order":1},"geometry":{"type":"LineString","coordinates":[[72.923664,23.81785],[72.923513,23.818614],[72.923664,23.81896],[72.923338,23.819335],[72.923347,23.819765],[72.92376,23.820237],[72.923933,23.82064],[72.923367,23.820977],[72.923651,23.821719],[72.923893,23.823184],[72.923502,23.823738],[72.92311,23.824857],[72.922824,23.826208],[72.922669,23.826614],[72.920549,23.827202]]}},{"type":"Feature","properties":{"source_id":98,"stream_order":1},"geometry":{"type":"LineString","coordinates":[[72.922464,23.813011],[72.924019,23.813597],[72.924907,23.813645],[72.926172,23.813898],[72.927235,23.814199],[72.927308,23.814021],[72.928625,23.814462],[72.93167,23.814947],[72.933244,23.814925],[72.93414,23.813955]]}},{"type":"Feature","properties":{"source_id":99,"stream_order":1},"geometry":{"type":"LineString","coordinates":[[72.930841,23.809754],[72.929738,23.810083],[72.927778,23.810372],[72.925743,23.811019],[72.924762,23.81198],[72.924077,23.812394],[72.922464,23.813011]]}},{"type":"Feature","properties":{"source_id":100,"stream_order":1},"geometry":{"type":"LineString","coordinates":[[72.917534,23.818777],[72.918785,23.81797],[72.919298,23.817539],[72.919526,23.817464],[72.919803,23.817152],[72.920071,23.816976],[72.920132,23.816679]]}},{"type":"Feature","properties":{"source_id":101,"stream_order":1},"geometry":{"type":"LineString","coordinates":[[72.91441,23.813424],[72.915232,23.813643],[72.916367,23.813329],[72.917451,23.812763],[72.917853,23.812146]]}},{"type":"Feature","properties":{"source_id":102,"stream_order":1},"geometry":{"type":"LineString","coordinates":[[72.91647,23.809236],[72.915705,23.809866],[72.915574,23.810315],[72.914176,23.810533],[72.912887,23.810293],[72.912336,23.810651]]}},{"type":"Feature","properties":{"source_id":103,"stream_order":2},"geometry":{"type":"LineString","coordinates":[[72.916371,23.802285],[72.916947,23.802372],[72.919418,23.802219],[72.920339,23.802081],[72.921508,23.802047],[72.921994,23.801888],[72.923942,23.802295],[72.924573,23.802296],[72.926916,23.801869],[72.927376,23.80188]]}},{"type":"Feature","properties":{"source_id":104,"stream_order":1},"geometry":{"type":"LineString","coordinates":[[72.927376,23.80188],[72.927592,23.802458],[72.927452,23.802944],[72.927003,23.803275],[72.927141,23.803398],[72.927638,23.803527],[72.928038,23.80384],[72.928245,23.804517],[72.92823,23.804997],[72.927796,23.805844],[72.927115,23.806064],[72.925711,23.806138],[72.925302,23.806398],[72.92506,23.806939]]}},{"type":"Feature","properties":{"source_id":105,"stream_order":1},"geometry":{"type":"LineString","coordinates":[[72.921728,23.801975],[72.922187,23.802457],[72.922443,23.803507],[72.922726,23.80384],[72.92316,23.803975],[72.923767,23.804514]]}},{"type":"Feature","properties":{"source_id":106,"stream_order":1},"geometry":{"type":"LineString","coordinates":[[72.919793,23.802163],[72.919924,23.802728],[72.920517,23.803137],[72.920829,23.803636],[72.920992,23.803645]]}},{"type":"Feature","properties":{"source_id":107,"stream_order":1},"geometry":{"type":"LineString","coordinates":[[72.926381,23.795863],[72.926515,23.795736],[72.927061,23.795729],[72.927423,23.795935],[72.928388,23.796012],[72.929022,23.796279]]}},{"type":"Feature","properties":{"source_id":108,"stream_order":1},"geometry":{"type":"LineString","coordinates":[[72.926913,23.793233],[72.926843,23.793748],[72.926565,23.794088],[72.926356,23.794501],[72.926314,23.795683],[72.926381,23.795863]]}},{"type":"Feature","properties":{"source_id":109,"stream_order":1},"geometry":{"type":"LineString","coordinates":[[72.920257,23.802093],[72.920248,23.801428],[72.920394,23.801093],[72.920358,23.800426]]}},{"type":"Feature","properties":{"source_id":111,"stream_order":2},"geometry":{"type":"LineString","coordinates":[[72.924244,23.797038],[72.923774,23.796734],[72.92191,23.796451],[72.921633,23.796218],[72.921384,23.795565],[72.921228,23.795582],[72.920994,23.795894],[72.920599,23.795927],[72.920301,23.795722],[72.920306,23.795398],[72.919864,23.795162],[72.919707,23.794587],[72.918173,23.793754],[72.917675,23.793069],[72.91768,23.792735],[72.91786,23.792517],[72.917665,23.79241],[72.917447,23.792397],[72.917325,23.792185],[72.917289,23.791888],[72.917166,23.791791],[72.916607,23.792048]]}},{"type":"Feature","properties":{"source_id":112,"stream_order":1},"geometry":{"type":"LineString","coordinates":[[72.919864,23.795162],[72.919536,23.795502],[72.919791,23.795792],[72.919794,23.796251],[72.919966,23.79654],[72.920129,23.797411],[72.920779,23.797707],[72.921082,23.798189],[72.921302,23.798775]]}},{"type":"Feature","properties":{"source_id":113,"stream_order":1},"geometry":{"type":"LineString","coordinates":[[72.910946,23.80346],[72.911198,23.801982],[72.911561,23.801357],[72.911195,23.800845],[72.911194,23.800291],[72.911033,23.799295],[72.91066,23.798631],[72.910575,23.798066],[72.910648,23.797436],[72.910619,23.795974],[72.910832,23.795642],[72.911176,23.79558],[72.911309,23.795056],[72.911212,23.794606],[72.911271,23.794167],[72.911402,23.793777],[72.911749,23.793514],[72.911856,23.793296],[72.911861,23.792971],[72.912134,23.792774],[72.912443,23.792979],[72.912899,23.793024],[72.91313,23.792855],[72.913113,23.792644],[72.913341,23.791978],[72.912773,23.791149],[72.91234,23.790942],[72.911924,23.790975],[72.91174,23.79082],[72.91177,23.790218],[72.911879,23.789914],[72.911922,23.788958],[72.912163,23.788408],[72.912666,23.788071],[72.912641,23.787726],[72.912233,23.787272],[72.911906,23.786293],[72.91134,23.785291],[72.911004,23.784886],[72.910542,23.784583],[72.910329,23.783577],[72.910455,23.782563]]}},{"type":"Feature","properties":{"source_id":114,"stream_order":1},"geometry":{"type":"LineString","coordinates":[[72.914189,23.785635],[72.914579,23.785975],[72.91515,23.786012],[72.915536,23.785912],[72.916136,23.786025]]}},{"type":"Feature","properties":{"source_id":115,"stream_order":1},"geometry":{"type":"LineString","coordinates":[[72.911773,23.783839],[72.912385,23.784216],[72.913773,23.783796],[72.9146,23.783367],[72.914933,23.783333],[72.915355,23.78289],[72.915938,23.7835],[72.916279,23.783552],[72.916418,23.783315],[72.916311,23.782855],[72.917246,23.78218],[72.917715,23.782071]]}},{"type":"Feature","properties":{"source_id":116,"stream_order":1},"geometry":{"type":"LineString","coordinates":[[72.914241,23.786964],[72.914954,23.787242],[72.91556,23.787642],[72.916283,23.787222],[72.916806,23.787009],[72.917848,23.786755],[72.918289,23.786484],[72.918774,23.786644],[72.919025,23.786504],[72.919269,23.786192],[72.920013,23.785791]]}},{"type":"Feature","properties":{"source_id":117,"stream_order":1},"geometry":{"type":"LineString","coordinates":[[72.918041,23.789644],[72.918638,23.789938],[72.918899,23.789904],[72.918963,23.789752],[72.919707,23.79],[72.919713,23.790278],[72.919889,23.790299],[72.92007,23.790034],[72.922146,23.79011],[72.923403,23.79005]]}},{"type":"Feature","properties":{"source_id":118,"stream_order":1},"geometry":{"type":"LineString","coordinates":[[72.918041,23.789644],[72.918766,23.78909],[72.919163,23.788942],[72.919272,23.788647],[72.920541,23.788483],[72.92095,23.788259],[72.92133,23.787872],[72.921716,23.787725],[72.922174,23.787683]]}},{"type":"Feature","properties":{"source_id":119,"stream_order":1},"geometry":{"type":"LineString","coordinates":[[72.932423,23.788939],[72.933757,23.78867],[72.934379,23.788464]]}},{"type":"Feature","properties":{"source_id":120,"stream_order":1},"geometry":{"type":"LineString","coordinates":[[72.933917,23.787067],[72.934231,23.787597],[72.93411,23.788306],[72.934379,23.788464]]}},{"type":"Feature","properties":{"source_id":121,"stream_order":1},"geometry":{"type":"LineString","coordinates":[[72.90598,23.785429],[72.905585,23.78678],[72.904942,23.787383],[72.904422,23.788055],[72.903676,23.788608],[72.904087,23.789531],[72.903915,23.789901],[72.902996,23.790223],[72.902921,23.791025],[72.902997,23.791475],[72.902782,23.791902],[72.902881,23.79219],[72.902995,23.792239],[72.902572,23.792664],[72.902403,23.793493]]}},{"type":"Feature","properties":{"source_id":122,"stream_order":1},"geometry":{"type":"LineString","coordinates":[[72.90598,23.785429],[72.906042,23.787408],[72.906382,23.788196],[72.906904,23.788709],[72.90698,23.789191],[72.906733,23.790312],[72.906681,23.790923],[72.906927,23.791767],[72.90619,23.793085],[72.906072,23.793963]]}},{"type":"Feature","properties":{"source_id":123,"stream_order":2},"geometry":{"type":"LineString","coordinates":[[72.902741,23.777457],[72.902277,23.778069],[72.901722,23.778348],[72.901558,23.778919],[72.901925,23.779287],[72.90233,23.779312],[72.902419,23.77959],[72.902384,23.779838],[72.90269,23.780158],[72.902561,23.780433],[72.901965,23.780692],[72.902085,23.781],[72.901976,23.781314],[72.901588,23.781566],[72.901297,23.781572],[72.901166,23.781981],[72.900931,23.782379],[72.898619,23.784491],[72.898606,23.784918],[72.897996,23.785406],[72.897241,23.785836],[72.896953,23.786508]]}},{"type":"Feature","properties":{"source_id":124,"stream_order":1},"geometry":{"type":"LineString","coordinates":[[72.896953,23.786508],[72.895981,23.786688],[72.894778,23.787274]]}},{"type":"Feature","properties":{"source_id":125,"stream_order":2},"geometry":{"type":"LineString","coordinates":[[72.902454,23.77104],[72.903032,23.771123],[72.903397,23.771042],[72.903434,23.770708],[72.903778,23.77057],[72.904527,23.770503],[72.904941,23.770566],[72.90528,23.770791],[72.905085,23.771313],[72.905329,23.771613],[72.905567,23.771702],[72.905822,23.771333],[72.906064,23.771126],[72.906499,23.771199],[72.906733,23.771517],[72.907283,23.771534],[72.908283,23.77193],[72.908482,23.771818],[72.908487,23.771532],[72.908274,23.771194],[72.908371,23.770976],[72.908871,23.770916],[72.90908,23.770804],[72.909197,23.770643],[72.909494,23.770876],[72.909374,23.771228],[72.908996,23.771538],[72.909302,23.771868],[72.909818,23.772027],[72.909951,23.772201],[72.910524,23.772047],[72.910812,23.772194],[72.911105,23.772054],[72.911351,23.772297],[72.911346,23.772583],[72.911573,23.772682],[72.911991,23.772535],[72.91209,23.772832],[72.912283,23.773054],[72.912683,23.772754],[72.913004,23.772806],[72.913284,23.773441],[72.913622,23.773751],[72.914121,23.773534],[72.914665,23.773487],[72.914962,23.773731],[72.91501,23.77397],[72.914683,23.774281],[72.91469,23.774511],[72.914982,23.77439],[72.915305,23.774357],[72.91574,23.77442],[72.915942,23.774728]]}},{"type":"Feature","properties":{"source_id":126,"stream_order":1},"geometry":{"type":"LineString","coordinates":[[72.915942,23.774728],[72.916566,23.77466],[72.916887,23.774712],[72.917247,23.774947],[72.917547,23.775008],[72.91785,23.774916]]}},{"type":"Feature","properties":{"source_id":127,"stream_order":1},"geometry":{"type":"LineString","coordinates":[[72.913004,23.772806],[72.913454,23.772573],[72.914288,23.772327],[72.914881,23.772277],[72.915949,23.772368],[72.91703,23.772259],[72.917272,23.772061],[72.91826,23.771989],[72.918966,23.771989],[72.919224,23.772068]]}},{"type":"Feature","properties":{"source_id":128,"stream_order":1},"geometry":{"type":"LineString","coordinates":[[72.903046,23.768285],[72.903573,23.768474],[72.904094,23.769035]]}},{"type":"Feature","properties":{"source_id":129,"stream_order":1},"geometry":{"type":"LineString","coordinates":[[72.902283,23.766612],[72.90216,23.767251],[72.901874,23.767582],[72.901531,23.767644],[72.901284,23.768137],[72.900983,23.768152],[72.900761,23.768407],[72.900376,23.768431],[72.90009,23.76878],[72.899435,23.768857],[72.899252,23.768607],[72.898699,23.768781],[72.898493,23.769303],[72.898971,23.769931],[72.899213,23.770402],[72.899106,23.771242],[72.898811,23.772155],[72.899004,23.773075],[72.899059,23.774786],[72.899003,23.775082],[72.898243,23.775205],[72.897807,23.77646],[72.897804,23.776651]]}},{"type":"Feature","properties":{"source_id":130,"stream_order":1},"geometry":{"type":"LineString","coordinates":[[72.899783,23.765298],[72.900245,23.764941],[72.900527,23.764869],[72.901087,23.764309]]}},{"type":"Feature","properties":{"source_id":131,"stream_order":1},"geometry":{"type":"LineString","coordinates":[[72.900544,23.76311],[72.901181,23.76354],[72.901258,23.763273],[72.901767,23.76329],[72.902987,23.763584],[72.903317,23.763741]]}},{"type":"Feature","properties":{"source_id":132,"stream_order":2},"geometry":{"type":"LineString","coordinates":[[72.899678,23.761296],[72.900211,23.761262],[72.900708,23.760696],[72.900995,23.760919],[72.901122,23.761418],[72.90138,23.761526],[72.902813,23.760877],[72.903498,23.760858],[72.903806,23.760413],[72.904119,23.760322],[72.904813,23.761057],[72.905332,23.761102],[72.905881,23.760479],[72.906142,23.760387],[72.90671,23.759965],[72.907407,23.75985],[72.908155,23.759851],[72.908391,23.760647],[72.908681,23.760689],[72.908649,23.760106],[72.909063,23.760159],[72.909336,23.760612],[72.91066,23.760945],[72.910873,23.761263],[72.911481,23.76153],[72.912355,23.761408],[72.912733,23.761795]]}},{"type":"Feature","properties":{"source_id":133,"stream_order":1},"geometry":{"type":"LineString","coordinates":[[72.912733,23.761795],[72.912977,23.762123],[72.913466,23.762072],[72.913555,23.762341],[72.914084,23.762367],[72.914423,23.762601],[72.914623,23.763053],[72.91492,23.763287],[72.915208,23.764112]]}},{"type":"Feature","properties":{"source_id":134,"stream_order":1},"geometry":{"type":"LineString","coordinates":[[72.914409,23.757613],[72.913925,23.757999],[72.912795,23.758576],[72.912046,23.758661],[72.911731,23.758848],[72.911182,23.758774],[72.910829,23.758807],[72.910386,23.759241],[72.909355,23.759427],[72.908728,23.759696],[72.908649,23.760106]]}},{"type":"Feature","properties":{"source_id":135,"stream_order":1},"geometry":{"type":"LineString","coordinates":[[72.896865,23.755585],[72.897897,23.755364],[72.898448,23.755343],[72.898776,23.754955],[72.899159,23.75498],[72.899488,23.755185],[72.899417,23.755776],[72.900047,23.755966],[72.900159,23.756751],[72.900631,23.757102],[72.900722,23.757877],[72.901351,23.758784],[72.901346,23.759089]]}},{"type":"Feature","properties":{"source_id":136,"stream_order":2},"geometry":{"type":"LineString","coordinates":[[72.897599,23.759413],[72.89774,23.759986],[72.897711,23.760464],[72.897983,23.761012],[72.898311,23.761294],[72.898682,23.762063],[72.89871,23.762293],[72.898505,23.762777],[72.898348,23.763463],[72.898374,23.763836],[72.897577,23.764303],[72.897154,23.764804],[72.897225,23.76555],[72.897034,23.765786],[72.896604,23.766096],[72.896513,23.766582],[72.896633,23.76687],[72.896356,23.767315]]}},{"type":"Feature","properties":{"source_id":137,"stream_order":1},"geometry":{"type":"LineString","coordinates":[[72.894914,23.76786],[72.89545,23.767446],[72.895919,23.767329],[72.896356,23.767315]]}},{"type":"Feature","properties":{"source_id":138,"stream_order":2},"geometry":{"type":"LineString","coordinates":[[72.893163,23.757306],[72.893543,23.758247],[72.893723,23.759282],[72.893481,23.760158],[72.893675,23.760351],[72.89295,23.760905],[72.892082,23.761285],[72.89188,23.761579],[72.891629,23.76233],[72.891193,23.762945],[72.890984,23.763697],[72.891041,23.764692]]}},{"type":"Feature","properties":{"source_id":139,"stream_order":1},"geometry":{"type":"LineString","coordinates":[[72.891041,23.764692],[72.891651,23.764824],[72.892067,23.764763],[72.893011,23.764814]]}},{"type":"Feature","properties":{"source_id":140,"stream_order":1},"geometry":{"type":"LineString","coordinates":[[72.893006,23.76318],[72.892486,23.761329],[72.892563,23.761072]]}},{"type":"Feature","properties":{"source_id":141,"stream_order":1},"geometry":{"type":"LineString","coordinates":[[72.893675,23.760351],[72.893878,23.76066],[72.893903,23.761004],[72.893753,23.761327],[72.893842,23.761548],[72.894256,23.761659],[72.894374,23.762062],[72.894496,23.762885],[72.894435,23.763448]]}},{"type":"Feature","properties":{"source_id":142,"stream_order":1},"geometry":{"type":"LineString","coordinates":[[72.889526,23.758419],[72.889133,23.758741],[72.888276,23.759733],[72.888021,23.760131],[72.887524,23.76064],[72.88743,23.761374],[72.887237,23.761697],[72.887263,23.762032],[72.887538,23.762351],[72.887596,23.762609],[72.887261,23.762786],[72.887268,23.763035],[72.887171,23.763234],[72.8868,23.763076],[72.886593,23.763656],[72.886786,23.763946],[72.886172,23.764654],[72.885921,23.764803],[72.885574,23.765706],[72.886026,23.76662],[72.885379,23.767462]]}},{"type":"Feature","properties":{"source_id":143,"stream_order":1},"geometry":{"type":"LineString","coordinates":[[72.88599,23.759224],[72.886677,23.759119],[72.887722,23.758684],[72.889526,23.758419]]}},{"type":"Feature","properties":{"source_id":144,"stream_order":1},"geometry":{"type":"LineString","coordinates":[[72.893327,23.75064],[72.894717,23.751059],[72.895851,23.750941],[72.896264,23.751051],[72.897043,23.752295],[72.897612,23.752446],[72.899185,23.752094],[72.900179,23.751582],[72.901025,23.751269],[72.901671,23.751163],[72.903361,23.750622],[72.904161,23.750557],[72.905538,23.750145],[72.906391,23.750023],[72.908038,23.750256],[72.909838,23.750662],[72.911031,23.750726],[72.912467,23.750488],[72.913958,23.750068]]}},{"type":"Feature","properties":{"source_id":145,"stream_order":1},"geometry":{"type":"LineString","coordinates":[[72.905668,23.760722],[72.906078,23.761335],[72.90645,23.762439],[72.906679,23.762716],[72.907291,23.762593]]}},{"type":"Feature","properties":{"source_id":146,"stream_order":1},"geometry":{"type":"LineString","coordinates":[[72.910873,23.761263],[72.91064,23.761707],[72.910885,23.762582],[72.910866,23.763]]}},{"type":"Feature","properties":{"source_id":147,"stream_order":1},"geometry":{"type":"LineString","coordinates":[[72.888747,23.748892],[72.888568,23.748746],[72.886212,23.748356],[72.885684,23.748146],[72.885417,23.747819],[72.884333,23.747422]]}},{"type":"Feature","properties":{"source_id":148,"stream_order":1},"geometry":{"type":"LineString","coordinates":[[72.885092,23.753429],[72.886195,23.752631],[72.8867,23.75191],[72.886918,23.751244],[72.888349,23.750248],[72.888492,23.749414],[72.888791,23.749382],[72.888747,23.748892]]}},{"type":"Feature","properties":{"source_id":149,"stream_order":1},"geometry":{"type":"LineString","coordinates":[[72.937396,23.754113],[72.937359,23.75318],[72.937648,23.750509],[72.937515,23.749874],[72.937448,23.748368],[72.938022,23.748173],[72.938982,23.74815],[72.940193,23.747879],[72.940144,23.747352]]}},{"type":"Feature","properties":{"source_id":150,"stream_order":1},"geometry":{"type":"LineString","coordinates":[[72.970944,23.748789],[72.97134,23.749188],[72.972211,23.750776],[72.972739,23.752659]]}},{"type":"Feature","properties":{"source_id":151,"stream_order":1},"geometry":{"type":"LineString","coordinates":[[72.975738,23.757643],[72.975954,23.75626],[72.976189,23.755344],[72.976173,23.754674],[72.975472,23.753029],[72.975022,23.751052],[72.974965,23.749714],[72.975174,23.748761],[72.974875,23.747992],[72.975126,23.74737]]}},{"type":"Feature","properties":{"source_id":152,"stream_order":1},"geometry":{"type":"LineString","coordinates":[[72.979927,23.751092],[72.979967,23.750297]]}},{"type":"Feature","properties":{"source_id":153,"stream_order":1},"geometry":{"type":"LineString","coordinates":[[72.968907,23.750411],[72.969389,23.749497],[72.970111,23.748969],[72.970944,23.748789]]}},{"type":"Feature","properties":{"source_id":154,"stream_order":1},"geometry":{"type":"LineString","coordinates":[[72.965177,23.762383],[72.965157,23.761777],[72.964989,23.760887],[72.965319,23.760031],[72.966531,23.758092],[72.966387,23.757135],[72.966404,23.75672]]}},{"type":"Feature","properties":{"source_id":155,"stream_order":1},"geometry":{"type":"LineString","coordinates":[[72.969974,23.76734],[72.97,23.766165],[72.970712,23.765725],[72.971244,23.765579],[72.971325,23.765055],[72.971187,23.764566],[72.972731,23.762742],[72.9728,23.760985],[72.973946,23.760732],[72.975255,23.760682],[72.976202,23.76122]]}},{"type":"Feature","properties":{"source_id":156,"stream_order":1},"geometry":{"type":"LineString","coordinates":[[72.973625,23.76851],[72.97475,23.767823],[72.975813,23.767512],[72.977751,23.767738],[72.978511,23.767662],[72.979084,23.767488],[72.97953,23.766863],[72.980147,23.766556],[72.980548,23.766131],[72.981551,23.765753]]}},{"type":"Feature","properties":{"source_id":157,"stream_order":1},"geometry":{"type":"LineString","coordinates":[[72.908441,23.718924],[72.907481,23.717956],[72.906769,23.717048],[72.904929,23.717902],[72.904796,23.718435],[72.9035,23.71901],[72.902699,23.718484],[72.901761,23.718719],[72.901193,23.71873]]}},{"type":"Feature","properties":{"source_id":160,"stream_order":1},"geometry":{"type":"LineString","coordinates":[[72.891095,23.742336],[72.891477,23.742364],[72.891803,23.742237],[72.893802,23.743041],[72.896049,23.742893],[72.896739,23.742723],[72.897119,23.742501],[72.897988,23.742549],[72.898893,23.742716],[72.899021,23.742849],[72.899592,23.742833],[72.899598,23.743275],[72.900271,23.744204]]}},{"type":"Feature","properties":{"source_id":161,"stream_order":1},"geometry":{"type":"LineString","coordinates":[[72.877454,23.747022],[72.877594,23.746379],[72.878103,23.746206],[72.87867,23.746405],[72.878777,23.746204],[72.878685,23.74551],[72.878434,23.744993],[72.879031,23.744189],[72.878994,23.743221],[72.879529,23.742225],[72.879327,23.741888],[72.879539,23.741604],[72.879893,23.74143],[72.879845,23.741178],[72.879932,23.74057],[72.879687,23.740495],[72.879556,23.739801],[72.879908,23.739259]]}},{"type":"Feature","properties":{"source_id":162,"stream_order":1},"geometry":{"type":"LineString","coordinates":[[72.882933,23.738529],[72.882303,23.738069],[72.882112,23.737809],[72.882124,23.737537],[72.881841,23.73726],[72.881254,23.73645],[72.881442,23.735915],[72.88146,23.73527],[72.881599,23.734899],[72.881599,23.734398],[72.881277,23.734064],[72.880767,23.733778]]}},{"type":"Feature","properties":{"source_id":163,"stream_order":1},"geometry":{"type":"LineString","coordinates":[[72.885855,23.7413],[72.886039,23.740521],[72.886308,23.740202],[72.886213,23.739857],[72.885908,23.739473],[72.885183,23.739033],[72.884449,23.738213],[72.884454,23.737884],[72.884669,23.73752],[72.884524,23.737261],[72.884801,23.736984],[72.884824,23.736722],[72.884708,23.736278],[72.884463,23.735821],[72.884169,23.735507],[72.884293,23.734654],[72.884634,23.733991]]}},{"type":"Feature","properties":{"source_id":164,"stream_order":1},"geometry":{"type":"LineString","coordinates":[[72.891345,23.737627],[72.891411,23.737377],[72.891214,23.737045],[72.890894,23.736166],[72.890863,23.735678],[72.891082,23.735094]]}},{"type":"Feature","properties":{"source_id":165,"stream_order":1},"geometry":{"type":"LineString","coordinates":[[72.891345,23.737627],[72.891948,23.737434],[72.892428,23.73709],[72.892563,23.736905],[72.892952,23.736939],[72.893274,23.737259],[72.893605,23.73745]]}},{"type":"Feature","properties":{"source_id":166,"stream_order":1},"geometry":{"type":"LineString","coordinates":[[72.891345,23.737627],[72.891979,23.737915],[72.892747,23.738054]]}},{"type":"Feature","properties":{"source_id":167,"stream_order":1},"geometry":{"type":"LineString","coordinates":[[72.880766,23.723073],[72.880774,23.723343],[72.880154,23.724386],[72.880356,23.724693],[72.880499,23.725107],[72.880524,23.725555],[72.88039,23.726216]]}},{"type":"Feature","properties":{"source_id":168,"stream_order":1},"geometry":{"type":"LineString","coordinates":[[72.87377,23.721685],[72.874318,23.722657],[72.874673,23.723128],[72.874884,23.723728],[72.875754,23.724481],[72.876973,23.725333],[72.87736,23.725458],[72.877995,23.725479],[72.878532,23.725988],[72.878847,23.726565],[72.879499,23.727136],[72.879969,23.727799]]}},{"type":"Feature","properties":{"source_id":169,"stream_order":1},"geometry":{"type":"LineString","coordinates":[[72.874879,23.729634],[72.874707,23.730343],[72.874158,23.730896]]}},{"type":"Feature","properties":{"source_id":170,"stream_order":1},"geometry":{"type":"LineString","coordinates":[[72.877842,23.735035],[72.875595,23.735073]]}},{"type":"Feature","properties":{"source_id":171,"stream_order":1},"geometry":{"type":"LineString","coordinates":[[72.879908,23.739259],[72.880446,23.740163],[72.880769,23.740382],[72.880816,23.740877],[72.881223,23.741198],[72.881149,23.741455],[72.881367,23.741945]]}},{"type":"Feature","properties":{"source_id":172,"stream_order":1},"geometry":{"type":"LineString","coordinates":[[72.871144,23.715208],[72.869873,23.715991],[72.869593,23.716693]]}},{"type":"Feature","properties":{"source_id":173,"stream_order":1},"geometry":{"type":"LineString","coordinates":[[72.872312,23.715953],[72.871771,23.716519],[72.871554,23.716983]]}},{"type":"Feature","properties":{"source_id":174,"stream_order":1},"geometry":{"type":"LineString","coordinates":[[72.873764,23.715985],[72.87297,23.716989],[72.872495,23.717268]]}},{"type":"Feature","properties":{"source_id":175,"stream_order":1},"geometry":{"type":"LineString","coordinates":[[72.874458,23.718001],[72.873188,23.717912],[72.87289,23.71782]]}},{"type":"Feature","properties":{"source_id":176,"stream_order":3},"geometry":{"type":"LineString","coordinates":[[72.855588,23.697979],[72.856593,23.697992],[72.856783,23.698697],[72.857649,23.699096],[72.857669,23.699742],[72.858698,23.700225],[72.859289,23.700624],[72.859976,23.700504],[72.860464,23.700139],[72.861912,23.700159],[72.861556,23.700971],[72.861879,23.701219],[72.862723,23.700958],[72.863027,23.701435],[72.863698,23.701301],[72.864096,23.701765],[72.864608,23.701858],[72.864584,23.702345],[72.865033,23.702509],[72.865733,23.702548],[72.86665,23.703592],[72.867132,23.703584],[72.867717,23.703019],[72.86811,23.70281],[72.868757,23.703191],[72.869427,23.703172],[72.870001,23.703266],[72.870543,23.703474],[72.871136,23.703353],[72.872235,23.703726],[72.872907,23.703564],[72.873633,23.702986],[72.874181,23.702793],[72.874908,23.702072],[72.875168,23.70143],[72.87566,23.700835],[72.876391,23.700831],[72.877132,23.701228],[72.877769,23.701323],[72.879887,23.701266]]}},{"type":"Feature","properties":{"source_id":177,"stream_order":1},"geometry":{"type":"LineString","coordinates":[[72.893929,23.69786],[72.893104,23.698174],[72.892391,23.697983]]}},{"type":"Feature","properties":{"source_id":178,"stream_order":1},"geometry":{"type":"LineString","coordinates":[[72.889471,23.696328],[72.890723,23.697167],[72.891294,23.697155],[72.891421,23.697472]]}},{"type":"Feature","properties":{"source_id":179,"stream_order":2},"geometry":{"type":"LineString","coordinates":[[72.879887,23.701266],[72.880503,23.701021],[72.880882,23.700673],[72.880987,23.699948],[72.880835,23.699726],[72.880484,23.699578],[72.880908,23.69903],[72.880944,23.698724],[72.880689,23.698511],[72.880725,23.698205],[72.881611,23.696891]]}},{"type":"Feature","properties":{"source_id":180,"stream_order":1},"geometry":{"type":"LineString","coordinates":[[72.881611,23.696891],[72.882664,23.696999],[72.882973,23.697099],[72.883799,23.696757],[72.884328,23.696735]]}},{"type":"Feature","properties":{"source_id":181,"stream_order":1},"geometry":{"type":"LineString","coordinates":[[72.874532,23.698082],[72.874493,23.69854],[72.874182,23.699205],[72.873847,23.699363],[72.874226,23.700314],[72.874169,23.700638],[72.87454,23.700758],[72.874773,23.701105],[72.874634,23.701371],[72.874991,23.701866]]}},{"type":"Feature","properties":{"source_id":182,"stream_order":2},"geometry":{"type":"LineString","coordinates":[[72.869666,23.706513],[72.86907,23.706887],[72.866884,23.706093],[72.86647,23.705603],[72.866204,23.704835],[72.865962,23.704557],[72.865839,23.704144],[72.865145,23.703782],[72.864898,23.703545],[72.864682,23.7035],[72.864395,23.703616],[72.863975,23.703485],[72.863621,23.702966],[72.863873,23.702588],[72.863081,23.702666],[72.861997,23.702329],[72.861851,23.702494],[72.861237,23.701966],[72.861211,23.701583],[72.861467,23.701408],[72.861687,23.701071]]}},{"type":"Feature","properties":{"source_id":183,"stream_order":1},"geometry":{"type":"LineString","coordinates":[[72.869666,23.706513],[72.870439,23.706841],[72.871004,23.707213],[72.871899,23.708371],[72.8727,23.708597],[72.873,23.708494],[72.873445,23.708644],[72.873934,23.708459],[72.874662,23.709198],[72.876478,23.709611],[72.877336,23.709485],[72.877834,23.70957],[72.878044,23.709782],[72.878134,23.710237],[72.878471,23.710677],[72.87874,23.710896],[72.879134,23.710997],[72.879718,23.711381],[72.880272,23.711604],[72.880926,23.711696]]}},{"type":"Feature","properties":{"source_id":184,"stream_order":1},"geometry":{"type":"LineString","coordinates":[[72.880926,23.711696],[72.881195,23.711503],[72.881501,23.711406],[72.883229,23.711632],[72.883673,23.71183],[72.884023,23.711882]]}},{"type":"Feature","properties":{"source_id":185,"stream_order":2},"geometry":{"type":"LineString","coordinates":[[72.857797,23.709815],[72.858666,23.709609],[72.85933,23.709637],[72.859821,23.710074],[72.861085,23.709547],[72.861542,23.709525],[72.861846,23.709987]]}},{"type":"Feature","properties":{"source_id":186,"stream_order":1},"geometry":{"type":"LineString","coordinates":[[72.861085,23.709547],[72.861436,23.709055],[72.861456,23.708472]]}},{"type":"Feature","properties":{"source_id":187,"stream_order":1},"geometry":{"type":"LineString","coordinates":[[72.861664,23.71095],[72.861846,23.709987]]}},{"type":"Feature","properties":{"source_id":188,"stream_order":1},"geometry":{"type":"LineString","coordinates":[[72.862403,23.709527],[72.861542,23.709525]]}},{"type":"Feature","properties":{"source_id":189,"stream_order":1},"geometry":{"type":"LineString","coordinates":[[72.853767,23.707152],[72.854087,23.707243],[72.854733,23.707089],[72.855154,23.706751],[72.855592,23.706585],[72.856136,23.706547]]}},{"type":"Feature","properties":{"source_id":190,"stream_order":1},"geometry":{"type":"LineString","coordinates":[[72.856381,23.704048],[72.857311,23.704287],[72.857757,23.704274],[72.857841,23.704858],[72.85798,23.705242],[72.85802,23.70595],[72.8582,23.706411],[72.858194,23.706774]]}},{"type":"Feature","properties":{"source_id":191,"stream_order":1},"geometry":{"type":"LineString","coordinates":[[72.856835,23.709268],[72.856778,23.709573],[72.856915,23.71012],[72.856226,23.71034],[72.855072,23.710467],[72.854231,23.710474],[72.853939,23.710585],[72.853592,23.710838],[72.853124,23.710899],[72.852859,23.711239],[72.853381,23.711686],[72.853334,23.712019],[72.852025,23.712164]]}},{"type":"Feature","properties":{"source_id":192,"stream_order":1},"geometry":{"type":"LineString","coordinates":[[72.85328,23.708388],[72.854004,23.709162],[72.855134,23.709847],[72.855674,23.709835],[72.856003,23.709391],[72.856081,23.709038],[72.856528,23.708976]]}},{"type":"Feature","properties":{"source_id":193,"stream_order":1},"geometry":{"type":"LineString","coordinates":[[72.85532,23.713079],[72.856185,23.712881],[72.856682,23.712926],[72.85787,23.713277],[72.858271,23.713277]]}},{"type":"Feature","properties":{"source_id":194,"stream_order":3},"geometry":{"type":"LineString","coordinates":[[72.858434,23.713665],[72.858262,23.714018],[72.858263,23.71462],[72.857958,23.715495],[72.858096,23.715907],[72.857937,23.716106],[72.857479,23.716205],[72.856737,23.716529],[72.856393,23.71661],[72.855949,23.716508],[72.855682,23.716935],[72.855598,23.717621],[72.855426,23.718039],[72.854995,23.718368],[72.854862,23.718872],[72.854894,23.719475],[72.855034,23.720384],[72.855208,23.720549],[72.855006,23.720824],[72.853892,23.721076],[72.853471,23.721395],[72.853034,23.721513],[72.852499,23.721238],[72.85213,23.720927],[72.851334,23.721355],[72.850911,23.721837],[72.851024,23.722584],[72.850819,23.723059],[72.850254,23.72329],[72.849662,23.72331],[72.848895,23.722621],[72.847702,23.722643],[72.847457,23.722974],[72.846048,23.72347],[72.845461,23.723863],[72.845525,23.72437],[72.846075,23.725018],[72.846492,23.726132],[72.846615,23.72687],[72.846579,23.727806],[72.846895,23.728154],[72.846897,23.728661],[72.846583,23.729478],[72.846995,23.730267],[72.847588,23.730791],[72.848592,23.730968],[72.849684,23.730821],[72.85068,23.730892],[72.852025,23.73114],[72.852572,23.731319],[72.852982,23.731631],[72.853324,23.732304],[72.853653,23.732491],[72.854005,23.732534],[72.854445,23.732301],[72.85486,23.732278],[72.855345,23.732457],[72.855579,23.732785],[72.855342,23.733288],[72.855228,23.733898],[72.855382,23.734684],[72.855986,23.735179],[72.856455,23.735711],[72.856635,23.736086],[72.856607,23.736564],[72.856805,23.737111],[72.857171,23.737584],[72.857364,23.738076],[72.857402,23.739365],[72.857264,23.740166],[72.85729,23.741102],[72.857482,23.742041],[72.857381,23.742518],[72.857052,23.742972],[72.857199,23.74348],[72.858113,23.745347],[72.858005,23.746902],[72.857851,23.747397],[72.857542,23.749151],[72.857878,23.750235],[72.858262,23.750833],[72.858262,23.751492],[72.857228,23.754411],[72.857232,23.754765],[72.858114,23.755456],[72.858181,23.755791],[72.857651,23.756443],[72.857874,23.756771],[72.858206,23.756833],[72.858585,23.756494],[72.859102,23.756616],[72.859357,23.756887],[72.859715,23.757654],[72.860231,23.758008],[72.860464,23.759004],[72.860733,23.759687],[72.860725,23.760212],[72.860432,23.761001],[72.860752,23.761732],[72.861403,23.763805],[72.862422,23.764325],[72.862625,23.764653],[72.862685,23.765399],[72.86366,23.766721],[72.864545,23.767211],[72.86496,23.767848],[72.865462,23.768256],[72.865949,23.76831],[72.866328,23.768621],[72.866498,23.769054],[72.866441,23.76998],[72.866623,23.770288],[72.866618,23.770632],[72.866331,23.770982],[72.866552,23.771472],[72.866995,23.772328],[72.867775,23.772865],[72.867944,23.773335],[72.868312,23.773694],[72.86848,23.774222],[72.869004,23.774563],[72.869111,23.774976],[72.868968,23.775499],[72.868785,23.775869],[72.868481,23.776047],[72.868692,23.776499],[72.868576,23.777214],[72.868734,23.777741],[72.868611,23.778275],[72.868678,23.778639],[72.868998,23.778748],[72.869343,23.779193],[72.869618,23.780802]]}},{"type":"Feature","properties":{"source_id":195,"stream_order":1},"geometry":{"type":"LineString","coordinates":[[72.883898,23.796659],[72.884283,23.797228],[72.884579,23.798159],[72.884317,23.798996],[72.884396,23.799226]]}},{"type":"Feature","properties":{"source_id":196,"stream_order":8},"geometry":{"type":"LineString","coordinates":[[72.84262,23.612059],[72.842648,23.614329],[72.840814,23.615498],[72.836287,23.614897],[72.832592,23.614965],[72.83017,23.616424],[72.829666,23.619463],[72.828251,23.622697],[72.825339,23.62503],[72.821934,23.628431],[72.81964,23.633893],[72.815459,23.639746],[72.815868,23.64244],[72.820557,23.648955],[72.826692,23.654296],[72.832821,23.660056],[72.835155,23.66403],[72.834282,23.671558],[72.831228,23.678009],[72.830571,23.687621],[72.826182,23.692131],[72.822195,23.696905],[72.818463,23.70094],[72.816166,23.707041],[72.814583,23.709956],[72.813593,23.714139],[72.812118,23.717626],[72.811108,23.72128],[72.807943,23.726606],[72.804428,23.729645],[72.802055,23.732517],[72.800696,23.734968],[72.799666,23.740505],[72.799731,23.74406],[72.801441,23.746034],[72.799383,23.749903],[72.79794,23.750453],[72.795382,23.754489],[72.795872,23.756452],[72.795454,23.757802],[72.795742,23.759023],[72.794742,23.760221],[72.795583,23.761085],[72.795613,23.766704],[72.797141,23.768132],[72.799848,23.770433],[72.798657,23.774544],[72.804873,23.779046],[72.806156,23.780555],[72.805611,23.783357],[72.810971,23.790599],[72.813028,23.794297],[72.8138,23.797398],[72.813273,23.801036],[72.810292,23.805093],[72.808132,23.809296],[72.805968,23.813975],[72.802689,23.816279],[72.797741,23.814087],[72.791001,23.818405],[72.788562,23.826897],[72.790551,23.840077]]}},{"type":"Feature","properties":{"source_id":199,"stream_order":2},"geometry":{"type":"LineString","coordinates":[[72.800818,23.747205],[72.802059,23.747854],[72.80125,23.750289],[72.801227,23.751664],[72.801002,23.752712],[72.801254,23.753747],[72.800643,23.755535],[72.800665,23.756701],[72.801244,23.758066],[72.801176,23.758428],[72.801993,23.760427],[72.802169,23.761079],[72.801892,23.761477],[72.801804,23.761819],[72.802343,23.761865],[72.803334,23.762204],[72.803824,23.762651],[72.803866,23.763894],[72.804465,23.764055],[72.805067,23.764063],[72.805347,23.763456],[72.806056,23.763275],[72.806741,23.763285],[72.807713,23.763509],[72.807813,23.763778],[72.807807,23.764141],[72.808382,23.764474],[72.808811,23.764938],[72.808848,23.765187],[72.808696,23.765606],[72.808914,23.766201],[72.809342,23.766666],[72.809353,23.767258],[72.80964,23.767511],[72.810219,23.767634],[72.810787,23.767183],[72.811231,23.766693],[72.811604,23.766736],[72.812077,23.767048],[72.812684,23.766751],[72.813224,23.766702],[72.813595,23.76686],[72.813981,23.767419],[72.814603,23.768689],[72.814698,23.769207],[72.81536,23.769369],[72.81642,23.769327],[72.817,23.769182],[72.81712,23.769661],[72.817872,23.769405],[72.818701,23.769395]]}},{"type":"Feature","properties":{"source_id":200,"stream_order":2},"geometry":{"type":"LineString","coordinates":[[72.829439,23.764914],[72.829828,23.764949],[72.830624,23.764816],[72.831064,23.76455],[72.830947,23.764147],[72.830085,23.763519],[72.830092,23.763075],[72.830595,23.762781],[72.83119,23.762589],[72.831524,23.762206],[72.831978,23.762069],[72.832125,23.761627],[72.831999,23.76078]]}},{"type":"Feature","properties":{"source_id":201,"stream_order":1},"geometry":{"type":"LineString","coordinates":[[72.831245,23.760239],[72.831317,23.760569],[72.831999,23.76078]]}},{"type":"Feature","properties":{"source_id":202,"stream_order":1},"geometry":{"type":"LineString","coordinates":[[72.802059,23.747854],[72.802218,23.748298],[72.802566,23.748425],[72.80312,23.748791],[72.803449,23.749126],[72.804408,23.749075],[72.804777,23.749352],[72.804943,23.750121],[72.804658,23.750863],[72.804153,23.751242],[72.804099,23.751686],[72.80418,23.751967],[72.80443,23.751898],[72.804583,23.752108],[72.805014,23.75238],[72.805146,23.752389],[72.805476,23.752709],[72.806483,23.752501]]}},{"type":"Feature","properties":{"source_id":203,"stream_order":1},"geometry":{"type":"LineString","coordinates":[[72.800887,23.745394],[72.802097,23.7448],[72.802461,23.744919],[72.802661,23.745101],[72.802949,23.745091],[72.803179,23.744801],[72.803731,23.745346],[72.804391,23.74542],[72.804879,23.74557],[72.804911,23.745972],[72.804773,23.746328],[72.805209,23.746771],[72.805382,23.747154],[72.805184,23.747846],[72.805109,23.748597],[72.80524,23.749151],[72.805543,23.749184],[72.806192,23.74991],[72.806868,23.750937],[72.80722,23.751264],[72.807408,23.75169],[72.80805,23.75195],[72.808441,23.752292],[72.809786,23.75287],[72.810073,23.75291],[72.810384,23.75252],[72.810818,23.752175],[72.813603,23.75179],[72.81426,23.751345],[72.814609,23.750337]]}},{"type":"Feature","properties":{"source_id":204,"stream_order":1},"geometry":{"type":"LineString","coordinates":[[72.849684,23.730821],[72.849428,23.731908],[72.849547,23.732239],[72.849027,23.732633],[72.848658,23.733273],[72.848184,23.734685],[72.847993,23.734912],[72.848126,23.735344],[72.848089,23.735716],[72.848646,23.735896],[72.849023,23.736632],[72.849274,23.737495],[72.850029,23.737964],[72.850037,23.738423],[72.850395,23.738457],[72.850702,23.738719],[72.850476,23.739175],[72.850532,23.739562],[72.85099,23.740156],[72.850579,23.740495],[72.850729,23.740826],[72.850492,23.741081],[72.850394,23.741366],[72.851227,23.741822],[72.851849,23.741859],[72.852112,23.741949],[72.852247,23.742252],[72.851975,23.742707],[72.851709,23.742832],[72.851932,23.743452],[72.851858,23.744167],[72.852065,23.744801],[72.852134,23.745361],[72.85259,23.746026],[72.853004,23.746433]]}},{"type":"Feature","properties":{"source_id":205,"stream_order":1},"geometry":{"type":"LineString","coordinates":[[72.855287,23.742051],[72.854387,23.739028],[72.8541,23.737491],[72.854013,23.7362],[72.854099,23.73567]]}},{"type":"Feature","properties":{"source_id":206,"stream_order":1},"geometry":{"type":"LineString","coordinates":[[72.854034,23.734881],[72.853529,23.735276],[72.853043,23.735527],[72.852542,23.735663],[72.85258,23.737169],[72.852441,23.73807],[72.852424,23.739101]]}},{"type":"Feature","properties":{"source_id":207,"stream_order":1},"geometry":{"type":"LineString","coordinates":[[72.854099,23.73567],[72.854792,23.736124]]}},{"type":"Feature","properties":{"source_id":208,"stream_order":1},"geometry":{"type":"LineString","coordinates":[[72.860419,23.72809],[72.860402,23.729179],[72.860679,23.730272],[72.861225,23.731183],[72.861387,23.731744],[72.86208,23.732241],[72.863134,23.733474],[72.864117,23.734276],[72.866095,23.735206],[72.867644,23.736632]]}},{"type":"Feature","properties":{"source_id":209,"stream_order":1},"geometry":{"type":"LineString","coordinates":[[72.860419,23.72809],[72.860765,23.727923],[72.862176,23.728258],[72.863735,23.729053],[72.866365,23.730064],[72.868494,23.730337],[72.870878,23.731173],[72.871211,23.731722],[72.871672,23.732087],[72.872733,23.731987]]}},{"type":"Feature","properties":{"source_id":210,"stream_order":1},"geometry":{"type":"LineString","coordinates":[[72.879403,23.731548],[72.879125,23.729843]]}},{"type":"Feature","properties":{"source_id":211,"stream_order":1},"geometry":{"type":"LineString","coordinates":[[72.857946,23.747093],[72.858523,23.7479],[72.859049,23.748122],[72.859578,23.74813],[72.860187,23.748998],[72.860806,23.749236],[72.861077,23.749756],[72.8615,23.749633],[72.862003,23.750256],[72.862488,23.751108],[72.862628,23.752988],[72.862438,23.753229]]}},{"type":"Feature","properties":{"source_id":212,"stream_order":1},"geometry":{"type":"LineString","coordinates":[[72.86066,23.752416],[72.860078,23.751849],[72.859223,23.750805],[72.858572,23.750624],[72.858262,23.750833]]}},{"type":"Feature","properties":{"source_id":213,"stream_order":1},"geometry":{"type":"LineString","coordinates":[[72.857232,23.754765],[72.856626,23.75537],[72.855952,23.756579],[72.85649,23.757933],[72.85594,23.758284],[72.855314,23.758476],[72.854862,23.75847],[72.854188,23.758747],[72.854212,23.760152],[72.852962,23.760407]]}},{"type":"Feature","properties":{"source_id":214,"stream_order":1},"geometry":{"type":"LineString","coordinates":[[72.858323,23.760094],[72.858551,23.759524],[72.858987,23.75953],[72.859024,23.759129],[72.858921,23.758813],[72.859065,23.758528],[72.859138,23.75787],[72.859715,23.757654]]}},{"type":"Feature","properties":{"source_id":215,"stream_order":1},"geometry":{"type":"LineString","coordinates":[[72.859278,23.756804],[72.859921,23.756705],[72.86029,23.756968],[72.860711,23.75696],[72.861243,23.757263],[72.862069,23.756721],[72.863021,23.756605],[72.863549,23.756684]]}},{"type":"Feature","properties":{"source_id":216,"stream_order":2},"geometry":{"type":"LineString","coordinates":[[72.861334,23.763567],[72.862284,23.763085],[72.864369,23.76256],[72.865096,23.76255],[72.865274,23.762448]]}},{"type":"Feature","properties":{"source_id":217,"stream_order":1},"geometry":{"type":"LineString","coordinates":[[72.866201,23.763187],[72.865768,23.763037],[72.865274,23.762448]]}},{"type":"Feature","properties":{"source_id":218,"stream_order":1},"geometry":{"type":"LineString","coordinates":[[72.863553,23.766589],[72.865736,23.766892],[72.866775,23.767165],[72.867927,23.767195],[72.868738,23.76712],[72.869675,23.766961],[72.870725,23.766531],[72.871889,23.765788],[72.872122,23.766837],[72.874226,23.766709]]}},{"type":"Feature","properties":{"source_id":219,"stream_order":1},"geometry":{"type":"LineString","coordinates":[[72.855531,23.770993],[72.855677,23.770652],[72.855578,23.770005],[72.855614,23.769733],[72.855866,23.769522],[72.855943,23.768649],[72.856548,23.767869],[72.85733,23.767622],[72.857603,23.768084],[72.85795,23.767802]]}},{"type":"Feature","properties":{"source_id":220,"stream_order":1},"geometry":{"type":"LineString","coordinates":[[72.857814,23.770385],[72.858145,23.769205],[72.85795,23.767802]]}},{"type":"Feature","properties":{"source_id":221,"stream_order":1},"geometry":{"type":"LineString","coordinates":[[72.859457,23.767073],[72.859459,23.76821],[72.859137,23.768846],[72.859283,23.769479],[72.859224,23.770557],[72.858663,23.771849],[72.858606,23.772756],[72.858654,23.772996],[72.858336,23.773431],[72.856476,23.774141],[72.856032,23.773991]]}},{"type":"Feature","properties":{"source_id":222,"stream_order":1},"geometry":{"type":"LineString","coordinates":[[72.864133,23.771915],[72.86505,23.771699],[72.865367,23.771388],[72.865749,23.771517],[72.866331,23.770982]]}},{"type":"Feature","properties":{"source_id":223,"stream_order":1},"geometry":{"type":"LineString","coordinates":[[72.866493,23.769126],[72.867322,23.769896],[72.867777,23.769997],[72.868319,23.7699],[72.868646,23.769589],[72.869063,23.769461],[72.870006,23.769541],[72.870698,23.76978],[72.870821,23.770498]]}},{"type":"Feature","properties":{"source_id":224,"stream_order":1},"geometry":{"type":"LineString","coordinates":[[72.868481,23.776047],[72.868177,23.776383],[72.867579,23.776423],[72.867256,23.776359],[72.866889,23.776521],[72.866543,23.776301],[72.866251,23.776691],[72.865729,23.776839],[72.865725,23.777126],[72.863753,23.777827]]}},{"type":"Feature","properties":{"source_id":225,"stream_order":1},"geometry":{"type":"LineString","coordinates":[[72.870926,23.778112],[72.870631,23.776116],[72.870299,23.775474],[72.869447,23.774688],[72.869004,23.774563]]}},{"type":"Feature","properties":{"source_id":226,"stream_order":1},"geometry":{"type":"LineString","coordinates":[[72.869471,23.779899],[72.867445,23.781134],[72.866755,23.781268],[72.866405,23.781263]]}},{"type":"Feature","properties":{"source_id":227,"stream_order":2},"geometry":{"type":"LineString","coordinates":[[72.869618,23.780802],[72.869182,23.781277],[72.868763,23.78151],[72.868572,23.782033],[72.868103,23.782194],[72.867748,23.782428],[72.867688,23.782941],[72.867385,23.783211]]}},{"type":"Feature","properties":{"source_id":228,"stream_order":1},"geometry":{"type":"LineString","coordinates":[[72.867385,23.783211],[72.86808,23.784356],[72.868165,23.784727],[72.868134,23.785037]]}},{"type":"Feature","properties":{"source_id":229,"stream_order":1},"geometry":{"type":"LineString","coordinates":[[72.871562,23.781927],[72.871251,23.782536],[72.871671,23.783055],[72.871908,23.78351],[72.871729,23.785039]]}},{"type":"Feature","properties":{"source_id":230,"stream_order":1},"geometry":{"type":"LineString","coordinates":[[72.878386,23.788825],[72.877762,23.789195],[72.876625,23.790469],[72.876306,23.790931],[72.876701,23.792154],[72.876696,23.793265],[72.876036,23.793937],[72.875664,23.794469],[72.874674,23.795494],[72.874227,23.795823],[72.873941,23.797467]]}},{"type":"Feature","properties":{"source_id":231,"stream_order":3},"geometry":{"type":"LineString","coordinates":[[72.832202,23.795668],[72.83287,23.794527],[72.833366,23.793464],[72.833813,23.792763],[72.834852,23.792759],[72.835793,23.792371],[72.8366,23.792535],[72.836712,23.793282],[72.838096,23.793741],[72.838613,23.793844],[72.839075,23.793544],[72.839716,23.793744],[72.839896,23.794148],[72.841297,23.794818],[72.842419,23.794795],[72.843037,23.79509],[72.843701,23.795157],[72.843776,23.795598],[72.843866,23.795575]]}},{"type":"Feature","properties":{"source_id":232,"stream_order":1},"geometry":{"type":"LineString","coordinates":[[72.845631,23.790177],[72.844848,23.791045],[72.844354,23.79129],[72.844292,23.792069],[72.843335,23.793432],[72.84297,23.794115],[72.842654,23.794416],[72.842419,23.794795]]}},{"type":"Feature","properties":{"source_id":233,"stream_order":2},"geometry":{"type":"LineString","coordinates":[[72.830367,23.793601],[72.830823,23.793183],[72.831548,23.792678],[72.831577,23.792172],[72.831352,23.791356],[72.831936,23.791173],[72.832149,23.790871],[72.832187,23.790422],[72.832621,23.789931],[72.833839,23.789729],[72.835862,23.789241],[72.838285,23.788377]]}},{"type":"Feature","properties":{"source_id":234,"stream_order":1},"geometry":{"type":"LineString","coordinates":[[72.838285,23.788377],[72.839747,23.787881],[72.842025,23.786394],[72.843786,23.785989],[72.843975,23.785246],[72.845712,23.783799]]}},{"type":"Feature","properties":{"source_id":235,"stream_order":1},"geometry":{"type":"LineString","coordinates":[[72.835793,23.792371],[72.836033,23.790849],[72.836983,23.790537],[72.837535,23.79044],[72.839108,23.791369],[72.839517,23.791098],[72.840045,23.79058],[72.840577,23.790463],[72.842138,23.790877]]}},{"type":"Feature","properties":{"source_id":236,"stream_order":2},"geometry":{"type":"LineString","coordinates":[[72.843866,23.795575],[72.844348,23.795452],[72.844627,23.795785],[72.845008,23.795811],[72.84509,23.796035],[72.845432,23.796039],[72.845641,23.796157],[72.845784,23.79641],[72.846793,23.796144],[72.8469,23.796318],[72.848069,23.796227],[72.848151,23.796006],[72.847982,23.795358],[72.84851,23.794993],[72.849692,23.794616],[72.850057,23.794248],[72.850702,23.79387],[72.851053,23.793825],[72.851149,23.793625],[72.851501,23.793695]]}},{"type":"Feature","properties":{"source_id":237,"stream_order":1},"geometry":{"type":"LineString","coordinates":[[72.851501,23.793695],[72.851464,23.793458],[72.851177,23.792873],[72.851537,23.792764],[72.853388,23.792488],[72.853571,23.792699]]}},{"type":"Feature","properties":{"source_id":238,"stream_order":1},"geometry":{"type":"LineString","coordinates":[[72.846235,23.798853],[72.847193,23.798343],[72.850685,23.796751]]}},{"type":"Feature","properties":{"source_id":239,"stream_order":1},"geometry":{"type":"LineString","coordinates":[[72.846235,23.798853],[72.846564,23.800169],[72.84747,23.800454],[72.847384,23.800961],[72.847085,23.801165],[72.846787,23.801254]]}},{"type":"Feature","properties":{"source_id":240,"stream_order":1},"geometry":{"type":"LineString","coordinates":[[72.846762,23.808106],[72.84771,23.808722],[72.847831,23.808332],[72.848279,23.808233],[72.848537,23.808361],[72.849092,23.808053],[72.849673,23.808119],[72.85012,23.808058],[72.850796,23.807389],[72.850831,23.807112],[72.851865,23.806754],[72.852452,23.806447],[72.852222,23.805899],[72.852712,23.805811],[72.853718,23.805863],[72.854118,23.806174],[72.854612,23.805818],[72.854835,23.805496],[72.85546,23.805409],[72.856345,23.804609],[72.855927,23.804135],[72.855988,23.80363],[72.85623,23.802783],[72.85698,23.801408],[72.857015,23.801131],[72.856669,23.800066],[72.857758,23.799546],[72.857578,23.798492],[72.857612,23.798311],[72.858073,23.79805],[72.858409,23.797204]]}},{"type":"Feature","properties":{"source_id":241,"stream_order":2},"geometry":{"type":"LineString","coordinates":[[72.846478,23.807701],[72.847098,23.807283],[72.847521,23.806799],[72.847737,23.8063],[72.847758,23.805823],[72.847945,23.805491],[72.848207,23.805339],[72.848164,23.804837]]}},{"type":"Feature","properties":{"source_id":242,"stream_order":1},"geometry":{"type":"LineString","coordinates":[[72.848164,23.804837],[72.849096,23.804969],[72.849455,23.804437],[72.849822,23.804275],[72.850431,23.804283],[72.850492,23.803759]]}},{"type":"Feature","properties":{"source_id":243,"stream_order":2},"geometry":{"type":"LineString","coordinates":[[72.853525,23.813434],[72.855134,23.815122],[72.855577,23.815797],[72.855093,23.816029]]}},{"type":"Feature","properties":{"source_id":244,"stream_order":1},"geometry":{"type":"LineString","coordinates":[[72.855093,23.816029],[72.85385,23.816621],[72.853854,23.817206],[72.854007,23.818116]]}},{"type":"Feature","properties":{"source_id":245,"stream_order":2},"geometry":{"type":"LineString","coordinates":[[72.853525,23.813434],[72.85468,23.813515],[72.855424,23.814051],[72.855954,23.814226],[72.856633,23.813949],[72.857257,23.813921],[72.85851,23.814309],[72.859927,23.814974],[72.860371,23.814813],[72.860805,23.814472],[72.861272,23.814467],[72.861528,23.814709],[72.861405,23.815902],[72.861979,23.816519],[72.862435,23.81717],[72.862989,23.817453],[72.862823,23.818083],[72.863582,23.818524],[72.863809,23.818921],[72.863695,23.819553],[72.864519,23.819934],[72.865738,23.819235],[72.866567,23.819353],[72.866993,23.819491],[72.867101,23.820054],[72.868295,23.820846],[72.869094,23.82124],[72.869692,23.821176],[72.870633,23.821595],[72.871424,23.821642],[72.872158,23.822046],[72.872345,23.822479],[72.872096,23.823443],[72.872067,23.82441],[72.872335,23.824712],[72.873125,23.824831],[72.873972,23.824627],[72.874379,23.824334],[72.874941,23.824115],[72.875807,23.824388],[72.875835,23.824864],[72.876039,23.825265],[72.876516,23.825487],[72.876811,23.825718],[72.876662,23.826098],[72.875917,23.826362],[72.875492,23.82693],[72.875496,23.827491],[72.875869,23.827704]]}},{"type":"Feature","properties":{"source_id":247,"stream_order":1},"geometry":{"type":"LineString","coordinates":[[72.876204,23.825342],[72.875942,23.825622],[72.875044,23.825765],[72.874815,23.826287],[72.874701,23.828471]]}},{"type":"Feature","properties":{"source_id":248,"stream_order":1},"geometry":{"type":"LineString","coordinates":[[72.875869,23.827704],[72.875911,23.828321],[72.875668,23.828642],[72.874923,23.830027]]}},{"type":"Feature","properties":{"source_id":249,"stream_order":1},"geometry":{"type":"LineString","coordinates":[[72.89787,23.83329],[72.898855,23.833055],[72.899271,23.833813],[72.899867,23.833893],[72.900504,23.834618]]}},{"type":"Feature","properties":{"source_id":250,"stream_order":2},"geometry":{"type":"LineString","coordinates":[[72.896864,23.830885],[72.897646,23.831189],[72.897986,23.831018],[72.89871,23.83156],[72.90005,23.832199],[72.900897,23.832008],[72.901443,23.832755],[72.902205,23.833029],[72.903293,23.833223],[72.90428,23.834012],[72.904596,23.834542],[72.904604,23.834841],[72.905484,23.835008],[72.906372,23.83711],[72.907134,23.837372],[72.907877,23.837179],[72.908327,23.837483],[72.908952,23.837396],[72.909154,23.837709],[72.910069,23.837328],[72.910968,23.837173],[72.912575,23.837111]]}},{"type":"Feature","properties":{"source_id":251,"stream_order":1},"geometry":{"type":"LineString","coordinates":[[72.912575,23.837111],[72.913343,23.837205],[72.914268,23.83705],[72.916208,23.837495],[72.916866,23.837778],[72.917743,23.838034],[72.918733,23.837935],[72.91904,23.838226],[72.919699,23.838461],[72.91969,23.839023],[72.920274,23.839019],[72.92087,23.83911],[72.921111,23.839436],[72.921464,23.839285],[72.921745,23.839588],[72.92171,23.840149],[72.923479,23.842418],[72.925597,23.843952],[72.925757,23.844527],[72.925975,23.844685],[72.92649,23.845791],[72.926999,23.846431],[72.927493,23.846414],[72.928063,23.847281]]}},{"type":"Feature","properties":{"source_id":252,"stream_order":1},"geometry":{"type":"LineString","coordinates":[[72.906372,23.83711],[72.906953,23.83811],[72.907822,23.839029],[72.908825,23.839628],[72.909205,23.84023],[72.910804,23.840109],[72.911512,23.840465],[72.912358,23.841181],[72.913454,23.841673],[72.916578,23.842002]]}},{"type":"Feature","properties":{"source_id":253,"stream_order":3},"geometry":{"type":"LineString","coordinates":[[72.858834,23.846994],[72.859334,23.847483],[72.860198,23.847954],[72.860418,23.84853],[72.860349,23.849542],[72.861041,23.849781],[72.861357,23.850158],[72.861379,23.850741],[72.862004,23.851237],[72.862625,23.851379],[72.863369,23.852288],[72.863855,23.8524],[72.864948,23.852291],[72.865882,23.852342],[72.866697,23.852047],[72.867388,23.852372],[72.868226,23.852527],[72.869419,23.85392],[72.869902,23.854222],[72.871427,23.855677]]}},{"type":"Feature","properties":{"source_id":254,"stream_order":1},"geometry":{"type":"LineString","coordinates":[[72.881609,23.861913],[72.882219,23.861539],[72.882689,23.861374],[72.883027,23.862004]]}},{"type":"Feature","properties":{"source_id":255,"stream_order":1},"geometry":{"type":"LineString","coordinates":[[72.879197,23.860782],[72.879712,23.861094],[72.879736,23.861505],[72.880022,23.861815],[72.880262,23.862401]]}},{"type":"Feature","properties":{"source_id":256,"stream_order":1},"geometry":{"type":"LineString","coordinates":[[72.875456,23.857701],[72.875282,23.858157],[72.875732,23.858574],[72.875841,23.85891],[72.875844,23.859397],[72.876324,23.859901]]}},{"type":"Feature","properties":{"source_id":257,"stream_order":1},"geometry":{"type":"LineString","coordinates":[[72.874538,23.856608],[72.875,23.856366],[72.87554,23.856345],[72.875819,23.856445]]}},{"type":"Feature","properties":{"source_id":258,"stream_order":1},"geometry":{"type":"LineString","coordinates":[[72.869902,23.854222],[72.870603,23.853955],[72.871441,23.854167],[72.872481,23.854096],[72.873051,23.854209],[72.873716,23.854161],[72.874917,23.854416],[72.87538,23.854728],[72.875859,23.854649],[72.876382,23.855038],[72.876759,23.855502],[72.877825,23.855727],[72.878645,23.855786]]}},{"type":"Feature","properties":{"source_id":259,"stream_order":2},"geometry":{"type":"LineString","coordinates":[[72.871427,23.855677],[72.871731,23.856259],[72.871784,23.856853],[72.872088,23.857287],[72.872295,23.857338],[72.872354,23.857697],[72.872978,23.858446],[72.873452,23.85887],[72.873433,23.85924],[72.873324,23.859514],[72.873565,23.859899],[72.873618,23.86064],[72.873846,23.861109]]}},{"type":"Feature","properties":{"source_id":260,"stream_order":1},"geometry":{"type":"LineString","coordinates":[[72.870911,23.855157],[72.870744,23.856057]]}},{"type":"Feature","properties":{"source_id":261,"stream_order":1},"geometry":{"type":"LineString","coordinates":[[72.856275,23.847129],[72.856723,23.847965]]}},{"type":"Feature","properties":{"source_id":262,"stream_order":1},"geometry":{"type":"LineString","coordinates":[[72.852377,23.847075],[72.852171,23.847766],[72.852473,23.848142],[72.853,23.84858],[72.852879,23.848951],[72.853247,23.849338],[72.853426,23.84979],[72.853923,23.850542],[72.854588,23.851143]]}},{"type":"Feature","properties":{"source_id":263,"stream_order":1},"geometry":{"type":"LineString","coordinates":[[72.856723,23.847965],[72.856925,23.848663],[72.857429,23.848985],[72.857973,23.850627],[72.858702,23.851153],[72.85924,23.851275],[72.859483,23.851689],[72.859936,23.851925],[72.860058,23.852681],[72.859808,23.853375],[72.860472,23.853461],[72.861046,23.854549],[72.862233,23.855664],[72.86284,23.856666]]}},{"type":"Feature","properties":{"source_id":264,"stream_order":2},"geometry":{"type":"LineString","coordinates":[[72.864374,23.843278],[72.865136,23.843942],[72.865856,23.844382],[72.866434,23.844639],[72.866506,23.84528],[72.866945,23.845143],[72.867361,23.845129],[72.867997,23.845597],[72.868539,23.845499],[72.868825,23.845169],[72.869146,23.845221],[72.86963,23.845486],[72.869747,23.845965],[72.870945,23.846354],[72.871324,23.847324],[72.871619,23.847692],[72.872244,23.847624],[72.872865,23.847737],[72.874269,23.847652],[72.874621,23.847714],[72.875948,23.847245],[72.87687,23.848079],[72.877376,23.848851],[72.877741,23.849086],[72.878604,23.849365]]}},{"type":"Feature","properties":{"source_id":265,"stream_order":1},"geometry":{"type":"LineString","coordinates":[[72.878604,23.849365],[72.879872,23.849372],[72.880637,23.849564],[72.881221,23.84941],[72.882678,23.849917],[72.883088,23.850238],[72.883771,23.850391],[72.884522,23.85085]]}},{"type":"Feature","properties":{"source_id":266,"stream_order":1},"geometry":{"type":"LineString","coordinates":[[72.871619,23.847692],[72.871538,23.848206],[72.871576,23.849096]]}},{"type":"Feature","properties":{"source_id":267,"stream_order":1},"geometry":{"type":"LineString","coordinates":[[72.87303,23.847724],[72.87317,23.848143],[72.873164,23.848554]]}},{"type":"Feature","properties":{"source_id":268,"stream_order":1},"geometry":{"type":"LineString","coordinates":[[72.867997,23.845597],[72.867889,23.845853],[72.868642,23.846819]]}},{"type":"Feature","properties":{"source_id":270,"stream_order":2},"geometry":{"type":"LineString","coordinates":[[72.880984,23.820359],[72.882003,23.820125],[72.882673,23.819762],[72.883907,23.818964],[72.884417,23.818553],[72.884621,23.818136],[72.886211,23.818071],[72.886815,23.817965],[72.887788,23.817558],[72.888219,23.817249],[72.888644,23.817293],[72.889642,23.817026]]}},{"type":"Feature","properties":{"source_id":271,"stream_order":1},"geometry":{"type":"LineString","coordinates":[[72.885142,23.818115],[72.885452,23.817516],[72.88618,23.816772],[72.886548,23.816528],[72.886562,23.816299],[72.887121,23.815733],[72.887341,23.815622],[72.887481,23.815356],[72.888078,23.81502],[72.888587,23.815046]]}},{"type":"Feature","properties":{"source_id":272,"stream_order":1},"geometry":{"type":"LineString","coordinates":[[72.889642,23.817026],[72.890186,23.8176],[72.890666,23.817454]]}},{"type":"Feature","properties":{"source_id":273,"stream_order":3},"geometry":{"type":"LineString","coordinates":[[72.890512,23.824362],[72.89193,23.825383],[72.892391,23.825141],[72.893212,23.825114],[72.89462,23.824741],[72.894896,23.824382],[72.89526,23.824349],[72.895753,23.824699],[72.895994,23.824588],[72.896501,23.823381],[72.89672,23.823327],[72.897124,23.823419],[72.897408,23.823212]]}},{"type":"Feature","properties":{"source_id":274,"stream_order":2},"geometry":{"type":"LineString","coordinates":[[72.897408,23.823212],[72.897653,23.823455],[72.897835,23.823782],[72.898499,23.823772],[72.898702,23.824119],[72.899276,23.823926],[72.899707,23.824276],[72.899972,23.823897],[72.901167,23.823904],[72.90161,23.824101],[72.901801,23.823845],[72.901998,23.823848],[72.902137,23.823649],[72.90252,23.823683],[72.902774,23.824069],[72.903114,23.824236],[72.904468,23.824025],[72.905241,23.823701],[72.906399,23.82343],[72.908061,23.823415],[72.909654,23.823909]]}},{"type":"Feature","properties":{"source_id":275,"stream_order":1},"geometry":{"type":"LineString","coordinates":[[72.909654,23.823909],[72.910742,23.825935]]}},{"type":"Feature","properties":{"source_id":276,"stream_order":1},"geometry":{"type":"LineString","coordinates":[[72.898522,23.821106],[72.899186,23.821125],[72.901217,23.820799],[72.902434,23.820022],[72.903314,23.819566],[72.903813,23.819497]]}},{"type":"Feature","properties":{"source_id":277,"stream_order":1},"geometry":{"type":"LineString","coordinates":[[72.898522,23.821106],[72.898835,23.820356],[72.89986,23.819242],[72.899628,23.818819],[72.899996,23.818537],[72.899993,23.818088],[72.900152,23.817278],[72.900826,23.816695]]}},{"type":"Feature","properties":{"source_id":278,"stream_order":2},"geometry":{"type":"LineString","coordinates":[[72.893836,23.811554],[72.893345,23.811089],[72.892859,23.81092],[72.892314,23.810597],[72.892143,23.810251],[72.892152,23.809735],[72.891803,23.809472],[72.891785,23.8093],[72.891538,23.809144],[72.891287,23.809283],[72.890772,23.808971],[72.890213,23.808906],[72.889893,23.808748],[72.889727,23.808775],[72.889181,23.809092],[72.888503,23.809312],[72.888098,23.809297],[72.88808,23.809125],[72.887798,23.809217],[72.887585,23.809577],[72.88688,23.809481],[72.886733,23.809584],[72.886256,23.809559],[72.88567,23.80978],[72.885296,23.809803],[72.885156,23.810136],[72.884727,23.810312],[72.884327,23.810621],[72.883784,23.810853],[72.883317,23.810808],[72.883014,23.810909],[72.882885,23.811223],[72.88238,23.811579],[72.882187,23.811997],[72.881554,23.811911],[72.881082,23.812211],[72.8799,23.812118],[72.87896,23.812411],[72.87865,23.812359],[72.878352,23.812144],[72.877904,23.812243],[72.877823,23.812739],[72.87755,23.812926],[72.877031,23.812919],[72.876265,23.812775],[72.875916,23.812503],[72.875492,23.812401],[72.875341,23.812705],[72.875412,23.812859],[72.875261,23.813172],[72.874886,23.813243],[72.874587,23.813144],[72.874062,23.813471],[72.873634,23.812978],[72.87308,23.81254],[72.87227,23.812529],[72.872164,23.812699],[72.872355,23.813065],[72.872093,23.813205],[72.871784,23.813038],[72.871083,23.813334],[72.87063,23.813748],[72.869429,23.813512],[72.86904,23.813793],[72.868507,23.814015],[72.86804,23.814018],[72.867559,23.814203],[72.867167,23.814035],[72.866028,23.813828],[72.866068,23.81443]]}},{"type":"Feature","properties":{"source_id":279,"stream_order":1},"geometry":{"type":"LineString","coordinates":[[72.883784,23.810853],[72.88419,23.811393],[72.885568,23.811642],[72.886515,23.812123],[72.887952,23.811885]]}},{"type":"Feature","properties":{"source_id":280,"stream_order":1},"geometry":{"type":"LineString","coordinates":[[72.88808,23.809125],[72.887912,23.808607],[72.888245,23.807942],[72.888486,23.807755],[72.889003,23.807953],[72.889439,23.80794],[72.890407,23.80715],[72.891096,23.806959],[72.890909,23.806278],[72.891112,23.805956],[72.891423,23.80596],[72.891602,23.805848],[72.892336,23.80604],[72.892608,23.805919],[72.893332,23.806091],[72.89443,23.805638],[72.895042,23.805016],[72.895669,23.804766]]}},{"type":"Feature","properties":{"source_id":281,"stream_order":1},"geometry":{"type":"LineString","coordinates":[[72.890077,23.808839],[72.890342,23.808592],[72.890357,23.808306],[72.890587,23.808213],[72.890897,23.808332],[72.891504,23.808006],[72.892412,23.807789],[72.892649,23.807878],[72.892808,23.80768],[72.893099,23.807665],[72.894443,23.808046],[72.894845,23.808873],[72.895041,23.808943],[72.895655,23.808875],[72.896469,23.808609]]}},{"type":"Feature","properties":{"source_id":284,"stream_order":1},"geometry":{"type":"LineString","coordinates":[[72.886806,23.809533],[72.887385,23.810176],[72.887835,23.810318],[72.888475,23.810234]]}},{"type":"Feature","properties":{"source_id":285,"stream_order":1},"geometry":{"type":"LineString","coordinates":[[72.892859,23.81092],[72.892436,23.811922],[72.892532,23.812246]]}},{"type":"Feature","properties":{"source_id":286,"stream_order":1},"geometry":{"type":"LineString","coordinates":[[72.893836,23.811554],[72.894357,23.811568]]}},{"type":"Feature","properties":{"source_id":287,"stream_order":1},"geometry":{"type":"LineString","coordinates":[[72.857438,23.809756],[72.857436,23.809249],[72.857318,23.808837],[72.856873,23.808123],[72.856724,23.807672],[72.856967,23.806797],[72.857374,23.806688],[72.857716,23.80675],[72.85821,23.805734],[72.858217,23.805304],[72.85868,23.804909],[72.859076,23.804867],[72.859526,23.804023],[72.861507,23.803515],[72.863297,23.803282],[72.863711,23.803355],[72.864338,23.803125],[72.864341,23.802322],[72.865149,23.800508],[72.865652,23.800257]]}},{"type":"Feature","properties":{"source_id":288,"stream_order":1},"geometry":{"type":"LineString","coordinates":[[72.857438,23.809756],[72.857903,23.809877],[72.858807,23.80988],[72.8596,23.809633],[72.860156,23.809287],[72.860664,23.808702]]}},{"type":"Feature","properties":{"source_id":289,"stream_order":2},"geometry":{"type":"LineString","coordinates":[[72.847236,23.812145],[72.847109,23.812621],[72.846043,23.813065],[72.84616,23.813506],[72.846123,23.81448],[72.847155,23.814896],[72.847249,23.815471],[72.846804,23.816],[72.846405,23.816262],[72.846141,23.8167]]}},{"type":"Feature","properties":{"source_id":290,"stream_order":1},"geometry":{"type":"LineString","coordinates":[[72.852177,23.822174],[72.851471,23.821548],[72.851047,23.820783],[72.850448,23.819312],[72.849979,23.818474],[72.849188,23.818039],[72.846141,23.8167]]}},{"type":"Feature","properties":{"source_id":292,"stream_order":3},"geometry":{"type":"LineString","coordinates":[[72.828547,23.837928],[72.829531,23.83821],[72.830087,23.838533],[72.829879,23.838846],[72.829502,23.839041],[72.829416,23.839499],[72.82997,23.839936],[72.830664,23.840347],[72.831244,23.841072],[72.831926,23.842228],[72.831748,23.842598],[72.831335,23.84308],[72.830831,23.843446],[72.830439,23.843583],[72.83048,23.843899],[72.831065,23.844366],[72.830868,23.844951],[72.830389,23.845661],[72.830354,23.845851],[72.830424,23.846034],[72.830639,23.846199],[72.831387,23.846229],[72.831529,23.846413],[72.831525,23.846661],[72.831252,23.846858],[72.830761,23.846975],[72.830295,23.846902],[72.829867,23.847039],[72.8295,23.847263],[72.829261,23.847852],[72.829674,23.84803],[72.83011,23.848036],[72.830611,23.847881],[72.831325,23.848082],[72.832289,23.848191],[72.83266,23.848397],[72.832822,23.848638],[72.832849,23.848896],[72.832525,23.848997],[72.832262,23.849203],[72.832266,23.849557],[72.832425,23.850027],[72.83265,23.850202],[72.833069,23.850008],[72.833465,23.849956],[72.83396,23.850154],[72.834318,23.850474],[72.834687,23.851425],[72.835025,23.851679],[72.83547,23.85178],[72.836378,23.851554],[72.836627,23.851596],[72.836779,23.851799],[72.836823,23.852296],[72.836987,23.852432],[72.837926,23.852159],[72.838287,23.852317],[72.838335,23.852575],[72.838242,23.853167],[72.838394,23.853369],[72.838764,23.853633],[72.839577,23.854083],[72.839643,23.854476],[72.838904,23.855192],[72.838852,23.855822],[72.838714,23.856011],[72.838847,23.856166],[72.839302,23.856268],[72.839906,23.856802],[72.840216,23.856911],[72.840265,23.857074],[72.840196,23.857513],[72.840285,23.857782],[72.840548,23.858187],[72.841166,23.858539]]}},{"type":"Feature","properties":{"source_id":293,"stream_order":2},"geometry":{"type":"LineString","coordinates":[[72.841166,23.858539],[72.842207,23.858676],[72.842801,23.858588],[72.843469,23.859028],[72.843931,23.858757],[72.84445,23.858783],[72.844559,23.859062],[72.844734,23.859179],[72.845129,23.859156],[72.845621,23.859574],[72.846034,23.859732],[72.847276,23.860638],[72.847509,23.860976],[72.847942,23.861192],[72.848135,23.861491],[72.849167,23.861897],[72.849487,23.862618],[72.84963,23.862773],[72.850044,23.862884],[72.851,23.863509],[72.852084,23.863935],[72.852604,23.864516],[72.852547,23.864792],[72.853256,23.865308],[72.853627,23.865457],[72.854035,23.8653],[72.854374,23.865267],[72.854804,23.86532],[72.855092,23.865468],[72.85551,23.865311],[72.856007,23.865442],[72.856454,23.865448],[72.857182,23.86569],[72.858171,23.86557],[72.858625,23.865739],[72.859103,23.865746],[72.859289,23.865844],[72.86,23.865557]]}},{"type":"Feature","properties":{"source_id":294,"stream_order":1},"geometry":{"type":"LineString","coordinates":[[72.849167,23.861897],[72.849618,23.861655],[72.850181,23.861501],[72.85049,23.861658],[72.851526,23.861844],[72.851876,23.86205],[72.852466,23.862144],[72.8528,23.862101],[72.853056,23.862286],[72.853587,23.862265],[72.854062,23.862405],[72.855637,23.863325],[72.856307,23.863621],[72.856649,23.863683]]}},{"type":"Feature","properties":{"source_id":296,"stream_order":1},"geometry":{"type":"LineString","coordinates":[[72.856991,23.865647],[72.857188,23.86609],[72.857501,23.866185],[72.85771,23.866433]]}},{"type":"Feature","properties":{"source_id":297,"stream_order":1},"geometry":{"type":"LineString","coordinates":[[72.855092,23.865468],[72.855363,23.865732],[72.855397,23.8662],[72.856119,23.867777],[72.85725,23.869112]]}},{"type":"Feature","properties":{"source_id":298,"stream_order":1},"geometry":{"type":"LineString","coordinates":[[72.853627,23.865457],[72.853835,23.866427]]}},{"type":"Feature","properties":{"source_id":299,"stream_order":1},"geometry":{"type":"LineString","coordinates":[[72.846034,23.859732],[72.846334,23.8595],[72.848937,23.860377],[72.849207,23.86041],[72.849719,23.860226],[72.85006,23.860317],[72.850493,23.860562],[72.851279,23.860735]]}},{"type":"Feature","properties":{"source_id":300,"stream_order":1},"geometry":{"type":"LineString","coordinates":[[72.854588,23.851143],[72.855005,23.851519],[72.855152,23.852056],[72.855418,23.852308],[72.855791,23.852361]]}},{"type":"Feature","properties":{"source_id":301,"stream_order":1},"geometry":{"type":"LineString","coordinates":[[72.841169,23.855205],[72.840723,23.855131],[72.840471,23.854717],[72.840064,23.854807],[72.83982,23.854507],[72.839643,23.854476]]}},{"type":"Feature","properties":{"source_id":302,"stream_order":2},"geometry":{"type":"LineString","coordinates":[[72.829261,23.847852],[72.828447,23.848089],[72.826481,23.846991],[72.826041,23.847205],[72.825673,23.847496],[72.825668,23.847792],[72.825911,23.848158],[72.826035,23.848689],[72.82604,23.849154],[72.825898,23.849601],[72.825974,23.849984],[72.82636,23.850506],[72.82657,23.850986],[72.826408,23.851414],[72.825992,23.852029],[72.826223,23.852481],[72.826468,23.852752],[72.827433,23.852823],[72.827857,23.852954],[72.827959,23.853051],[72.827977,23.853853],[72.827815,23.854233],[72.827767,23.854586],[72.82745,23.854945],[72.827019,23.855225],[72.826897,23.855701],[72.827222,23.856126],[72.827826,23.856699],[72.827754,23.857873],[72.828115,23.85868]]}},{"type":"Feature","properties":{"source_id":303,"stream_order":1},"geometry":{"type":"LineString","coordinates":[[72.825108,23.863262],[72.82527,23.862911],[72.825274,23.862711],[72.824914,23.862457],[72.824682,23.862043],[72.824595,23.861679],[72.824783,23.861003],[72.825363,23.860438],[72.826147,23.860172],[72.827009,23.860174],[72.827575,23.859886],[72.82789,23.859059],[72.828115,23.85868]]}},{"type":"Feature","properties":{"source_id":304,"stream_order":1},"geometry":{"type":"LineString","coordinates":[[72.827528,23.854856],[72.827446,23.855184],[72.827838,23.855313],[72.828773,23.855317],[72.829239,23.855429],[72.829762,23.855207],[72.830022,23.855191],[72.830414,23.855369],[72.830216,23.856035],[72.830603,23.856489],[72.831007,23.856552],[72.831451,23.856721],[72.831745,23.856534],[72.831958,23.856231],[72.832519,23.85623],[72.832662,23.856385],[72.832582,23.856804],[72.832197,23.857439],[72.832539,23.858197],[72.832731,23.858873],[72.833123,23.859624],[72.832988,23.861184],[72.83326,23.862621],[72.833898,23.862688],[72.835473,23.862653],[72.835962,23.864164],[72.836105,23.86494],[72.835973,23.865397],[72.835199,23.865682],[72.835495,23.866953],[72.83548,23.867841],[72.836127,23.869226],[72.836785,23.869966],[72.837034,23.870944],[72.837229,23.871377],[72.838219,23.872752],[72.839053,23.873251],[72.839432,23.873873],[72.841284,23.874974],[72.841867,23.875512],[72.842259,23.876306],[72.842717,23.876929]]}},{"type":"Feature","properties":{"source_id":305,"stream_order":1},"geometry":{"type":"LineString","coordinates":[[72.827959,23.853051],[72.829507,23.853044],[72.830179,23.853244],[72.830677,23.853289]]}},{"type":"Feature","properties":{"source_id":306,"stream_order":1},"geometry":{"type":"LineString","coordinates":[[72.825159,23.856479],[72.825282,23.855975],[72.825926,23.855372],[72.827019,23.855225]]}},{"type":"Feature","properties":{"source_id":307,"stream_order":1},"geometry":{"type":"LineString","coordinates":[[72.823364,23.851992],[72.82337,23.851639],[72.823711,23.850545],[72.824471,23.850441],[72.824947,23.850543],[72.825263,23.850289],[72.825383,23.849918],[72.825669,23.849626],[72.825898,23.849601]]}},{"type":"Feature","properties":{"source_id":308,"stream_order":1},"geometry":{"type":"LineString","coordinates":[[72.822455,23.848606],[72.8236,23.849091],[72.823992,23.848657],[72.824158,23.848038],[72.825081,23.848089],[72.825108,23.847727],[72.825673,23.847496]]}},{"type":"Feature","properties":{"source_id":309,"stream_order":2},"geometry":{"type":"LineString","coordinates":[[72.810891,23.826977],[72.810551,23.827508],[72.810503,23.82916],[72.810609,23.82964],[72.811409,23.830272],[72.811868,23.830747],[72.811765,23.831347],[72.81219,23.831965],[72.811908,23.83456],[72.812264,23.835033],[72.812707,23.835249]]}},{"type":"Feature","properties":{"source_id":310,"stream_order":1},"geometry":{"type":"LineString","coordinates":[[72.812707,23.835249],[72.812827,23.835528],[72.813218,23.835734],[72.81346,23.836177],[72.814107,23.836607]]}},{"type":"Feature","properties":{"source_id":311,"stream_order":1},"geometry":{"type":"LineString","coordinates":[[72.809878,23.834206],[72.809726,23.833392],[72.809603,23.830772],[72.810246,23.830255],[72.810609,23.82964]]}},{"type":"Feature","properties":{"source_id":312,"stream_order":1},"geometry":{"type":"LineString","coordinates":[[72.816033,23.824557],[72.815819,23.823665],[72.815855,23.823417],[72.815345,23.823439],[72.81424,23.822149]]}},{"type":"Feature","properties":{"source_id":313,"stream_order":1},"geometry":{"type":"LineString","coordinates":[[72.820253,23.829967],[72.81971,23.829501],[72.819529,23.829164],[72.819536,23.828734],[72.819239,23.828482],[72.81862,23.828244],[72.81792,23.828501],[72.817635,23.828926]]}},{"type":"Feature","properties":{"source_id":314,"stream_order":1},"geometry":{"type":"LineString","coordinates":[[72.822934,23.831731],[72.823085,23.830791],[72.823412,23.830509],[72.823694,23.830408],[72.823993,23.829915],[72.823843,23.829579],[72.824297,23.829098],[72.825593,23.82924],[72.825778,23.829348]]}},{"type":"Feature","properties":{"source_id":315,"stream_order":1},"geometry":{"type":"LineString","coordinates":[[72.823748,23.833292],[72.824354,23.833159],[72.824898,23.832919],[72.825301,23.832408],[72.825835,23.832206],[72.826418,23.832109],[72.827632,23.832155],[72.828564,23.83233]]}},{"type":"Feature","properties":{"source_id":316,"stream_order":1},"geometry":{"type":"LineString","coordinates":[[72.821324,23.831585],[72.821278,23.832609],[72.822063,23.833547],[72.821612,23.83442],[72.82177,23.835531],[72.821549,23.83632],[72.821572,23.836779],[72.822351,23.837431],[72.822886,23.838365]]}},{"type":"Feature","properties":{"source_id":317,"stream_order":1},"geometry":{"type":"LineString","coordinates":[[72.804629,23.825799],[72.804816,23.824691],[72.805338,23.823791],[72.805763,23.82246],[72.805698,23.821694],[72.805477,23.820915],[72.80536,23.820149],[72.805435,23.819529],[72.806315,23.818168],[72.806462,23.817155],[72.805902,23.815714],[72.805518,23.814291]]}},{"type":"Feature","properties":{"source_id":319,"stream_order":5},"geometry":{"type":"LineString","coordinates":[[72.842648,23.614329],[72.843391,23.614576],[72.844029,23.615982],[72.844915,23.616496],[72.847399,23.616817],[72.848199,23.617796],[72.847918,23.618365],[72.845506,23.620768],[72.845914,23.621992],[72.84755,23.624201],[72.849513,23.625446],[72.851297,23.625758],[72.85213,23.62553],[72.852451,23.624938],[72.852493,23.623983],[72.852324,23.623192],[72.85273,23.622123],[72.853543,23.621585],[72.854862,23.62177],[72.856455,23.622628],[72.857784,23.623841],[72.858116,23.625709],[72.85841,23.628388],[72.858998,23.630475],[72.859008,23.631478],[72.859229,23.632198],[72.859843,23.632756],[72.860723,23.632839],[72.861339,23.63323],[72.861709,23.634358],[72.861671,23.635122],[72.861111,23.636093],[72.861486,23.636935],[72.862444,23.63702],[72.863027,23.636215],[72.863016,23.635331],[72.863191,23.634139],[72.863693,23.631949],[72.864133,23.632002],[72.864877,23.63249],[72.865145,23.633545],[72.86495,23.634403],[72.864546,23.635329],[72.864379,23.636019],[72.865325,23.63682],[72.866052,23.636759],[72.866619,23.636981],[72.867122,23.637944],[72.86685,23.638705],[72.866217,23.639412],[72.866022,23.640246]]}},{"type":"Feature","properties":{"source_id":320,"stream_order":2},"geometry":{"type":"LineString","coordinates":[[72.88425,23.65957],[72.884205,23.659964],[72.884317,23.660264],[72.884288,23.660467],[72.884037,23.660714],[72.884095,23.661169],[72.884781,23.66205],[72.884821,23.662755],[72.885038,23.662997],[72.884942,23.663306],[72.885348,23.665462],[72.885499,23.665798],[72.885792,23.666101],[72.886284,23.666932],[72.887025,23.668459],[72.887079,23.669104],[72.887228,23.669524],[72.887596,23.670043],[72.887712,23.670881],[72.887565,23.671177],[72.887376,23.672441],[72.888027,23.673071],[72.888292,23.673504],[72.888499,23.674343],[72.888895,23.674755],[72.888913,23.675245],[72.888232,23.675641],[72.887972,23.676522]]}},{"type":"Feature","properties":{"source_id":321,"stream_order":1},"geometry":{"type":"LineString","coordinates":[[72.887972,23.676522],[72.888144,23.677121],[72.888271,23.677278],[72.88827,23.678114],[72.888619,23.679015],[72.889049,23.681314],[72.889227,23.681496],[72.889358,23.682238]]}},{"type":"Feature","properties":{"source_id":322,"stream_order":1},"geometry":{"type":"LineString","coordinates":[[72.888895,23.674755],[72.889125,23.674961],[72.889629,23.675075],[72.88968,23.675936],[72.890041,23.676872],[72.890568,23.678791],[72.891108,23.679097],[72.891554,23.679545],[72.891996,23.680327],[72.892498,23.680561],[72.893158,23.680629],[72.893783,23.680483],[72.894078,23.680642],[72.895002,23.680487],[72.895302,23.68036]]}},{"type":"Feature","properties":{"source_id":323,"stream_order":3},"geometry":{"type":"LineString","coordinates":[[72.889442,23.650719],[72.889737,23.651235],[72.890034,23.652822],[72.890317,23.652981],[72.890577,23.653331],[72.891168,23.653656],[72.891917,23.653863],[72.89245,23.654169],[72.893026,23.654266],[72.893693,23.654275],[72.894513,23.654071],[72.894783,23.653848],[72.895201,23.654063],[72.895196,23.654367],[72.895035,23.654682],[72.894644,23.654814],[72.894411,23.655211],[72.89478,23.655622],[72.894821,23.655909],[72.894748,23.656845],[72.894627,23.657113],[72.894655,23.657346],[72.895046,23.657644],[72.895197,23.657927],[72.895197,23.658327],[72.89501,23.658682],[72.895005,23.659017],[72.895405,23.659912],[72.896337,23.660408],[72.896596,23.660436],[72.896813,23.660672],[72.896914,23.660864],[72.896718,23.661363],[72.896512,23.661641],[72.896521,23.66191],[72.897035,23.662216],[72.897513,23.662312],[72.897673,23.662463],[72.89768,23.66278],[72.897554,23.663005],[72.898023,23.663238],[72.898136,23.663491],[72.897493,23.66396],[72.897469,23.66424],[72.897604,23.664343],[72.898081,23.664081],[72.89873,23.664018],[72.899264,23.664312],[72.899434,23.664607],[72.899437,23.664852],[72.899297,23.665059],[72.899482,23.665265],[72.900168,23.665334],[72.900495,23.665189],[72.900643,23.665245],[72.900724,23.665449],[72.900314,23.665927],[72.900264,23.666225],[72.900357,23.666531],[72.900515,23.66676],[72.90108,23.667108],[72.901427,23.668098],[72.901745,23.66852],[72.902524,23.669247],[72.903103,23.669554],[72.903204,23.669728],[72.903174,23.670403],[72.903285,23.670757],[72.904461,23.6718],[72.904689,23.672137],[72.905019,23.672207],[72.905656,23.672167],[72.906182,23.672368],[72.90631,23.672613],[72.906245,23.673286],[72.906552,23.673548],[72.906892,23.673682],[72.907057,23.673598],[72.907286,23.67388],[72.907181,23.674603],[72.90678,23.674863],[72.906822,23.675164],[72.907137,23.675398],[72.907564,23.675475],[72.908019,23.675739],[72.908363,23.676138]]}},{"type":"Feature","properties":{"source_id":324,"stream_order":1},"geometry":{"type":"LineString","coordinates":[[72.917613,23.680426],[72.917487,23.680023],[72.917267,23.679683],[72.916836,23.679369]]}},{"type":"Feature","properties":{"source_id":325,"stream_order":1},"geometry":{"type":"LineString","coordinates":[[72.910285,23.681447],[72.910891,23.681131],[72.911836,23.681124],[72.91183,23.681487],[72.912123,23.68195],[72.912618,23.682148],[72.912919,23.682152],[72.913263,23.68272],[72.913754,23.683936],[72.914547,23.683833],[72.914767,23.683884],[72.915014,23.684227],[72.915043,23.684484],[72.914785,23.684809],[72.914731,23.685352],[72.915881,23.686383],[72.916636,23.686632],[72.91713,23.686973],[72.918037,23.687009],[72.918409,23.687325],[72.919153,23.688242],[72.919742,23.68871],[72.920144,23.689516]]}},{"type":"Feature","properties":{"source_id":326,"stream_order":1},"geometry":{"type":"LineString","coordinates":[[72.910285,23.681447],[72.910234,23.682239],[72.911028,23.683051],[72.91109,23.683749],[72.91071,23.684155],[72.910081,23.684567],[72.909629,23.685545],[72.90994,23.686208]]}},{"type":"Feature","properties":{"source_id":327,"stream_order":1},"geometry":{"type":"LineString","coordinates":[[72.906829,23.682191],[72.906235,23.681734],[72.90578,23.681012],[72.905679,23.68079],[72.905787,23.680563],[72.905708,23.680303],[72.905305,23.679562],[72.904955,23.678067],[72.904722,23.677691],[72.905157,23.676483],[72.905598,23.676126],[72.906361,23.675802],[72.906593,23.675566],[72.907029,23.675505],[72.907137,23.675398]]}},{"type":"Feature","properties":{"source_id":328,"stream_order":1},"geometry":{"type":"LineString","coordinates":[[72.906902,23.680214],[72.907049,23.6795],[72.907751,23.678382],[72.907631,23.677453],[72.907692,23.676881],[72.908048,23.67662]]}},{"type":"Feature","properties":{"source_id":329,"stream_order":2},"geometry":{"type":"LineString","coordinates":[[72.904049,23.655471],[72.904353,23.655919],[72.904512,23.656638],[72.904742,23.656885],[72.906569,23.657426],[72.907317,23.657335],[72.907742,23.657069],[72.908275,23.657807],[72.908722,23.658042],[72.909371,23.659341],[72.909505,23.659716],[72.909362,23.659857],[72.90907,23.659638],[72.908697,23.659619],[72.908596,23.660076],[72.908671,23.660306],[72.90904,23.660584],[72.909769,23.660694],[72.909837,23.66134],[72.91011,23.661759],[72.910134,23.662232],[72.911278,23.662706],[72.911869,23.662714],[72.912187,23.663235],[72.91307,23.663519],[72.913424,23.663782],[72.914631,23.664199],[72.914642,23.664443],[72.914497,23.664799],[72.915036,23.665136],[72.915632,23.665847],[72.916145,23.665868],[72.916545,23.666146],[72.917028,23.666109],[72.917275,23.666256],[72.91759,23.666977],[72.918561,23.667534],[72.918789,23.667881],[72.918666,23.668768],[72.919066,23.669103],[72.919156,23.669291],[72.918996,23.66959],[72.919318,23.669895],[72.919737,23.669944],[72.921098,23.669503],[72.921565,23.669481],[72.923485,23.67008]]}},{"type":"Feature","properties":{"source_id":330,"stream_order":1},"geometry":{"type":"LineString","coordinates":[[72.920113,23.67636],[72.920695,23.675642],[72.921218,23.674713],[72.921642,23.673505],[72.921713,23.672932],[72.921221,23.670546],[72.920991,23.670037],[72.920426,23.669695]]}},{"type":"Feature","properties":{"source_id":331,"stream_order":1},"geometry":{"type":"LineString","coordinates":[[72.923485,23.67008],[72.923979,23.670048],[72.924462,23.669644],[72.925003,23.668877],[72.92523,23.668307],[72.925061,23.667884]]}},{"type":"Feature","properties":{"source_id":332,"stream_order":1},"geometry":{"type":"LineString","coordinates":[[72.916377,23.669242],[72.915774,23.668003],[72.916014,23.667576],[72.915864,23.66724],[72.915912,23.666631],[72.915534,23.665958],[72.915632,23.665847]]}},{"type":"Feature","properties":{"source_id":333,"stream_order":1},"geometry":{"type":"LineString","coordinates":[[72.908722,23.658042],[72.909133,23.657747],[72.910189,23.657848],[72.911621,23.657867],[72.912067,23.658203],[72.912751,23.658226],[72.914314,23.658778]]}},{"type":"Feature","properties":{"source_id":334,"stream_order":2},"geometry":{"type":"LineString","coordinates":[[72.900841,23.654611],[72.903685,23.654791],[72.903974,23.654556],[72.904533,23.654432],[72.904757,23.654256],[72.905276,23.654239],[72.90576,23.653971],[72.906303,23.65405],[72.907139,23.653655],[72.907981,23.65369],[72.908672,23.653472],[72.909104,23.653216],[72.909948,23.653119],[72.910159,23.652931],[72.910667,23.652795],[72.91079,23.652366],[72.911015,23.652083],[72.911338,23.652123],[72.912041,23.652813],[72.912407,23.652591],[72.912759,23.6525],[72.913315,23.65258],[72.913873,23.652539],[72.914307,23.652163],[72.916138,23.651973]]}},{"type":"Feature","properties":{"source_id":335,"stream_order":2},"geometry":{"type":"LineString","coordinates":[[72.904049,23.655471],[72.905329,23.655744],[72.905662,23.656036],[72.90577,23.655738],[72.906008,23.655479],[72.906424,23.655413],[72.906825,23.65549],[72.907228,23.655376],[72.908375,23.655809],[72.908841,23.655864],[72.909537,23.656124],[72.910014,23.656321],[72.91027,23.656552],[72.910788,23.656571],[72.911352,23.65616],[72.911599,23.656152],[72.912077,23.656254],[72.912937,23.656779],[72.913339,23.65682],[72.913781,23.656742],[72.914166,23.656126],[72.914808,23.655765],[72.915202,23.655448],[72.915631,23.655322],[72.916166,23.65595],[72.91659,23.656219],[72.916944,23.655973],[72.917281,23.655977],[72.917844,23.656451],[72.918763,23.656523],[72.920014,23.656946],[72.92042,23.656688]]}},{"type":"Feature","properties":{"source_id":336,"stream_order":1},"geometry":{"type":"LineString","coordinates":[[72.92042,23.656688],[72.921023,23.656302],[72.921896,23.656003],[72.923562,23.655655],[72.923491,23.655213],[72.923584,23.65507],[72.924323,23.655045],[72.924766,23.654919]]}},{"type":"Feature","properties":{"source_id":337,"stream_order":1},"geometry":{"type":"LineString","coordinates":[[72.92042,23.656688],[72.921215,23.657296],[72.92169,23.657565],[72.922584,23.657637]]}},{"type":"Feature","properties":{"source_id":338,"stream_order":1},"geometry":{"type":"LineString","coordinates":[[72.909948,23.653119],[72.910412,23.653329],[72.911176,23.653387],[72.913138,23.653927],[72.914269,23.653751],[72.914998,23.653534]]}},{"type":"Feature","properties":{"source_id":339,"stream_order":1},"geometry":{"type":"LineString","coordinates":[[72.916138,23.651973],[72.916559,23.65242],[72.916682,23.652852],[72.916965,23.653011],[72.918286,23.653112],[72.919235,23.652946],[72.91935,23.653067]]}},{"type":"Feature","properties":{"source_id":340,"stream_order":1},"geometry":{"type":"LineString","coordinates":[[72.898029,23.653368],[72.898573,23.652831],[72.899709,23.651951],[72.900523,23.652105],[72.901339,23.651788],[72.90342,23.652574],[72.903958,23.652569],[72.904298,23.652813],[72.905483,23.652901],[72.905906,23.652805],[72.90663,23.65251],[72.906809,23.652315]]}},{"type":"Feature","properties":{"source_id":341,"stream_order":1},"geometry":{"type":"LineString","coordinates":[[72.896084,23.65599],[72.896273,23.656336],[72.896558,23.656512],[72.896815,23.656974],[72.897368,23.657398],[72.897842,23.657483],[72.898077,23.657852],[72.898536,23.657872],[72.898632,23.658189],[72.899036,23.658173],[72.899186,23.658576],[72.899432,23.658751],[72.900127,23.659047],[72.90055,23.659849],[72.900624,23.6601],[72.900464,23.660342],[72.900767,23.660855],[72.901654,23.661347],[72.901974,23.661803],[72.90251,23.662319],[72.902603,23.662851],[72.902989,23.663035],[72.90347,23.66312],[72.90345,23.663378],[72.903599,23.663803],[72.903939,23.663979]]}},{"type":"Feature","properties":{"source_id":342,"stream_order":1},"geometry":{"type":"LineString","coordinates":[[72.896914,23.660864],[72.897281,23.660886],[72.897977,23.661147],[72.898114,23.661865],[72.898568,23.66218],[72.898942,23.662149],[72.899102,23.662344],[72.900024,23.662579],[72.900599,23.663103],[72.900794,23.663113]]}},{"type":"Feature","properties":{"source_id":343,"stream_order":1},"geometry":{"type":"LineString","coordinates":[[72.894883,23.661979],[72.894619,23.661488],[72.894734,23.661067],[72.894934,23.66074],[72.895329,23.660401],[72.895405,23.659912]]}},{"type":"Feature","properties":{"source_id":344,"stream_order":1},"geometry":{"type":"LineString","coordinates":[[72.895005,23.659017],[72.894979,23.659372],[72.894698,23.659468],[72.894471,23.659515],[72.894318,23.659399],[72.893694,23.65949],[72.893245,23.659362],[72.892918,23.659358],[72.892643,23.659512]]}},{"type":"Feature","properties":{"source_id":345,"stream_order":1},"geometry":{"type":"LineString","coordinates":[[72.897847,23.665564],[72.898418,23.667158],[72.898363,23.667716],[72.898598,23.668056]]}},{"type":"Feature","properties":{"source_id":346,"stream_order":1},"geometry":{"type":"LineString","coordinates":[[72.897445,23.666708],[72.897542,23.665992],[72.897663,23.665736],[72.897847,23.665564]]}},{"type":"Feature","properties":{"source_id":347,"stream_order":1},"geometry":{"type":"LineString","coordinates":[[72.893693,23.654275],[72.893757,23.654597],[72.893679,23.655076],[72.893361,23.655974],[72.893234,23.656618],[72.893237,23.657406]]}},{"type":"Feature","properties":{"source_id":348,"stream_order":1},"geometry":{"type":"LineString","coordinates":[[72.896084,23.65599],[72.896687,23.655762],[72.897401,23.655864],[72.897631,23.656083],[72.898057,23.656146],[72.898006,23.656439],[72.898268,23.656629],[72.898693,23.656771],[72.898688,23.6571],[72.899077,23.657098],[72.899493,23.657333],[72.900495,23.657461],[72.900853,23.657438],[72.901054,23.657555],[72.901525,23.658257],[72.902377,23.65897],[72.902996,23.659158],[72.904084,23.659273]]}},{"type":"Feature","properties":{"source_id":349,"stream_order":1},"geometry":{"type":"LineString","coordinates":[[72.900625,23.650101],[72.901503,23.650364],[72.901993,23.650349],[72.90237,23.650146],[72.902999,23.65019],[72.903386,23.649844],[72.903651,23.649834],[72.904014,23.649946],[72.904599,23.650355],[72.906154,23.650398],[72.906896,23.649268],[72.907303,23.649102],[72.908032,23.649248],[72.908668,23.648905],[72.909637,23.648582],[72.910206,23.647536],[72.91105,23.646845]]}},{"type":"Feature","properties":{"source_id":350,"stream_order":3},"geometry":{"type":"LineString","coordinates":[[72.868195,23.640562],[72.868442,23.640516],[72.868726,23.640281],[72.869077,23.640391],[72.869113,23.640706],[72.869361,23.640786],[72.869549,23.640684],[72.86964,23.640207],[72.869817,23.640171],[72.870301,23.64034],[72.87049,23.640257],[72.870737,23.639678],[72.871301,23.640096],[72.872746,23.640508],[72.872914,23.641026],[72.873625,23.641361],[72.874343,23.641179],[72.874716,23.641232],[72.87482,23.641817],[72.875357,23.642655],[72.876126,23.643163],[72.876991,23.643585],[72.878106,23.643897],[72.878562,23.643941],[72.878855,23.643745],[72.880231,23.643955],[72.88173,23.64429],[72.88223,23.644125],[72.882749,23.644142],[72.883273,23.644436],[72.884343,23.644307],[72.884941,23.644573]]}},{"type":"Feature","properties":{"source_id":351,"stream_order":1},"geometry":{"type":"LineString","coordinates":[[72.899322,23.642925],[72.900819,23.642744]]}},{"type":"Feature","properties":{"source_id":352,"stream_order":1},"geometry":{"type":"LineString","coordinates":[[72.891529,23.645617],[72.891516,23.645255],[72.891742,23.644723],[72.892589,23.644305],[72.893146,23.643873],[72.89357,23.643305],[72.894022,23.642939],[72.894487,23.642372],[72.895947,23.641254],[72.896806,23.640702],[72.897469,23.6401],[72.897475,23.639727],[72.897121,23.63914],[72.897156,23.638901],[72.897377,23.638713],[72.897414,23.63837],[72.897187,23.637612],[72.897248,23.637058],[72.896801,23.63646],[72.8966,23.636056],[72.896589,23.635492],[72.896723,23.634873],[72.897162,23.63398]]}},{"type":"Feature","properties":{"source_id":353,"stream_order":2},"geometry":{"type":"LineString","coordinates":[[72.884941,23.644573],[72.885548,23.644378],[72.886231,23.644651],[72.886871,23.644373],[72.887841,23.643705],[72.888567,23.643715],[72.888759,23.643861],[72.888975,23.643302],[72.88942,23.643046],[72.88971,23.642775],[72.890481,23.642391],[72.890577,23.642058],[72.890841,23.641739],[72.891179,23.641708],[72.891288,23.641375],[72.891615,23.6412]]}},{"type":"Feature","properties":{"source_id":354,"stream_order":1},"geometry":{"type":"LineString","coordinates":[[72.894177,23.64071],[72.893877,23.640801],[72.893678,23.641085],[72.893261,23.641211],[72.892497,23.641153],[72.891845,23.641395],[72.891615,23.6412]]}},{"type":"Feature","properties":{"source_id":355,"stream_order":1},"geometry":{"type":"LineString","coordinates":[[72.887029,23.65742],[72.88657,23.656945],[72.885318,23.656078],[72.884814,23.655823],[72.884088,23.655813],[72.883645,23.655663],[72.882899,23.654965],[72.882629,23.654971],[72.882269,23.654766],[72.881771,23.654797],[72.881419,23.655135]]}},{"type":"Feature","properties":{"source_id":356,"stream_order":1},"geometry":{"type":"LineString","coordinates":[[72.880936,23.652],[72.881496,23.6525],[72.881836,23.652657],[72.882374,23.65277]]}},{"type":"Feature","properties":{"source_id":357,"stream_order":2},"geometry":{"type":"LineString","coordinates":[[72.884498,23.649957],[72.884048,23.650576],[72.884076,23.651446],[72.884465,23.651757],[72.884091,23.652402]]}},{"type":"Feature","properties":{"source_id":358,"stream_order":1},"geometry":{"type":"LineString","coordinates":[[72.886653,23.653727],[72.886134,23.653098],[72.88614,23.652057],[72.885875,23.651795],[72.885268,23.651462],[72.885158,23.651193],[72.885152,23.650935],[72.885398,23.650665]]}},{"type":"Feature","properties":{"source_id":359,"stream_order":1},"geometry":{"type":"LineString","coordinates":[[72.889737,23.651235],[72.889331,23.651651],[72.889122,23.652432],[72.88893,23.652735],[72.888842,23.653049],[72.888838,23.653317],[72.88905,23.653645],[72.888989,23.654217],[72.889096,23.654677],[72.889058,23.655116]]}},{"type":"Feature","properties":{"source_id":360,"stream_order":1},"geometry":{"type":"LineString","coordinates":[[72.890432,23.656081],[72.890583,23.65571],[72.890371,23.654733],[72.890399,23.654303],[72.890225,23.654148],[72.890209,23.653842],[72.890255,23.653527],[72.890507,23.653236]]}},{"type":"Feature","properties":{"source_id":361,"stream_order":1},"geometry":{"type":"LineString","coordinates":[[72.887533,23.653825],[72.887337,23.653096],[72.887322,23.652732],[72.887587,23.652411],[72.887888,23.651756],[72.887816,23.651067],[72.88808,23.650746],[72.888409,23.650496]]}},{"type":"Feature","properties":{"source_id":362,"stream_order":1},"geometry":{"type":"LineString","coordinates":[[72.881949,23.651446],[72.882276,23.651144],[72.882922,23.650952],[72.883174,23.650727],[72.883789,23.650572],[72.884048,23.650576]]}},{"type":"Feature","properties":{"source_id":363,"stream_order":1},"geometry":{"type":"LineString","coordinates":[[72.883109,23.652216],[72.883246,23.652084],[72.883442,23.652125],[72.883652,23.651994],[72.883687,23.651737],[72.883865,23.651663],[72.884076,23.651446]]}},{"type":"Feature","properties":{"source_id":364,"stream_order":1},"geometry":{"type":"LineString","coordinates":[[72.883728,23.653696],[72.88395,23.65346],[72.883934,23.653145],[72.884091,23.652402]]}},{"type":"Feature","properties":{"source_id":365,"stream_order":1},"geometry":{"type":"LineString","coordinates":[[72.879841,23.649336],[72.880578,23.649461],[72.88118,23.649763],[72.88134,23.649959],[72.881171,23.650315],[72.881475,23.650799],[72.881508,23.651115]]}},{"type":"Feature","properties":{"source_id":366,"stream_order":1},"geometry":{"type":"LineString","coordinates":[[72.880002,23.650485],[72.880014,23.650206],[72.879852,23.649644],[72.879841,23.649336]]}},{"type":"Feature","properties":{"source_id":367,"stream_order":1},"geometry":{"type":"LineString","coordinates":[[72.879395,23.649968],[72.879411,23.649473],[72.879055,23.649383],[72.878644,23.649391]]}},{"type":"Feature","properties":{"source_id":368,"stream_order":1},"geometry":{"type":"LineString","coordinates":[[72.877071,23.646452],[72.877698,23.646168],[72.877931,23.646207],[72.878161,23.645938],[72.878302,23.645882],[72.878673,23.646059],[72.878992,23.646064],[72.879183,23.645794],[72.879376,23.645875],[72.879536,23.646064],[72.88042,23.646241],[72.881114,23.646136],[72.881626,23.646236],[72.88211,23.646106],[72.882356,23.646296],[72.882377,23.646433],[72.882595,23.646471]]}},{"type":"Feature","properties":{"source_id":369,"stream_order":1},"geometry":{"type":"LineString","coordinates":[[72.881093,23.646931],[72.879764,23.646891],[72.879146,23.646991]]}},{"type":"Feature","properties":{"source_id":370,"stream_order":1},"geometry":{"type":"LineString","coordinates":[[72.878855,23.643745],[72.879391,23.643642],[72.879726,23.643456],[72.880424,23.643274],[72.881699,23.643311],[72.882096,23.643115],[72.882595,23.643046],[72.882767,23.642704],[72.883002,23.641637],[72.883316,23.640801],[72.88341,23.640725]]}},{"type":"Feature","properties":{"source_id":371,"stream_order":2},"geometry":{"type":"LineString","coordinates":[[72.875023,23.642133],[72.875464,23.642079],[72.875873,23.641826],[72.876334,23.642056]]}},{"type":"Feature","properties":{"source_id":372,"stream_order":1},"geometry":{"type":"LineString","coordinates":[[72.876334,23.642056],[72.876789,23.641638],[72.877055,23.641843],[72.877365,23.641293],[72.877789,23.641365],[72.877846,23.641041]]}},{"type":"Feature","properties":{"source_id":373,"stream_order":1},"geometry":{"type":"LineString","coordinates":[[72.875873,23.641826],[72.876115,23.641639],[72.875952,23.641436],[72.875944,23.641311],[72.876225,23.64121],[72.876398,23.640792],[72.876929,23.640665]]}},{"type":"Feature","properties":{"source_id":374,"stream_order":1},"geometry":{"type":"LineString","coordinates":[[72.87482,23.641817],[72.874976,23.64147],[72.874981,23.641174],[72.875478,23.640598],[72.875536,23.640226],[72.875893,23.639944]]}},{"type":"Feature","properties":{"source_id":375,"stream_order":1},"geometry":{"type":"LineString","coordinates":[[72.872746,23.640508],[72.873531,23.640447],[72.874118,23.640035],[72.874596,23.639315],[72.875006,23.639015],[72.875156,23.638692],[72.875293,23.638589]]}},{"type":"Feature","properties":{"source_id":376,"stream_order":3},"geometry":{"type":"LineString","coordinates":[[72.866619,23.636981],[72.867731,23.637348],[72.868735,23.637497],[72.869278,23.637866],[72.869652,23.637881],[72.869626,23.638177],[72.86998,23.638067],[72.870427,23.638054],[72.870859,23.63826],[72.871051,23.638263]]}},{"type":"Feature","properties":{"source_id":377,"stream_order":1},"geometry":{"type":"LineString","coordinates":[[72.876188,23.638105],[72.876883,23.638032],[72.877529,23.638481],[72.877942,23.638639],[72.879953,23.638036],[72.880362,23.637755],[72.880777,23.637751],[72.881495,23.637608],[72.88219,23.636968],[72.882698,23.636984],[72.882983,23.636692],[72.884642,23.636027],[72.885222,23.636121],[72.885596,23.636049],[72.886362,23.636127],[72.886784,23.636333],[72.887098,23.636204],[72.88729,23.636512],[72.887529,23.636439],[72.887854,23.635631],[72.888457,23.635486],[72.889292,23.635154]]}},{"type":"Feature","properties":{"source_id":378,"stream_order":1},"geometry":{"type":"LineString","coordinates":[[72.874014,23.637143],[72.87362,23.636545],[72.873708,23.636183],[72.87392,23.635899],[72.873976,23.635652],[72.873845,23.635401],[72.874006,23.635088]]}},{"type":"Feature","properties":{"source_id":379,"stream_order":1},"geometry":{"type":"LineString","coordinates":[[72.874014,23.637143],[72.874313,23.63664],[72.874794,23.636399],[72.875037,23.636106],[72.876407,23.636058],[72.876923,23.635577],[72.877423,23.635412],[72.878087,23.635393]]}},{"type":"Feature","properties":{"source_id":380,"stream_order":1},"geometry":{"type":"LineString","coordinates":[[72.876188,23.638105],[72.876307,23.637738],[72.876642,23.637532],[72.877164,23.637348],[72.8776,23.636695],[72.878183,23.63655]]}},{"type":"Feature","properties":{"source_id":381,"stream_order":1},"geometry":{"type":"LineString","coordinates":[[72.868073,23.628729],[72.868593,23.62929],[72.869293,23.629625],[72.869985,23.630399],[72.871196,23.630568],[72.871743,23.630748],[72.872283,23.630688],[72.872827,23.630409],[72.873884,23.630433],[72.8745,23.630843],[72.875909,23.630939],[72.878112,23.631303],[72.878365,23.631689],[72.879179,23.631385],[72.879355,23.631406],[72.879827,23.631728],[72.880675,23.631864],[72.881187,23.631622],[72.882458,23.631296],[72.883815,23.631343],[72.884274,23.631206],[72.884248,23.630871],[72.88605,23.630418],[72.886312,23.630899],[72.88725,23.630559],[72.88751,23.630533],[72.888207,23.631059],[72.888613,23.631638],[72.889128,23.631845]]}},{"type":"Feature","properties":{"source_id":382,"stream_order":1},"geometry":{"type":"LineString","coordinates":[[72.869031,23.628503],[72.869385,23.628374],[72.869701,23.628723],[72.870084,23.628804],[72.870655,23.628726],[72.871221,23.62903],[72.8718,23.629153],[72.87218,23.629378],[72.872813,23.629348]]}},{"type":"Feature","properties":{"source_id":383,"stream_order":1},"geometry":{"type":"LineString","coordinates":[[72.870423,23.626449],[72.871073,23.626611],[72.871385,23.626596],[72.871722,23.626868],[72.872201,23.626789],[72.873511,23.627839],[72.874905,23.628259],[72.875588,23.628297],[72.876015,23.628217],[72.87647,23.628281],[72.87662,23.628015],[72.876994,23.627963],[72.87772,23.627954],[72.878123,23.628045],[72.878451,23.62826],[72.878887,23.628266],[72.8792,23.628136],[72.879615,23.628152],[72.87995,23.627936],[72.880429,23.627838],[72.880884,23.627911],[72.881324,23.627602],[72.881528,23.627174],[72.881848,23.627265],[72.882826,23.627106],[72.882974,23.626927],[72.883224,23.626844],[72.883967,23.627064],[72.884552,23.626833],[72.885308,23.626901],[72.885646,23.627125],[72.886028,23.627226],[72.886387,23.62747],[72.887805,23.62705]]}},{"type":"Feature","properties":{"source_id":384,"stream_order":1},"geometry":{"type":"LineString","coordinates":[[72.870807,23.625738],[72.872654,23.625706],[72.873453,23.626338],[72.8737,23.626408],[72.874234,23.626119],[72.874517,23.626543],[72.875317,23.626449],[72.875887,23.626505],[72.876244,23.626242],[72.876786,23.626039],[72.876802,23.625724],[72.877146,23.625586],[72.877704,23.625717],[72.878036,23.625703],[72.878372,23.62544],[72.878776,23.625512],[72.881091,23.625362],[72.881556,23.625445],[72.881652,23.625255],[72.882029,23.62507],[72.88246,23.624703],[72.883948,23.624379],[72.884391,23.623907],[72.884726,23.623711],[72.885066,23.623248],[72.88557,23.622853],[72.886009,23.62262],[72.886463,23.62277],[72.887054,23.622787],[72.887638,23.622566],[72.887884,23.622761],[72.888309,23.622757],[72.888587,23.622894],[72.889017,23.622556],[72.889252,23.622808],[72.889646,23.622823],[72.890885,23.621884],[72.892238,23.621539]]}},{"type":"Feature","properties":{"source_id":385,"stream_order":1},"geometry":{"type":"LineString","coordinates":[[72.87105,23.625542],[72.871858,23.624892],[72.873547,23.624323],[72.876167,23.622677]]}},{"type":"Feature","properties":{"source_id":386,"stream_order":1},"geometry":{"type":"LineString","coordinates":[[72.87105,23.625542],[72.871133,23.624175],[72.871658,23.623829],[72.871694,23.623476],[72.872412,23.622683],[72.872535,23.622121]]}},{"type":"Feature","properties":{"source_id":387,"stream_order":2},"geometry":{"type":"LineString","coordinates":[[72.864571,23.643329],[72.864805,23.64326],[72.865254,23.643565],[72.865361,23.643376],[72.865811,23.643573],[72.865833,23.643036],[72.866015,23.64299],[72.866683,23.644158],[72.867377,23.644562],[72.867806,23.645296],[72.868394,23.645782],[72.869247,23.645973],[72.870289,23.646489],[72.87156,23.647247],[72.871969,23.647647],[72.872331,23.647688],[72.872593,23.648312],[72.872299,23.64887],[72.872227,23.649275],[72.8729,23.65018]]}},{"type":"Feature","properties":{"source_id":388,"stream_order":2},"geometry":{"type":"LineString","coordinates":[[72.879514,23.652578],[72.878996,23.652437],[72.877828,23.652517],[72.877351,23.652355],[72.877168,23.652436],[72.877162,23.65283],[72.876583,23.65336],[72.876663,23.65419],[72.87652,23.655344],[72.876556,23.655679],[72.876364,23.656001],[72.876649,23.656349]]}},{"type":"Feature","properties":{"source_id":389,"stream_order":1},"geometry":{"type":"LineString","coordinates":[[72.876677,23.664223],[72.876346,23.663501],[72.876215,23.66198],[72.876002,23.661681],[72.87553,23.661398],[72.875131,23.66102],[72.87484,23.660404],[72.874829,23.659821],[72.875203,23.659176],[72.875325,23.658681],[72.875704,23.658304],[72.87591,23.657772],[72.875984,23.657009],[72.876649,23.656349]]}},{"type":"Feature","properties":{"source_id":390,"stream_order":1},"geometry":{"type":"LineString","coordinates":[[72.879367,23.658899],[72.87924,23.658381],[72.879255,23.657445],[72.878302,23.656735],[72.877427,23.656321],[72.876552,23.655641]]}},{"type":"Feature","properties":{"source_id":391,"stream_order":1},"geometry":{"type":"LineString","coordinates":[[72.877074,23.651185],[72.876544,23.649984],[72.876287,23.649837],[72.876147,23.6495],[72.875224,23.648867],[72.87469,23.649184],[72.874136,23.650046],[72.8729,23.65018]]}},{"type":"Feature","properties":{"source_id":392,"stream_order":1},"geometry":{"type":"LineString","coordinates":[[72.870016,23.652149],[72.870218,23.651837],[72.870233,23.65156],[72.87083,23.651176],[72.870937,23.650356],[72.871745,23.649746],[72.872227,23.649275]]}},{"type":"Feature","properties":{"source_id":393,"stream_order":1},"geometry":{"type":"LineString","coordinates":[[72.869372,23.649637],[72.869329,23.649101],[72.869415,23.648271],[72.869349,23.647859],[72.869089,23.647215],[72.869011,23.64592]]}},{"type":"Feature","properties":{"source_id":394,"stream_order":2},"geometry":{"type":"LineString","coordinates":[[72.864571,23.643329],[72.864289,23.64328],[72.864007,23.643381],[72.863542,23.643919],[72.863387,23.643879],[72.863265,23.643705],[72.862972,23.643911],[72.862945,23.644264],[72.863096,23.644572],[72.862577,23.644575],[72.862424,23.6444],[72.862055,23.644768],[72.862103,23.645027],[72.86186,23.645272],[72.862325,23.646052],[72.862688,23.646057],[72.862871,23.646299],[72.86297,23.646587],[72.86283,23.64689],[72.862815,23.647158],[72.862958,23.647284],[72.862849,23.647636],[72.863165,23.647956],[72.863426,23.648485],[72.863871,23.648567],[72.864033,23.64878]]}},{"type":"Feature","properties":{"source_id":395,"stream_order":1},"geometry":{"type":"LineString","coordinates":[[72.862728,23.652526],[72.86266,23.65157],[72.863345,23.650949],[72.863445,23.65053],[72.863811,23.649675],[72.86381,23.64914],[72.864033,23.64878]]}},{"type":"Feature","properties":{"source_id":396,"stream_order":1},"geometry":{"type":"LineString","coordinates":[[72.867608,23.644958],[72.8673,23.645605],[72.867029,23.645735],[72.866353,23.64585],[72.866149,23.646277],[72.865405,23.647327],[72.865113,23.648088],[72.865203,23.64892],[72.865787,23.649368],[72.866367,23.650045],[72.866586,23.650611],[72.867177,23.651317],[72.86698,23.651926]]}},{"type":"Feature","properties":{"source_id":397,"stream_order":1},"geometry":{"type":"LineString","coordinates":[[72.867912,23.648833],[72.867938,23.647888],[72.867757,23.646853],[72.867762,23.645221]]}},{"type":"Feature","properties":{"source_id":398,"stream_order":3},"geometry":{"type":"LineString","coordinates":[[72.864228,23.64207],[72.863778,23.641834],[72.86312,23.641658],[72.861606,23.641482],[72.861172,23.641811],[72.860835,23.641854],[72.860008,23.641639],[72.859353,23.641308],[72.858952,23.641254],[72.858545,23.642324],[72.858137,23.642712],[72.858014,23.643285]]}},{"type":"Feature","properties":{"source_id":399,"stream_order":1},"geometry":{"type":"LineString","coordinates":[[72.854249,23.644548],[72.854489,23.644121],[72.855016,23.643749],[72.855439,23.643597],[72.85582,23.643624],[72.856103,23.643886]]}},{"type":"Feature","properties":{"source_id":400,"stream_order":1},"geometry":{"type":"LineString","coordinates":[[72.855239,23.64487],[72.855828,23.64409],[72.856103,23.643886]]}},{"type":"Feature","properties":{"source_id":401,"stream_order":1},"geometry":{"type":"LineString","coordinates":[[72.856361,23.644763],[72.856592,23.643986],[72.856546,23.643892]]}},{"type":"Feature","properties":{"source_id":402,"stream_order":1},"geometry":{"type":"LineString","coordinates":[[72.857602,23.64372],[72.857553,23.644199],[72.857075,23.644852],[72.857211,23.645091],[72.857153,23.645785],[72.856901,23.645996],[72.856809,23.646425],[72.857066,23.64688],[72.856968,23.647638],[72.856628,23.648443],[72.856335,23.648755],[72.856129,23.649468],[72.85623,23.649964],[72.855457,23.652053]]}},{"type":"Feature","properties":{"source_id":403,"stream_order":1},"geometry":{"type":"LineString","coordinates":[[72.858078,23.650606],[72.85835,23.650144],[72.858356,23.649793],[72.85807,23.649209],[72.85825,23.648652],[72.858554,23.648169],[72.858719,23.647555],[72.85851,23.647058],[72.858515,23.646728],[72.858792,23.646445],[72.858923,23.646053]]}},{"type":"Feature","properties":{"source_id":404,"stream_order":1},"geometry":{"type":"LineString","coordinates":[[72.858923,23.646053],[72.859303,23.646567],[72.859666,23.646766],[72.860425,23.647414],[72.860412,23.648202]]}},{"type":"Feature","properties":{"source_id":405,"stream_order":1},"geometry":{"type":"LineString","coordinates":[[72.865325,23.645085],[72.863961,23.64478],[72.863605,23.644345],[72.863306,23.644217],[72.862952,23.644169]]}},{"type":"Feature","properties":{"source_id":406,"stream_order":4},"geometry":{"type":"LineString","coordinates":[[72.813616,23.796659],[72.815845,23.799363],[72.815755,23.801654],[72.814309,23.804285],[72.814323,23.805026],[72.813532,23.805755],[72.815608,23.80889],[72.815796,23.810039],[72.8156,23.810944],[72.816834,23.813207],[72.817034,23.81524],[72.816882,23.816552],[72.815087,23.821376],[72.813927,23.822434],[72.81267,23.823109],[72.810319,23.823911],[72.809754,23.825074],[72.810891,23.826977],[72.812821,23.828032],[72.814463,23.829225],[72.81618,23.829035],[72.817248,23.828811],[72.81792,23.829012],[72.818445,23.830213],[72.818785,23.831604],[72.819693,23.831664],[72.82198,23.831553],[72.823093,23.83176],[72.823777,23.832797],[72.823668,23.834635],[72.824304,23.835432],[72.826952,23.837046],[72.828547,23.837928],[72.831238,23.836963],[72.831274,23.836342],[72.831473,23.835294],[72.832078,23.834849],[72.835041,23.834675],[72.836227,23.835218],[72.837118,23.836305],[72.838164,23.835866],[72.840188,23.834342],[72.84173,23.835343],[72.842875,23.836768],[72.843654,23.839932],[72.84569,23.842421],[72.847778,23.843358],[72.851156,23.846367],[72.853266,23.847591],[72.854339,23.847999],[72.85694,23.846806],[72.859455,23.847056],[72.859855,23.846416],[72.860834,23.845355],[72.861516,23.844935],[72.862456,23.844637],[72.863446,23.844436],[72.864152,23.844159],[72.864374,23.843278],[72.864286,23.842298],[72.864681,23.841969],[72.864536,23.841322],[72.865144,23.840637],[72.865797,23.840408],[72.868395,23.840372],[72.869881,23.84001],[72.870911,23.840526],[72.872074,23.840877],[72.873332,23.840201],[72.874113,23.840045],[72.875096,23.840321],[72.876496,23.84046],[72.877448,23.840999],[72.877952,23.841937],[72.878559,23.842336],[72.880393,23.841923],[72.881539,23.841748],[72.882602,23.84181],[72.884201,23.842525],[72.885189,23.842467],[72.886256,23.841503],[72.887052,23.841274],[72.888576,23.841773],[72.888819,23.842827],[72.888957,23.843904],[72.889668,23.844893],[72.889651,23.845968],[72.889807,23.84757],[72.88964,23.849813],[72.890014,23.850798],[72.891412,23.851104],[72.89318,23.850961],[72.894456,23.852364],[72.898176,23.853609],[72.900253,23.855261],[72.901756,23.855473],[72.902884,23.854796],[72.904091,23.855397],[72.905498,23.855912],[72.906195,23.857126],[72.906704,23.858437],[72.90741,23.859106],[72.907843,23.859312],[72.908594,23.859136],[72.909106,23.858283],[72.909801,23.857734],[72.910503,23.857643],[72.911464,23.857985],[72.912306,23.858914],[72.912531,23.859462],[72.913781,23.861242],[72.915176,23.86364],[72.916093,23.86573],[72.916064,23.866576],[72.916441,23.869333],[72.917872,23.871445],[72.919102,23.872493],[72.919922,23.873837],[72.919837,23.87526],[72.919545,23.876613],[72.919468,23.877548],[72.920181,23.878456]]}},{"type":"Feature","properties":{"source_id":407,"stream_order":1},"geometry":{"type":"LineString","coordinates":[[72.947202,23.899209],[72.947569,23.899711],[72.947984,23.899717],[72.948084,23.900005],[72.948541,23.900011],[72.949222,23.900307],[72.949679,23.900351],[72.94979,23.899875],[72.950846,23.900118],[72.952084,23.900689],[72.952348,23.901132],[72.952719,23.90129],[72.952811,23.900737],[72.953284,23.901049],[72.954008,23.901288],[72.954957,23.90174],[72.955035,23.902047],[72.954885,23.90237],[72.955132,23.902487],[72.955619,23.901959],[72.956861,23.902243],[72.958304,23.901727],[72.959218,23.90172]]}},{"type":"Feature","properties":{"source_id":408,"stream_order":1},"geometry":{"type":"LineString","coordinates":[[72.957534,23.899156],[72.956688,23.898705],[72.956151,23.898507],[72.956034,23.898009],[72.955597,23.898079],[72.954821,23.898508],[72.953011,23.89858],[72.952693,23.89833]]}},{"type":"Feature","properties":{"source_id":409,"stream_order":1},"geometry":{"type":"LineString","coordinates":[[72.940363,23.892697],[72.940962,23.892915],[72.941362,23.892634],[72.942254,23.892703],[72.942985,23.892522],[72.943733,23.892494],[72.944235,23.892328],[72.944814,23.892489]]}},{"type":"Feature","properties":{"source_id":410,"stream_order":1},"geometry":{"type":"LineString","coordinates":[[72.936702,23.895534],[72.935717,23.894699],[72.935683,23.894259],[72.935396,23.894006],[72.934814,23.89396],[72.933917,23.892859],[72.933462,23.892776],[72.93285,23.892023],[72.932489,23.891177],[72.931817,23.890327],[72.931561,23.889445],[72.930529,23.888991],[72.930147,23.888203],[72.928775,23.886885],[72.928514,23.886327]]}},{"type":"Feature","properties":{"source_id":411,"stream_order":2},"geometry":{"type":"LineString","coordinates":[[72.932999,23.889216],[72.933975,23.889229],[72.934677,23.889525],[72.935204,23.889092],[72.935946,23.889427],[72.936302,23.889279],[72.936437,23.88865],[72.936772,23.888502],[72.937704,23.888705],[72.938158,23.888884],[72.938561,23.888354],[72.939174,23.889031],[72.940271,23.889332],[72.941417,23.889137],[72.942317,23.888748],[72.942758,23.888448],[72.943567,23.888555],[72.944684,23.888894],[72.945444,23.888159],[72.946782,23.886343],[72.947266,23.885967],[72.948245,23.885827],[72.950339,23.884804],[72.952552,23.884222],[72.952849,23.883824],[72.953404,23.884195],[72.954198,23.8839],[72.954829,23.883469],[72.956051,23.883733],[72.957176,23.883519],[72.957512,23.883313],[72.957579,23.883008],[72.957934,23.882936],[72.958176,23.883417],[72.959074,23.883105],[72.95972,23.883037]]}},{"type":"Feature","properties":{"source_id":412,"stream_order":1},"geometry":{"type":"LineString","coordinates":[[72.95972,23.883037],[72.959924,23.882619],[72.960113,23.882478],[72.960432,23.882998],[72.961273,23.882049],[72.962749,23.882355],[72.963589,23.882452],[72.964088,23.88243],[72.964467,23.882163],[72.965028,23.882128],[72.965623,23.881992],[72.965901,23.88211],[72.966004,23.882542],[72.966675,23.882508],[72.967137,23.882829],[72.967479,23.882877],[72.967833,23.883168],[72.968062,23.883472],[72.96846,23.882976],[72.968576,23.882533],[72.96889,23.882365],[72.969593,23.882274],[72.971619,23.882286],[72.972088,23.882178],[72.972331,23.881593],[72.972869,23.881084],[72.973644,23.881353],[72.973726,23.881124],[72.974827,23.880508],[72.97503,23.880482]]}},{"type":"Feature","properties":{"source_id":413,"stream_order":1},"geometry":{"type":"LineString","coordinates":[[72.945444,23.888159],[72.945727,23.888271],[72.945845,23.888654],[72.946919,23.889089],[72.94758,23.889346],[72.948617,23.889513],[72.949526,23.889869],[72.951349,23.890257],[72.952893,23.891194],[72.954134,23.891555],[72.954691,23.891811]]}},{"type":"Feature","properties":{"source_id":414,"stream_order":1},"geometry":{"type":"LineString","coordinates":[[72.932768,23.881084],[72.933453,23.881112],[72.933676,23.881478],[72.934341,23.881487],[72.935059,23.882051],[72.935727,23.881869],[72.936961,23.882707],[72.937332,23.882903],[72.937872,23.882948],[72.938488,23.883396]]}},{"type":"Feature","properties":{"source_id":415,"stream_order":1},"geometry":{"type":"LineString","coordinates":[[72.932768,23.881084],[72.932674,23.880452],[72.93316,23.87998],[72.933557,23.879833],[72.934493,23.879769],[72.935037,23.879528],[72.935357,23.879035],[72.935423,23.878769]]}},{"type":"Feature","properties":{"source_id":416,"stream_order":2},"geometry":{"type":"LineString","coordinates":[[72.919152,23.880519],[72.918954,23.880706],[72.917974,23.880884],[72.917742,23.881091],[72.91733,23.880875],[72.916873,23.880888],[72.916223,23.881242],[72.915819,23.881772],[72.915147,23.882222],[72.914444,23.882021],[72.914272,23.882382],[72.914266,23.882764],[72.913843,23.883198]]}},{"type":"Feature","properties":{"source_id":417,"stream_order":2},"geometry":{"type":"LineString","coordinates":[[72.919152,23.880519],[72.919469,23.880792],[72.919631,23.881236],[72.919627,23.881475],[72.920169,23.881709],[72.920359,23.882034],[72.920457,23.882382],[72.920239,23.883024],[72.920403,23.883313],[72.920436,23.883719],[72.920881,23.884299],[72.920827,23.885218],[72.920933,23.885912]]}},{"type":"Feature","properties":{"source_id":418,"stream_order":1},"geometry":{"type":"LineString","coordinates":[[72.920623,23.887436],[72.920408,23.887087],[72.920495,23.886491],[72.920763,23.886017],[72.920933,23.885912]]}},{"type":"Feature","properties":{"source_id":419,"stream_order":1},"geometry":{"type":"LineString","coordinates":[[72.919148,23.88627],[72.920249,23.884851],[72.920255,23.884457],[72.92056,23.883903]]}},{"type":"Feature","properties":{"source_id":420,"stream_order":1},"geometry":{"type":"LineString","coordinates":[[72.920102,23.879059],[72.921006,23.879714],[72.921068,23.879906],[72.920973,23.880167],[72.921173,23.880648],[72.922032,23.881376],[72.922431,23.881573],[72.924105,23.881715],[72.924852,23.882071],[72.925095,23.882325],[72.924853,23.882847],[72.924925,23.883195],[72.924673,23.883514],[72.924694,23.883837],[72.925,23.884235],[72.925031,23.884713],[72.924545,23.885077],[72.924589,23.885579],[72.924677,23.885735],[72.924621,23.885974],[72.92486,23.886478],[72.92484,23.886908]]}},{"type":"Feature","properties":{"source_id":421,"stream_order":1},"geometry":{"type":"LineString","coordinates":[[72.92484,23.886908],[72.924259,23.887497],[72.923848,23.888053],[72.923562,23.888885]]}},{"type":"Feature","properties":{"source_id":422,"stream_order":1},"geometry":{"type":"LineString","coordinates":[[72.930088,23.884471],[72.929167,23.883527],[72.928744,23.883198],[72.927583,23.882681],[72.926642,23.88248]]}},{"type":"Feature","properties":{"source_id":423,"stream_order":1},"geometry":{"type":"LineString","coordinates":[[72.913843,23.883198],[72.912659,23.883471],[72.912461,23.883659],[72.911909,23.883281],[72.911663,23.883242],[72.911374,23.883429],[72.910819,23.883207],[72.91064,23.883049],[72.910122,23.88211],[72.909942,23.881989],[72.908894,23.881759]]}},{"type":"Feature","properties":{"source_id":424,"stream_order":2},"geometry":{"type":"LineString","coordinates":[[72.918437,23.871926],[72.919481,23.871469],[72.920421,23.872098],[72.920998,23.872106],[72.921648,23.872372],[72.922287,23.872395],[72.922452,23.871796],[72.922627,23.871612],[72.923703,23.871569],[72.923962,23.871916],[72.924147,23.872033],[72.924189,23.872378],[72.924354,23.872767],[72.925111,23.873179],[72.927826,23.872986],[72.928358,23.87285],[72.928689,23.872654],[72.928952,23.872772],[72.928821,23.873114],[72.929082,23.873376],[72.929506,23.873181],[72.930054,23.873059],[72.930924,23.873243],[72.931687,23.873267],[72.932237,23.873002],[72.932854,23.873355],[72.933479,23.873263],[72.933757,23.873424],[72.934133,23.873343],[72.934781,23.87371],[72.935561,23.873663],[72.935992,23.873975]]}},{"type":"Feature","properties":{"source_id":425,"stream_order":1},"geometry":{"type":"LineString","coordinates":[[72.935992,23.873975],[72.937241,23.873901],[72.937985,23.874154],[72.938553,23.873718],[72.939077,23.874097],[72.939706,23.873776],[72.940375,23.873828],[72.940954,23.873664],[72.942376,23.873468],[72.942761,23.873717],[72.943181,23.873765],[72.943706,23.874102],[72.944265,23.874253]]}},{"type":"Feature","properties":{"source_id":426,"stream_order":1},"geometry":{"type":"LineString","coordinates":[[72.919481,23.871469],[72.91935,23.871214],[72.919728,23.870961],[72.921215,23.870565],[72.921703,23.870257],[72.922468,23.870181],[72.922794,23.870228],[72.923223,23.869747],[72.923371,23.869247],[72.923624,23.869007],[72.924199,23.869115]]}},{"type":"Feature","properties":{"source_id":428,"stream_order":2},"geometry":{"type":"LineString","coordinates":[[72.91241,23.847478],[72.912517,23.847642],[72.912257,23.847898],[72.912158,23.848313],[72.912254,23.849103],[72.912921,23.849341],[72.913276,23.850507],[72.912847,23.851003],[72.91272,23.852148],[72.913296,23.852184],[72.913448,23.852401],[72.913316,23.852858],[72.913965,23.853211],[72.913686,23.854096],[72.913856,23.854184],[72.914482,23.85402],[72.916161,23.854287],[72.915318,23.855307],[72.915451,23.855796],[72.916022,23.856162],[72.916945,23.855931],[72.917804,23.855814],[72.918393,23.85598],[72.918636,23.856413],[72.919432,23.857298],[72.919649,23.857387],[72.919622,23.857085],[72.919765,23.856915],[72.920124,23.85692],[72.920726,23.857272],[72.92084,23.857919],[72.92077,23.85842],[72.921105,23.858897],[72.921145,23.859299],[72.921761,23.859795],[72.922632,23.860881],[72.92329,23.860646],[72.923892,23.860999],[72.924365,23.861636],[72.92423,23.862322],[72.924554,23.862527],[72.924958,23.862561],[72.925438,23.862797],[72.926022,23.863263],[72.926298,23.863597],[72.926244,23.864054],[72.926398,23.864114],[72.926715,23.863832],[72.926768,23.863402],[72.92728,23.863581],[72.927524,23.863871],[72.928163,23.863865],[72.928505,23.863956],[72.929054,23.864723],[72.929552,23.864773],[72.929781,23.865034],[72.929514,23.865202],[72.929557,23.865446],[72.929898,23.865537],[72.93014,23.865999],[72.930388,23.866088],[72.930717,23.865949],[72.931364,23.866445],[72.931491,23.867293],[72.931359,23.867735],[72.931725,23.86827],[72.932065,23.868418],[72.932154,23.868692],[72.932732,23.868642],[72.93357,23.868868],[72.933805,23.868771],[72.934113,23.86899],[72.935178,23.868675],[72.935817,23.868684],[72.936023,23.868486],[72.936533,23.868722],[72.93686,23.868769],[72.937297,23.868732],[72.937817,23.868381],[72.938302,23.868273],[72.939202,23.868432],[72.940556,23.868235],[72.941331,23.86846],[72.942422,23.868475],[72.942813,23.869197],[72.943255,23.869589]]}},{"type":"Feature","properties":{"source_id":430,"stream_order":1},"geometry":{"type":"LineString","coordinates":[[72.921302,23.855317],[72.919826,23.856056],[72.918531,23.856226]]}},{"type":"Feature","properties":{"source_id":431,"stream_order":4},"geometry":{"type":"LineString","coordinates":[[72.808109,23.78666],[72.808553,23.786624],[72.809734,23.786813],[72.81192,23.787742],[72.812934,23.787909],[72.814262,23.787985],[72.814775,23.788336],[72.815022,23.789754],[72.815881,23.79055],[72.816769,23.79083],[72.817907,23.791075],[72.818781,23.790973],[72.81938,23.791134],[72.819495,23.791728],[72.819485,23.79234],[72.819725,23.792859],[72.820614,23.793101],[72.822648,23.793225],[72.823668,23.793048],[72.824524,23.792793],[72.824903,23.792493],[72.825263,23.792077],[72.826034,23.791916],[72.828097,23.792729],[72.828947,23.792836],[72.829691,23.793019],[72.830367,23.793601],[72.83077,23.794333],[72.830881,23.795137],[72.832676,23.795851],[72.832836,23.796235],[72.832849,23.796675],[72.832719,23.797017],[72.832581,23.797837],[72.83257,23.798467],[72.832704,23.799176],[72.833446,23.800753],[72.834934,23.802456],[72.835001,23.803451],[72.835526,23.804337],[72.835825,23.805106],[72.835027,23.805649],[72.834915,23.806106],[72.835091,23.806796],[72.835851,23.807285],[72.836596,23.807429],[72.837246,23.807113],[72.838235,23.806286],[72.839007,23.806125],[72.840082,23.806388],[72.840949,23.806706],[72.843086,23.80687],[72.846478,23.807701],[72.846762,23.808106],[72.846671,23.80864],[72.845738,23.809773],[72.845825,23.810807],[72.846349,23.811788],[72.847236,23.812145],[72.84848,23.812296],[72.849939,23.812354],[72.8528,23.810999],[72.853841,23.810899],[72.854782,23.810473],[72.855329,23.810079],[72.856226,23.809862],[72.857033,23.809988],[72.857399,23.81049],[72.857973,23.810976],[72.858569,23.811328],[72.859395,23.811645],[72.85997,23.812016],[72.861071,23.813293],[72.862095,23.812906],[72.862727,23.81236],[72.863828,23.812376],[72.864277,23.812841],[72.864758,23.813936],[72.865251,23.814287],[72.86585,23.814448],[72.86662,23.814383],[72.867466,23.8147],[72.868103,23.815148],[72.868572,23.81569],[72.868937,23.816211],[72.869153,23.816978],[72.869767,23.81756],[72.872353,23.818188],[72.872908,23.81854],[72.873228,23.819328],[72.873537,23.819466],[72.874352,23.81919],[72.875098,23.819277],[72.875962,23.819767],[72.876564,23.819832],[72.87754,23.819808],[72.878077,23.820044],[72.878486,23.820432],[72.878961,23.820592],[72.879686,23.820697],[72.880877,23.820312],[72.881625,23.820637],[72.883284,23.821702],[72.884527,23.821929],[72.88558,23.822345],[72.886556,23.822359],[72.886983,23.82288],[72.888783,23.823345],[72.889753,23.82374],[72.890512,23.824362]]}},{"type":"Feature","properties":{"source_id":432,"stream_order":1},"geometry":{"type":"LineString","coordinates":[[72.955449,23.872013],[72.955859,23.871689],[72.956578,23.871612],[72.95736,23.871393],[72.957886,23.871644],[72.9587,23.871468],[72.959111,23.871101],[72.960612,23.870517]]}},{"type":"Feature","properties":{"source_id":433,"stream_order":3},"geometry":{"type":"LineString","coordinates":[[72.963915,23.86461],[72.964244,23.862937],[72.963915,23.862553],[72.963359,23.86223],[72.962977,23.862233],[72.961984,23.862965],[72.96169,23.863319],[72.961538,23.863525],[72.961282,23.864475],[72.961148,23.864595],[72.960862,23.864448],[72.960713,23.864016],[72.960675,23.863399],[72.960324,23.863423],[72.959838,23.863624],[72.959608,23.863413],[72.958758,23.863438],[72.958461,23.863964],[72.958141,23.86553],[72.957793,23.865862],[72.957482,23.8658],[72.956811,23.865326],[72.956486,23.865228],[72.956236,23.865275],[72.956019,23.865638],[72.95499,23.865681],[72.954898,23.865809]]}},{"type":"Feature","properties":{"source_id":434,"stream_order":3},"geometry":{"type":"LineString","coordinates":[[72.963915,23.86461],[72.967384,23.864964],[72.968859,23.865327],[72.970385,23.865391],[72.971758,23.865308],[72.972191,23.865515],[72.972751,23.865608],[72.974284,23.866187],[72.974864,23.866585]]}},{"type":"Feature","properties":{"source_id":435,"stream_order":1},"geometry":{"type":"LineString","coordinates":[[72.974135,23.861785],[72.97377,23.862225],[72.973903,23.862628],[72.97385,23.863071],[72.973529,23.86364],[72.973512,23.863969]]}},{"type":"Feature","properties":{"source_id":436,"stream_order":2},"geometry":{"type":"LineString","coordinates":[[72.972751,23.865608],[72.973189,23.866474],[72.97382,23.868976],[72.973686,23.870623],[72.973881,23.871084],[72.973733,23.871208]]}},{"type":"Feature","properties":{"source_id":437,"stream_order":3},"geometry":{"type":"LineString","coordinates":[[72.830522,23.711677],[72.830642,23.711545],[72.830472,23.710991],[72.830441,23.71003],[72.830622,23.708538],[72.830633,23.707831],[72.830758,23.707192],[72.831114,23.706395],[72.831393,23.705176],[72.831735,23.704597],[72.832192,23.703295],[72.832957,23.702216],[72.83339,23.701133],[72.833357,23.700626],[72.833257,23.700405],[72.833534,23.69995],[72.833582,23.699569],[72.833815,23.699257],[72.834119,23.69907],[72.834541,23.698646],[72.834673,23.698218],[72.834608,23.697758],[72.834437,23.69744],[72.833837,23.696687],[72.833147,23.69639],[72.832684,23.695543],[72.832497,23.695377]]}},{"type":"Feature","properties":{"source_id":438,"stream_order":2},"geometry":{"type":"LineString","coordinates":[[72.828851,23.701518],[72.828686,23.701916],[72.828446,23.701901],[72.828324,23.70221],[72.827473,23.703088],[72.827444,23.703272],[72.827501,23.703333],[72.827269,23.703646],[72.826934,23.703898],[72.826733,23.70506],[72.826581,23.705285],[72.826629,23.7055],[72.8265,23.705821],[72.825874,23.706816],[72.825645,23.707338],[72.825083,23.707569],[72.825376,23.708313],[72.824477,23.709316],[72.824463,23.709776],[72.824188,23.709945],[72.824013,23.709948],[72.823729,23.710231],[72.823606,23.710635],[72.823641,23.71082]]}},{"type":"Feature","properties":{"source_id":439,"stream_order":1},"geometry":{"type":"LineString","coordinates":[[72.825625,23.712073],[72.82528,23.711746],[72.825015,23.711306],[72.824276,23.711231]]}},{"type":"Feature","properties":{"source_id":440,"stream_order":1},"geometry":{"type":"LineString","coordinates":[[72.824276,23.711231],[72.824832,23.712164]]}},{"type":"Feature","properties":{"source_id":441,"stream_order":1},"geometry":{"type":"LineString","coordinates":[[72.826821,23.710871],[72.826705,23.710091],[72.826841,23.709696],[72.827733,23.708768],[72.827522,23.708359],[72.828322,23.707969],[72.829535,23.705229],[72.829602,23.704953],[72.829456,23.704645],[72.829155,23.704383],[72.829104,23.704103]]}},{"type":"Feature","properties":{"source_id":442,"stream_order":1},"geometry":{"type":"LineString","coordinates":[[72.829255,23.700832],[72.829435,23.700928],[72.830139,23.701019],[72.830498,23.701268],[72.830571,23.701584],[72.830802,23.702013],[72.83071,23.702241],[72.830538,23.702276],[72.830498,23.702543],[72.83067,23.7031]]}},{"type":"Feature","properties":{"source_id":443,"stream_order":1},"geometry":{"type":"LineString","coordinates":[[72.834254,23.697204],[72.833576,23.697747],[72.833514,23.698057],[72.832954,23.698622],[72.832787,23.698706],[72.832699,23.699015],[72.832255,23.699167],[72.83197,23.699468],[72.832118,23.699652],[72.832144,23.699915]]}},{"type":"Feature","properties":{"source_id":444,"stream_order":1},"geometry":{"type":"LineString","coordinates":[[72.829616,23.696399],[72.829356,23.696615],[72.829493,23.696969],[72.829126,23.697215],[72.828836,23.697862],[72.827933,23.698357],[72.827417,23.699006],[72.827023,23.698905],[72.826879,23.699327],[72.826174,23.70001],[72.825498,23.700484]]}},{"type":"Feature","properties":{"source_id":445,"stream_order":1},"geometry":{"type":"LineString","coordinates":[[72.827417,23.706127],[72.827703,23.705726],[72.828648,23.704858],[72.829104,23.704103]]}},{"type":"Feature","properties":{"source_id":446,"stream_order":1},"geometry":{"type":"LineString","coordinates":[[72.828742,23.712303],[72.828938,23.712696],[72.828869,23.712994],[72.828646,23.713122],[72.828301,23.713595],[72.827165,23.715609],[72.826936,23.716484],[72.826563,23.717482],[72.8263,23.718075],[72.825801,23.718833]]}},{"type":"Feature","properties":{"source_id":447,"stream_order":1},"geometry":{"type":"LineString","coordinates":[[72.828742,23.712303],[72.828509,23.712762],[72.827882,23.713033],[72.82771,23.713264],[72.827448,23.71341],[72.826587,23.713666],[72.825542,23.713729],[72.825336,23.714031],[72.824607,23.714164],[72.823484,23.714614],[72.82311,23.714501],[72.822831,23.714503],[72.82222,23.715008]]}},{"type":"Feature","properties":{"source_id":448,"stream_order":1},"geometry":{"type":"LineString","coordinates":[[72.842028,23.693954],[72.843089,23.695032],[72.843559,23.695635],[72.843943,23.695951],[72.844736,23.697025],[72.845056,23.697269],[72.845217,23.698131],[72.844808,23.698185],[72.844414,23.698472],[72.844507,23.698748],[72.844784,23.698865],[72.844239,23.69964],[72.84402,23.70036]]}},{"type":"Feature","properties":{"source_id":449,"stream_order":1},"geometry":{"type":"LineString","coordinates":[[72.845055,23.697268],[72.845201,23.697115],[72.845791,23.697548],[72.846024,23.697599],[72.84626,23.697399],[72.846529,23.697606],[72.846911,23.697635],[72.847137,23.697745],[72.847482,23.697661],[72.84797,23.697912],[72.848114,23.698649],[72.84796,23.698969],[72.847538,23.698969],[72.847107,23.699254],[72.846945,23.69954],[72.846749,23.699633],[72.846309,23.699543],[72.845989,23.699682],[72.846049,23.699994],[72.845972,23.700321],[72.846032,23.701062],[72.845937,23.701294],[72.845455,23.701443],[72.845113,23.701683]]}},{"type":"Feature","properties":{"source_id":450,"stream_order":1},"geometry":{"type":"LineString","coordinates":[[72.848072,23.698319],[72.848618,23.698781],[72.848798,23.699232],[72.849697,23.700176],[72.849907,23.700836],[72.849682,23.702314],[72.848696,23.703234]]}},{"type":"Feature","properties":{"source_id":451,"stream_order":1},"geometry":{"type":"LineString","coordinates":[[72.852122,23.702213],[72.85205,23.701194],[72.851568,23.700227],[72.85122,23.699644],[72.850316,23.698734],[72.849748,23.697937],[72.849538,23.697495],[72.848478,23.696014],[72.848043,23.695014],[72.847734,23.694517],[72.847623,23.693723],[72.847241,23.693612],[72.846534,23.693698],[72.845489,23.694114],[72.845108,23.693984],[72.844789,23.694113],[72.844419,23.693903],[72.844029,23.693955],[72.843709,23.693831],[72.842136,23.694059]]}},{"type":"Feature","properties":{"source_id":453,"stream_order":1},"geometry":{"type":"LineString","coordinates":[[72.849769,23.691817],[72.848692,23.691109],[72.848311,23.690566],[72.847988,23.69049],[72.847805,23.690607],[72.847561,23.69046],[72.847527,23.690173],[72.847413,23.689968],[72.846525,23.689693]]}},{"type":"Feature","properties":{"source_id":454,"stream_order":1},"geometry":{"type":"LineString","coordinates":[[72.841486,23.694182],[72.841608,23.694658],[72.841734,23.694789],[72.841681,23.694924],[72.841756,23.695108],[72.841747,23.695416],[72.841633,23.695733],[72.841616,23.696288],[72.841388,23.696683],[72.84124,23.696639],[72.841096,23.696824],[72.841141,23.697455]]}},{"type":"Feature","properties":{"source_id":455,"stream_order":1},"geometry":{"type":"LineString","coordinates":[[72.834511,23.698676],[72.834231,23.699391],[72.834441,23.699624],[72.834753,23.699604],[72.834615,23.700311],[72.834624,23.700698],[72.834119,23.702697],[72.833831,23.703486],[72.83386,23.703635]]}},{"type":"Feature","properties":{"source_id":456,"stream_order":2},"geometry":{"type":"LineString","coordinates":[[72.98447,23.809756],[72.984669,23.810407],[72.985304,23.810979],[72.985042,23.811807],[72.984744,23.812272],[72.984734,23.812893],[72.985111,23.813375],[72.985814,23.813595],[72.986524,23.814015],[72.987181,23.815218],[72.987474,23.816416],[72.987843,23.817376],[72.98858,23.818093],[72.988211,23.819808],[72.987797,23.820357],[72.987601,23.820976],[72.987639,23.821855],[72.987362,23.822339],[72.986826,23.822705],[72.986879,23.824664],[72.987016,23.825249],[72.986874,23.825696],[72.986363,23.826473],[72.986289,23.827208],[72.986937,23.827665],[72.987537,23.828505],[72.987561,23.828944],[72.987024,23.829406],[72.986968,23.829701],[72.987616,23.83078],[72.988037,23.831062],[72.988248,23.831562],[72.988017,23.831712],[72.987657,23.831478],[72.987233,23.831367],[72.987031,23.831689],[72.987126,23.832264],[72.987085,23.832865],[72.987426,23.833644],[72.988106,23.834675],[72.98877,23.835429],[72.988669,23.835934],[72.987998,23.837005],[72.987695,23.837785],[72.98767,23.838731],[72.987463,23.838991]]}},{"type":"Feature","properties":{"source_id":457,"stream_order":1},"geometry":{"type":"LineString","coordinates":[[72.987463,23.838991],[72.987865,23.839517],[72.98793,23.840033],[72.988471,23.839955],[72.988851,23.839606],[72.989133,23.839466],[72.989414,23.840129],[72.989709,23.841213],[72.989555,23.841775],[72.99,23.841905],[72.990087,23.842326],[72.990603,23.843203],[72.991189,23.843592],[72.991646,23.843617],[72.991897,23.843477],[72.992184,23.843739],[72.992628,23.844576],[72.993041,23.844792],[72.993552,23.844617],[72.993755,23.844916],[72.993604,23.845306],[72.994004,23.845626],[72.994719,23.84576],[72.996317,23.845188],[72.997502,23.845863],[72.99806,23.846701],[72.998267,23.846742]]}},{"type":"Feature","properties":{"source_id":458,"stream_order":2},"geometry":{"type":"LineString","coordinates":[[72.987463,23.838991],[72.987182,23.839345],[72.986904,23.839886],[72.987247,23.841238],[72.987124,23.841772],[72.986842,23.841854],[72.985618,23.841733],[72.984825,23.84264],[72.98469,23.843297],[72.984743,23.843938],[72.985488,23.844149],[72.986984,23.844149],[72.987229,23.844382],[72.9873,23.846523],[72.986348,23.8476],[72.985977,23.848761],[72.985141,23.849907]]}},{"type":"Feature","properties":{"source_id":459,"stream_order":1},"geometry":{"type":"LineString","coordinates":[[72.975598,23.853008],[72.975999,23.853085],[72.976616,23.852663],[72.977215,23.852552],[72.977818,23.852189],[72.979573,23.852057],[72.979864,23.851726],[72.979988,23.85125],[72.980348,23.850658],[72.981088,23.850715],[72.981531,23.850614],[72.982159,23.850323],[72.985141,23.849907]]}},{"type":"Feature","properties":{"source_id":460,"stream_order":2},"geometry":{"type":"LineString","coordinates":[[72.94627,23.807277],[72.946811,23.808391],[72.947607,23.808287],[72.948059,23.808307],[72.948393,23.808828],[72.949227,23.809283],[72.949159,23.809655],[72.948869,23.810239],[72.948977,23.811358],[72.949345,23.811693],[72.949322,23.812194],[72.949091,23.813008],[72.949413,23.813342],[72.950311,23.813698],[72.95088,23.814178],[72.951574,23.814617],[72.9516,23.814919],[72.951194,23.814999],[72.951497,23.815548],[72.951865,23.816886],[72.951565,23.817183],[72.951282,23.817294],[72.951072,23.817821],[72.95046,23.818057],[72.950457,23.818286],[72.950858,23.818521],[72.950932,23.81878],[72.950555,23.818947],[72.950659,23.819307],[72.950953,23.819411],[72.951148,23.819886],[72.951704,23.820223],[72.952085,23.820744],[72.952736,23.820982],[72.952635,23.821468],[72.952989,23.821702],[72.952827,23.82213],[72.953896,23.822474],[72.954026,23.823149],[72.954644,23.823502],[72.956073,23.824725],[72.956747,23.82449],[72.957696,23.824603],[72.958203,23.825054],[72.958334,23.825643],[72.958656,23.825977],[72.958454,23.826508]]}},{"type":"Feature","properties":{"source_id":461,"stream_order":1},"geometry":{"type":"LineString","coordinates":[[72.960794,23.827754],[72.961204,23.829422],[72.961373,23.830585],[72.961624,23.831477],[72.961368,23.831861],[72.961155,23.832532],[72.961652,23.832667],[72.961964,23.833589],[72.962376,23.834167],[72.962039,23.834808],[72.961658,23.835262],[72.961658,23.836236],[72.962317,23.839957]]}},{"type":"Feature","properties":{"source_id":462,"stream_order":1},"geometry":{"type":"LineString","coordinates":[[72.961845,23.828044],[72.962153,23.828474],[72.962295,23.829379],[72.963353,23.830454],[72.96398,23.83125],[72.965011,23.832038],[72.965833,23.832293],[72.967981,23.833439],[72.968249,23.835234],[72.968352,23.837629],[72.968678,23.838737],[72.969873,23.840043],[72.970491,23.840395]]}},{"type":"Feature","properties":{"source_id":464,"stream_order":1},"geometry":{"type":"LineString","coordinates":[[72.961845,23.828044],[72.963463,23.828449],[72.964244,23.82833]]}},{"type":"Feature","properties":{"source_id":465,"stream_order":1},"geometry":{"type":"LineString","coordinates":[[72.964427,23.823545],[72.963311,23.823186],[72.962913,23.822737],[72.962279,23.822442],[72.961818,23.822006],[72.961155,23.821553],[72.960691,23.82136],[72.960349,23.821327],[72.960137,23.820937],[72.959023,23.820435],[72.958827,23.820003],[72.958487,23.819826],[72.958201,23.820166],[72.957579,23.820144],[72.957506,23.819799],[72.957159,23.819063],[72.956803,23.818915],[72.956443,23.819054],[72.955968,23.818517],[72.955574,23.818841],[72.955188,23.818621],[72.954547,23.818713],[72.954206,23.818637],[72.953574,23.818184],[72.953766,23.817871],[72.953769,23.817714],[72.953,23.818019],[72.953118,23.817462],[72.952981,23.817245],[72.952608,23.81724],[72.952231,23.817407],[72.951847,23.816904]]}},{"type":"Feature","properties":{"source_id":466,"stream_order":1},"geometry":{"type":"LineString","coordinates":[[72.946229,23.808742],[72.946944,23.808866],[72.947298,23.809143],[72.94698,23.809511],[72.947237,23.810045],[72.947714,23.810424],[72.947718,23.811155],[72.947805,23.811543],[72.948004,23.811775],[72.947771,23.812732],[72.947843,23.813077],[72.947215,23.813384],[72.947485,23.81409],[72.947432,23.814448],[72.947612,23.814923],[72.94754,23.815538],[72.947362,23.815923]]}},{"type":"Feature","properties":{"source_id":467,"stream_order":1},"geometry":{"type":"LineString","coordinates":[[72.946229,23.808742],[72.946388,23.810507],[72.946336,23.81085],[72.9456,23.811112],[72.945554,23.812058]]}},{"type":"Feature","properties":{"source_id":468,"stream_order":2},"geometry":{"type":"LineString","coordinates":[[72.942251,23.835673],[72.942843,23.836079],[72.943209,23.835965],[72.943494,23.835992],[72.944473,23.835659],[72.944876,23.835629],[72.946091,23.836003],[72.947103,23.836853],[72.947402,23.836857],[72.947735,23.8371],[72.948088,23.836973],[72.948998,23.836914],[72.949455,23.837541],[72.950205,23.837802],[72.951202,23.837935],[72.952339,23.839144],[72.95298,23.839654],[72.95328,23.840375],[72.953015,23.840754],[72.953271,23.841008],[72.953882,23.840956],[72.954191,23.84108],[72.954654,23.840572],[72.955027,23.84078],[72.955203,23.841177],[72.955064,23.841748],[72.954153,23.841856],[72.95368,23.842208],[72.953927,23.842999]]}},{"type":"Feature","properties":{"source_id":469,"stream_order":1},"geometry":{"type":"LineString","coordinates":[[72.953927,23.842999],[72.95407,23.843825],[72.954672,23.844371],[72.954808,23.844803],[72.955359,23.845276],[72.955737,23.845997],[72.955813,23.846154],[72.955484,23.846436],[72.955911,23.847313],[72.956444,23.848121],[72.957088,23.848476],[72.958289,23.848062],[72.958511,23.848841],[72.95897,23.849337],[72.960502,23.850241],[72.961654,23.852119]]}},{"type":"Feature","properties":{"source_id":470,"stream_order":1},"geometry":{"type":"LineString","coordinates":[[72.966618,23.851098],[72.966979,23.85041],[72.967309,23.849244],[72.967066,23.84819],[72.966925,23.848045],[72.966253,23.847821],[72.965372,23.847713],[72.965224,23.847234],[72.964729,23.846499],[72.964371,23.846136],[72.963761,23.84608],[72.962994,23.845329],[72.962428,23.845775],[72.961921,23.845004],[72.960987,23.84492],[72.960931,23.844358],[72.960469,23.844042],[72.959872,23.844034],[72.959374,23.844266],[72.957894,23.844282],[72.957428,23.844156],[72.956863,23.843743],[72.956243,23.842707],[72.95647,23.842328],[72.95654,23.842007],[72.956108,23.841428],[72.956009,23.841104],[72.955451,23.841049],[72.955199,23.841168]]}},{"type":"Feature","properties":{"source_id":471,"stream_order":1},"geometry":{"type":"LineString","coordinates":[[72.952393,23.839187],[72.953655,23.838851],[72.954378,23.838263],[72.955099,23.837843],[72.956257,23.837691]]}},{"type":"Feature","properties":{"source_id":473,"stream_order":2},"geometry":{"type":"LineString","coordinates":[[72.950346,23.849127],[72.950224,23.848958],[72.949511,23.848841],[72.949505,23.848447],[72.949819,23.848284],[72.949939,23.848058],[72.948961,23.84666],[72.949035,23.846111],[72.948789,23.84606],[72.948423,23.846246],[72.948179,23.846064],[72.94798,23.845512],[72.947989,23.844939],[72.94834,23.844072],[72.948295,23.843653],[72.947926,23.843146],[72.947498,23.843093],[72.947064,23.843469],[72.946553,23.842937],[72.945907,23.842689],[72.945561,23.842446],[72.945579,23.842112],[72.945391,23.841691],[72.945121,23.84152],[72.945217,23.841175],[72.945162,23.84053],[72.944956,23.840431],[72.944541,23.840414],[72.944691,23.839986],[72.94497,23.839583],[72.944855,23.839439],[72.944644,23.839615],[72.944492,23.839398],[72.944709,23.838816],[72.944297,23.838583],[72.943894,23.838649],[72.9437,23.838575],[72.94377,23.838277],[72.944376,23.837676],[72.944292,23.837281],[72.943853,23.837108],[72.943574,23.83665],[72.943212,23.83655],[72.943114,23.836214],[72.942777,23.836198],[72.942784,23.836039]]}},{"type":"Feature","properties":{"source_id":475,"stream_order":1},"geometry":{"type":"LineString","coordinates":[[72.950346,23.849127],[72.95028,23.849348],[72.950031,23.8495],[72.95012,23.850445],[72.950542,23.850856],[72.950653,23.851204],[72.950388,23.851595],[72.950875,23.85196],[72.951075,23.85244],[72.951463,23.852553],[72.95169,23.852986],[72.952038,23.854006],[72.952868,23.854889],[72.953445,23.855338],[72.954012,23.855656],[72.954807,23.856288],[72.955156,23.856412],[72.955357,23.856833],[72.956341,23.857049],[72.956687,23.857292],[72.957081,23.857835],[72.956697,23.85832],[72.956026,23.858884]]}},{"type":"Feature","properties":{"source_id":476,"stream_order":1},"geometry":{"type":"LineString","coordinates":[[72.948304,23.843736],[72.948821,23.843846],[72.949322,23.844211],[72.949982,23.844339],[72.950484,23.845481],[72.951427,23.84578],[72.952685,23.846693]]}},{"type":"Feature","properties":{"source_id":478,"stream_order":1},"geometry":{"type":"LineString","coordinates":[[72.973512,23.863969],[72.975159,23.864078],[72.976042,23.86343],[72.976581,23.86381]]}},{"type":"Feature","properties":{"source_id":479,"stream_order":1},"geometry":{"type":"LineString","coordinates":[[72.978099,23.866222],[72.978698,23.866002],[72.979392,23.865495],[72.980017,23.865374],[72.981755,23.865856],[72.982103,23.865545],[72.983788,23.865395],[72.984816,23.864448],[72.985492,23.864084],[72.98617,23.863563]]}},{"type":"Feature","properties":{"source_id":480,"stream_order":2},"geometry":{"type":"LineString","coordinates":[[72.974864,23.866585],[72.975163,23.866858],[72.975156,23.867245],[72.975319,23.867806],[72.976013,23.868317],[72.976642,23.868956],[72.977107,23.86912],[72.977517,23.869799],[72.977629,23.870446]]}},{"type":"Feature","properties":{"source_id":481,"stream_order":1},"geometry":{"type":"LineString","coordinates":[[72.981056,23.870763],[72.978985,23.868586],[72.978161,23.867442],[72.977631,23.867479],[72.977108,23.867042],[72.976814,23.866923],[72.976138,23.867301],[72.975689,23.867052],[72.975159,23.867102]]}},{"type":"Feature","properties":{"source_id":482,"stream_order":1},"geometry":{"type":"LineString","coordinates":[[72.97093,23.872421],[72.971481,23.872099],[72.973112,23.871404],[72.973733,23.871208]]}},{"type":"Feature","properties":{"source_id":483,"stream_order":1},"geometry":{"type":"LineString","coordinates":[[72.976044,23.87332],[72.975616,23.872755],[72.974971,23.872159],[72.974506,23.87201],[72.97424,23.872049],[72.973857,23.871104]]}},{"type":"Feature","properties":{"source_id":484,"stream_order":1},"geometry":{"type":"LineString","coordinates":[[72.977122,23.873133],[72.97718,23.872446],[72.977378,23.871746],[72.977695,23.871364],[72.977629,23.870446]]}},{"type":"Feature","properties":{"source_id":486,"stream_order":1},"geometry":{"type":"LineString","coordinates":[[72.943255,23.869589],[72.944114,23.869095],[72.944858,23.868842],[72.945731,23.868674],[72.946433,23.868612],[72.948063,23.869016]]}},{"type":"Feature","properties":{"source_id":487,"stream_order":1},"geometry":{"type":"LineString","coordinates":[[72.935961,23.857635],[72.936715,23.857446],[72.937815,23.857652],[72.938448,23.857851],[72.939103,23.858995],[72.940631,23.858972]]}},{"type":"Feature","properties":{"source_id":488,"stream_order":1},"geometry":{"type":"LineString","coordinates":[[72.950127,23.858612],[72.948785,23.858056],[72.948297,23.857715],[72.947854,23.856993],[72.946072,23.85636],[72.946164,23.858714],[72.946396,23.859661],[72.94631,23.860173],[72.94565,23.860678]]}},{"type":"Feature","properties":{"source_id":489,"stream_order":1},"geometry":{"type":"LineString","coordinates":[[72.952471,23.860518],[72.952089,23.860871],[72.952783,23.861358],[72.952994,23.861982],[72.952432,23.862166],[72.951054,23.862267],[72.950065,23.862421],[72.949381,23.862432]]}},{"type":"Feature","properties":{"source_id":490,"stream_order":1},"geometry":{"type":"LineString","coordinates":[[72.926482,23.852859],[72.92722,23.85306],[72.927988,23.853147],[72.928529,23.853059],[72.929064,23.853371],[72.93014,23.853711],[72.930804,23.853758],[72.931274,23.854261],[72.933737,23.854829],[72.934983,23.854884]]}},{"type":"Feature","properties":{"source_id":491,"stream_order":1},"geometry":{"type":"LineString","coordinates":[[72.94155,23.86533],[72.940858,23.864403],[72.940498,23.863539],[72.940346,23.862638],[72.939442,23.861958],[72.939365,23.861612],[72.938826,23.861088]]}},{"type":"Feature","properties":{"source_id":492,"stream_order":1},"geometry":{"type":"LineString","coordinates":[[72.934287,23.876508],[72.933542,23.87495],[72.932851,23.874023],[72.932314,23.873047]]}},{"type":"Feature","properties":{"source_id":493,"stream_order":1},"geometry":{"type":"LineString","coordinates":[[72.908563,23.859143],[72.909003,23.85988],[72.909774,23.860406],[72.909968,23.86091],[72.910034,23.861657],[72.910974,23.863318]]}},{"type":"Feature","properties":{"source_id":494,"stream_order":2},"geometry":{"type":"LineString","coordinates":[[72.907834,23.859308],[72.90872,23.860033],[72.908766,23.861037],[72.909152,23.861258],[72.909578,23.86188],[72.909756,23.862484],[72.909582,23.864603],[72.909369,23.865202],[72.909573,23.866122],[72.909797,23.868495],[72.909608,23.868934],[72.909763,23.869772],[72.910216,23.87071]]}},{"type":"Feature","properties":{"source_id":495,"stream_order":1},"geometry":{"type":"LineString","coordinates":[[72.909449,23.87316],[72.909746,23.872495],[72.909511,23.87174],[72.909959,23.871316],[72.910216,23.87071]]}},{"type":"Feature","properties":{"source_id":496,"stream_order":1},"geometry":{"type":"LineString","coordinates":[[72.906874,23.858598],[72.906764,23.859374],[72.90682,23.860426],[72.907206,23.861005],[72.907523,23.861267],[72.907599,23.861736],[72.907825,23.861921],[72.907944,23.862219],[72.907892,23.862916],[72.907333,23.863424],[72.907471,23.863904],[72.907199,23.865314],[72.907412,23.865613],[72.907107,23.865848],[72.906972,23.867126],[72.907007,23.867557],[72.906801,23.86807],[72.906494,23.868448],[72.906483,23.869126],[72.906203,23.870355],[72.906107,23.871498],[72.905833,23.872378],[72.905787,23.872843],[72.906091,23.873301],[72.906117,23.87409],[72.906335,23.874929],[72.906506,23.875285]]}},{"type":"Feature","properties":{"source_id":497,"stream_order":3},"geometry":{"type":"LineString","coordinates":[[72.901276,23.855405],[72.901409,23.856293],[72.900811,23.85726],[72.899951,23.857802],[72.900226,23.858761],[72.899795,23.859711],[72.899762,23.860513],[72.90023,23.861112],[72.899551,23.862001],[72.899451,23.863051],[72.900236,23.863291],[72.900771,23.863623],[72.900805,23.864101],[72.900317,23.864725],[72.900249,23.865106],[72.900757,23.865801],[72.900752,23.866107],[72.900077,23.866709],[72.899237,23.867271],[72.898266,23.868232],[72.898255,23.86892],[72.89894,23.870248],[72.899109,23.871321],[72.89907,23.872467],[72.898917,23.872942],[72.897904,23.872604],[72.897355,23.873169],[72.896958,23.87454],[72.897822,23.875106],[72.897534,23.876229],[72.898005,23.876656],[72.898264,23.87731],[72.898153,23.877767],[72.897472,23.877471],[72.897343,23.877756],[72.897288,23.878557],[72.897899,23.87933],[72.898559,23.879683],[72.898276,23.880463],[72.898873,23.880815],[72.899323,23.88128],[72.899334,23.881853],[72.899398,23.881862]]}},{"type":"Feature","properties":{"source_id":498,"stream_order":2},"geometry":{"type":"LineString","coordinates":[[72.899398,23.881862],[72.899304,23.882426],[72.899605,23.883099],[72.899312,23.884509],[72.89883,23.88477],[72.897807,23.885062],[72.897505,23.885727],[72.896944,23.885719],[72.896581,23.886287],[72.896098,23.886606],[72.89566,23.886752],[72.895724,23.887881],[72.895508,23.888413],[72.895028,23.888521],[72.894236,23.888876]]}},{"type":"Feature","properties":{"source_id":499,"stream_order":1},"geometry":{"type":"LineString","coordinates":[[72.890732,23.890717],[72.891368,23.889961],[72.892414,23.889536],[72.892731,23.889197],[72.893233,23.889012],[72.894236,23.888876]]}},{"type":"Feature","properties":{"source_id":500,"stream_order":1},"geometry":{"type":"LineString","coordinates":[[72.898276,23.880463],[72.897994,23.881166],[72.897277,23.881825],[72.897204,23.882493],[72.896714,23.883251],[72.896568,23.883287]]}},{"type":"Feature","properties":{"source_id":501,"stream_order":1},"geometry":{"type":"LineString","coordinates":[[72.894036,23.881162],[72.893752,23.882599],[72.893998,23.88285],[72.894009,23.883462],[72.893794,23.883899],[72.893227,23.884235],[72.892866,23.884727],[72.892672,23.885145],[72.892048,23.885174],[72.890958,23.885733],[72.890377,23.885686],[72.889875,23.885871],[72.888921,23.885743]]}},{"type":"Feature","properties":{"source_id":502,"stream_order":1},"geometry":{"type":"LineString","coordinates":[[72.895408,23.883042],[72.8958,23.883181],[72.896568,23.883287]]}},{"type":"Feature","properties":{"source_id":503,"stream_order":1},"geometry":{"type":"LineString","coordinates":[[72.898153,23.877767],[72.898564,23.878059],[72.8995,23.878033],[72.900187,23.877909],[72.900684,23.878069]]}},{"type":"Feature","properties":{"source_id":504,"stream_order":1},"geometry":{"type":"LineString","coordinates":[[72.899681,23.866974],[72.899973,23.868045],[72.900656,23.868189],[72.900605,23.868761],[72.901303,23.869325],[72.901817,23.869638],[72.901783,23.870478],[72.901419,23.871161],[72.902012,23.873042],[72.902934,23.873838],[72.904148,23.874562],[72.904241,23.87527],[72.904589,23.875619],[72.904038,23.876223],[72.905005,23.878147]]}},{"type":"Feature","properties":{"source_id":505,"stream_order":1},"geometry":{"type":"LineString","coordinates":[[72.901914,23.884258],[72.902594,23.88463],[72.903028,23.886031],[72.904088,23.887364],[72.904321,23.888361]]}},{"type":"Feature","properties":{"source_id":507,"stream_order":1},"geometry":{"type":"LineString","coordinates":[[72.899354,23.893023],[72.900087,23.894419],[72.899576,23.895157],[72.899251,23.896013],[72.89949,23.896646]]}},{"type":"Feature","properties":{"source_id":508,"stream_order":2},"geometry":{"type":"LineString","coordinates":[[72.896966,23.874513],[72.896244,23.875008],[72.895854,23.876034],[72.895821,23.876798],[72.89602,23.877336],[72.89605,23.878025],[72.895308,23.878951],[72.895425,23.87943],[72.895107,23.879808],[72.89446,23.879971],[72.894036,23.881162],[72.893622,23.881007],[72.892935,23.880961],[72.89255,23.88067],[72.892359,23.880404],[72.891711,23.8803],[72.891174,23.880579],[72.890602,23.880607],[72.89015,23.881258],[72.889982,23.881373]]}},{"type":"Feature","properties":{"source_id":509,"stream_order":1},"geometry":{"type":"LineString","coordinates":[[72.885404,23.879986],[72.887787,23.880437],[72.888523,23.880662],[72.888916,23.881301],[72.889458,23.881475],[72.889982,23.881373]]}},{"type":"Feature","properties":{"source_id":510,"stream_order":1},"geometry":{"type":"LineString","coordinates":[[72.894288,23.878424],[72.894655,23.87819],[72.895229,23.878007],[72.896048,23.877978]]}},{"type":"Feature","properties":{"source_id":511,"stream_order":1},"geometry":{"type":"LineString","coordinates":[[72.902609,23.868216],[72.902055,23.867788],[72.899681,23.866974]]}},{"type":"Feature","properties":{"source_id":512,"stream_order":1},"geometry":{"type":"LineString","coordinates":[[72.881609,23.861913],[72.881403,23.862312],[72.880894,23.864849],[72.880855,23.865673],[72.880992,23.866785],[72.880803,23.867248]]}},{"type":"Feature","properties":{"source_id":513,"stream_order":1},"geometry":{"type":"LineString","coordinates":[[72.882845,23.865449],[72.882399,23.864153],[72.882559,23.863116],[72.882666,23.862927]]}},{"type":"Feature","properties":{"source_id":514,"stream_order":1},"geometry":{"type":"LineString","coordinates":[[72.885081,23.865337],[72.88506,23.865826],[72.885298,23.866367],[72.88513,23.867129],[72.885429,23.867921],[72.885775,23.868189],[72.885876,23.868381],[72.885778,23.86881],[72.886021,23.869028],[72.88529,23.871681],[72.884769,23.872546]]}},{"type":"Feature","properties":{"source_id":515,"stream_order":1},"geometry":{"type":"LineString","coordinates":[[72.88776,23.8657],[72.888887,23.867682],[72.88996,23.867971],[72.890107,23.868547],[72.89016,23.869288],[72.890361,23.869685],[72.889927,23.871614],[72.889824,23.872389],[72.889971,23.872904]]}},{"type":"Feature","properties":{"source_id":516,"stream_order":1},"geometry":{"type":"LineString","coordinates":[[72.88776,23.8657],[72.890061,23.866563]]}},{"type":"Feature","properties":{"source_id":517,"stream_order":1},"geometry":{"type":"LineString","coordinates":[[72.883027,23.862004],[72.883477,23.86252],[72.884121,23.862875],[72.884758,23.862848],[72.885006,23.862744],[72.885586,23.863026],[72.886549,23.86292]]}},{"type":"Feature","properties":{"source_id":518,"stream_order":1},"geometry":{"type":"LineString","coordinates":[[72.8909,23.851657],[72.889438,23.852103],[72.889431,23.852581],[72.889591,23.853096],[72.889636,23.853551],[72.889887,23.85408],[72.890163,23.855457],[72.890147,23.856196],[72.889946,23.856816],[72.889124,23.857903],[72.888414,23.859207],[72.887352,23.860614]]}},{"type":"Feature","properties":{"source_id":520,"stream_order":1},"geometry":{"type":"LineString","coordinates":[[72.892106,23.854182],[72.891532,23.852729],[72.8909,23.851657]]}},{"type":"Feature","properties":{"source_id":521,"stream_order":2},"geometry":{"type":"LineString","coordinates":[[72.888787,23.842687],[72.88964,23.842548],[72.890675,23.843093],[72.89062,23.843608],[72.891003,23.844],[72.892366,23.844521],[72.892535,23.844681],[72.892388,23.845066],[72.892818,23.845473],[72.893267,23.845636],[72.893319,23.846268],[72.893721,23.846503],[72.894392,23.846426],[72.895025,23.846778],[72.895778,23.847448],[72.897328,23.847971],[72.897435,23.848251]]}},{"type":"Feature","properties":{"source_id":522,"stream_order":1},"geometry":{"type":"LineString","coordinates":[[72.897435,23.848251],[72.898567,23.848432],[72.898861,23.848579],[72.899238,23.84837],[72.899502,23.848431]]}},{"type":"Feature","properties":{"source_id":523,"stream_order":1},"geometry":{"type":"LineString","coordinates":[[72.898192,23.844658],[72.898034,23.845759],[72.897434,23.847155],[72.89724,23.847597],[72.896846,23.847783]]}},{"type":"Feature","properties":{"source_id":524,"stream_order":1},"geometry":{"type":"LineString","coordinates":[[72.885152,23.839044],[72.88472,23.839712],[72.884679,23.840342],[72.885074,23.840921],[72.885829,23.841476],[72.885981,23.841751]]}},{"type":"Feature","properties":{"source_id":525,"stream_order":1},"geometry":{"type":"LineString","coordinates":[[72.884225,23.842523],[72.884083,23.84343],[72.88411,23.843717],[72.884678,23.844212],[72.884907,23.84453],[72.885176,23.845207],[72.885322,23.84584],[72.886212,23.846655],[72.886946,23.847525],[72.887511,23.848278],[72.887599,23.84858]]}},{"type":"Feature","properties":{"source_id":526,"stream_order":1},"geometry":{"type":"LineString","coordinates":[[72.875869,23.827704],[72.876011,23.827785],[72.876763,23.827831],[72.87667,23.828761],[72.878139,23.828662],[72.878767,23.82916],[72.878928,23.82964],[72.879378,23.832322],[72.880484,23.833538]]}},{"type":"Feature","properties":{"source_id":527,"stream_order":1},"geometry":{"type":"LineString","coordinates":[[72.873846,23.861109],[72.874301,23.861737],[72.874894,23.862031],[72.874954,23.862319],[72.875209,23.862573],[72.875346,23.862933],[72.875239,23.863135],[72.874953,23.863143],[72.874753,23.863487],[72.874358,23.863804],[72.87421,23.864148],[72.874177,23.864589],[72.874764,23.865183],[72.87508,23.865748],[72.875926,23.866441],[72.876512,23.867906],[72.877058,23.86789],[72.87765,23.868197],[72.878276,23.86885],[72.878733,23.869478],[72.878721,23.870206],[72.879183,23.871383],[72.879422,23.87184],[72.880078,23.872267],[72.880243,23.872484],[72.880294,23.874121],[72.880368,23.874349]]}},{"type":"Feature","properties":{"source_id":528,"stream_order":1},"geometry":{"type":"LineString","coordinates":[[72.876566,23.873389],[72.876066,23.87214],[72.875788,23.87167],[72.875667,23.871143],[72.875838,23.87019],[72.875518,23.869147],[72.87506,23.868555],[72.87476,23.867822],[72.874883,23.867466],[72.874799,23.867046],[72.874479,23.866755],[72.874318,23.866252],[72.873888,23.866353],[72.87366,23.865992],[72.873415,23.865116],[72.873646,23.864475],[72.873679,23.864057],[72.87394,23.863177],[72.87377,23.861658],[72.873846,23.861109]]}},{"type":"Feature","properties":{"source_id":529,"stream_order":1},"geometry":{"type":"LineString","coordinates":[[72.86,23.865557],[72.860312,23.866175],[72.861503,23.866707],[72.861999,23.867789],[72.862923,23.868461],[72.863443,23.86907],[72.864029,23.869465],[72.86462,23.869545],[72.865182,23.870427],[72.865763,23.871123],[72.866483,23.870933],[72.868865,23.871095],[72.869182,23.871715],[72.869311,23.872376],[72.870313,23.873049],[72.871199,23.873219],[72.871617,23.873411],[72.872046,23.873847]]}},{"type":"Feature","properties":{"source_id":530,"stream_order":1},"geometry":{"type":"LineString","coordinates":[[72.86,23.865557],[72.860399,23.865602],[72.861194,23.865556],[72.861972,23.865639],[72.863465,23.865874],[72.863943,23.866168]]}},{"type":"Feature","properties":{"source_id":531,"stream_order":2},"geometry":{"type":"LineString","coordinates":[[72.841166,23.858539],[72.841109,23.858806],[72.841824,23.85958],[72.84214,23.85956],[72.842306,23.859931],[72.842785,23.859842],[72.842762,23.860014],[72.842507,23.860335],[72.842649,23.860566],[72.842951,23.860532],[72.84336,23.860901],[72.843501,23.861161],[72.84378,23.861289],[72.844093,23.86116],[72.844277,23.861354],[72.844233,23.861515],[72.844904,23.861764],[72.845148,23.8615],[72.845353,23.861655],[72.84564,23.862472],[72.845887,23.862657],[72.84584,23.862952],[72.846131,23.863606],[72.847257,23.863994],[72.847345,23.863661],[72.847533,23.863606],[72.847571,23.863846],[72.847859,23.863993],[72.847906,23.8643],[72.847816,23.864728],[72.847992,23.865419],[72.84798,23.866106],[72.848213,23.866492],[72.848045,23.866576],[72.847991,23.866709],[72.848096,23.867274],[72.848412,23.86766],[72.848403,23.868173],[72.849701,23.868879],[72.850555,23.869048],[72.851288,23.869001],[72.852764,23.869323],[72.853302,23.869746],[72.853543,23.870251],[72.854078,23.870875],[72.854546,23.871827],[72.854926,23.872363],[72.856603,23.872773],[72.857805,23.873578],[72.858422,23.874905],[72.858684,23.876041],[72.858812,23.876817],[72.85883,23.878551],[72.860504,23.880997],[72.86098,23.881476],[72.861629,23.881786],[72.861912,23.882622],[72.863008,23.883253],[72.863635,23.883047],[72.863748,23.883722],[72.864563,23.884407],[72.86498,23.884628],[72.865576,23.884435],[72.866093,23.885231],[72.86624,23.88572],[72.866721,23.885856],[72.867134,23.886349],[72.867905,23.886875],[72.868443,23.886367],[72.869089,23.88692],[72.869155,23.887609],[72.869865,23.888049],[72.870414,23.887885],[72.871391,23.888185],[72.872167,23.889342],[72.872897,23.889496],[72.873285,23.889826]]}},{"type":"Feature","properties":{"source_id":532,"stream_order":1},"geometry":{"type":"LineString","coordinates":[[72.873285,23.889826],[72.873401,23.890105],[72.874949,23.890757],[72.875365,23.891092],[72.875914,23.891831]]}},{"type":"Feature","properties":{"source_id":533,"stream_order":1},"geometry":{"type":"LineString","coordinates":[[72.866534,23.889694],[72.866464,23.88826],[72.86705,23.88768],[72.866944,23.886561],[72.867079,23.886283]]}},{"type":"Feature","properties":{"source_id":534,"stream_order":1},"geometry":{"type":"LineString","coordinates":[[72.86374,23.883675],[72.863431,23.884076],[72.862958,23.884413],[72.863023,23.886134],[72.863411,23.8872],[72.863463,23.887788]]}},{"type":"Feature","properties":{"source_id":535,"stream_order":1},"geometry":{"type":"LineString","coordinates":[[72.858353,23.882916],[72.856694,23.882377],[72.855851,23.882466],[72.85495,23.883198],[72.85433,23.883949],[72.853804,23.883727],[72.853196,23.883718],[72.852897,23.883872],[72.852608,23.883452],[72.852191,23.883246],[72.851533,23.883466],[72.850132,23.88336],[72.849355,23.883177],[72.84769,23.882108],[72.846537,23.882077],[72.846071,23.881956],[72.845586,23.881104],[72.845098,23.880452],[72.844388,23.880041],[72.844137,23.879206],[72.843757,23.878627],[72.843312,23.87822],[72.843054,23.877815],[72.843058,23.877543],[72.842799,23.877209],[72.842717,23.876929]]}},{"type":"Feature","properties":{"source_id":536,"stream_order":2},"geometry":{"type":"LineString","coordinates":[[72.816834,23.813211],[72.817938,23.813165],[72.818725,23.81266],[72.819342,23.813027],[72.82011,23.812766],[72.821032,23.813024],[72.821523,23.813947],[72.821262,23.814688],[72.821984,23.8153],[72.82254,23.815595],[72.823648,23.815481],[72.824181,23.81622],[72.825092,23.817129],[72.825177,23.817569]]}},{"type":"Feature","properties":{"source_id":537,"stream_order":1},"geometry":{"type":"LineString","coordinates":[[72.82079,23.821489],[72.82079,23.820529],[72.821318,23.819734],[72.821853,23.819397],[72.822799,23.817806],[72.822718,23.817059],[72.822557,23.816455],[72.822536,23.815593]]}},{"type":"Feature","properties":{"source_id":538,"stream_order":1},"geometry":{"type":"LineString","coordinates":[[72.825177,23.817569],[72.825243,23.817912],[72.825714,23.818606],[72.825939,23.81914],[72.825887,23.819483]]}},{"type":"Feature","properties":{"source_id":539,"stream_order":1},"geometry":{"type":"LineString","coordinates":[[72.824752,23.819324],[72.824615,23.818204],[72.825177,23.817569]]}},{"type":"Feature","properties":{"source_id":540,"stream_order":1},"geometry":{"type":"LineString","coordinates":[[72.823648,23.815481],[72.825301,23.813513],[72.826057,23.812993],[72.828105,23.812549]]}},{"type":"Feature","properties":{"source_id":541,"stream_order":1},"geometry":{"type":"LineString","coordinates":[[72.818725,23.81266],[72.820135,23.811276],[72.820714,23.810151],[72.821117,23.8103]]}},{"type":"Feature","properties":{"source_id":542,"stream_order":1},"geometry":{"type":"LineString","coordinates":[[72.815722,23.801714],[72.818484,23.80476],[72.819171,23.806504],[72.81997,23.807146],[72.822505,23.807411],[72.823409,23.807366],[72.823961,23.80789],[72.824332,23.808067],[72.824184,23.808524],[72.824433,23.808556],[72.825174,23.807993],[72.826081,23.808737],[72.826354,23.809214],[72.826679,23.809333]]}},{"type":"Feature","properties":{"source_id":543,"stream_order":1},"geometry":{"type":"LineString","coordinates":[[72.823167,23.793135],[72.823756,23.794945],[72.824014,23.797256],[72.824302,23.797719],[72.824328,23.79802],[72.824741,23.798485],[72.825054,23.79932],[72.824778,23.79999],[72.825709,23.801164]]}},{"type":"Feature","properties":{"source_id":544,"stream_order":1},"geometry":{"type":"LineString","coordinates":[[72.839709,23.793742],[72.840388,23.793244],[72.841078,23.792981],[72.8419,23.792276]]}},{"type":"Feature","properties":{"source_id":545,"stream_order":1},"geometry":{"type":"LineString","coordinates":[[72.832781,23.79468],[72.83364,23.794769],[72.833964,23.795222],[72.834649,23.79528],[72.835186,23.795412],[72.835684,23.794836],[72.836652,23.794716]]}},{"type":"Feature","properties":{"source_id":546,"stream_order":1},"geometry":{"type":"LineString","coordinates":[[72.818701,23.769395],[72.818914,23.77029],[72.819303,23.77106],[72.81927,23.771501],[72.819395,23.771778],[72.81897,23.772345],[72.818773,23.77325],[72.819169,23.774426],[72.819125,23.774736]]}},{"type":"Feature","properties":{"source_id":547,"stream_order":2},"geometry":{"type":"LineString","coordinates":[[72.85795,23.767802],[72.858378,23.767364],[72.858351,23.76712],[72.859457,23.767073],[72.860108,23.766863],[72.860524,23.765218],[72.861055,23.764499],[72.861431,23.763819]]}},{"type":"Feature","properties":{"source_id":549,"stream_order":1},"geometry":{"type":"LineString","coordinates":[[72.861612,23.768568],[72.861158,23.767721],[72.861163,23.767463],[72.861557,23.766857],[72.861355,23.765841],[72.861063,23.765283],[72.860898,23.764731]]}},{"type":"Feature","properties":{"source_id":550,"stream_order":1},"geometry":{"type":"LineString","coordinates":[[72.84383,23.73601],[72.844491,23.73681],[72.844622,23.737327],[72.845082,23.737793],[72.84514,23.738023],[72.844204,23.739359],[72.843372,23.741085],[72.842358,23.744376],[72.841811,23.745429]]}},{"type":"Feature","properties":{"source_id":551,"stream_order":1},"geometry":{"type":"LineString","coordinates":[[72.840755,23.738678],[72.84383,23.73601]]}},{"type":"Feature","properties":{"source_id":552,"stream_order":1},"geometry":{"type":"LineString","coordinates":[[72.843573,23.721958],[72.844076,23.722921],[72.845465,23.72386]]}},{"type":"Feature","properties":{"source_id":553,"stream_order":1},"geometry":{"type":"LineString","coordinates":[[72.852014,23.716653],[72.851822,23.718848],[72.85208,23.720956]]}},{"type":"Feature","properties":{"source_id":554,"stream_order":2},"geometry":{"type":"LineString","coordinates":[[72.809726,23.723605],[72.810892,23.725531],[72.810559,23.728068],[72.810105,23.730412],[72.809836,23.732966]]}},{"type":"Feature","properties":{"source_id":555,"stream_order":1},"geometry":{"type":"LineString","coordinates":[[72.805785,23.74174],[72.805876,23.740021],[72.806103,23.73884],[72.807597,23.736415],[72.80839,23.733693],[72.809836,23.732966]]}},{"type":"Feature","properties":{"source_id":556,"stream_order":1},"geometry":{"type":"LineString","coordinates":[[72.813847,23.713065],[72.815669,23.714171],[72.815779,23.715013],[72.816536,23.715712],[72.817844,23.715673],[72.818963,23.715784],[72.819249,23.716056],[72.819455,23.717377],[72.819983,23.718111],[72.820781,23.718772],[72.822149,23.720148],[72.823103,23.720162]]}},{"type":"Feature","properties":{"source_id":557,"stream_order":1},"geometry":{"type":"LineString","coordinates":[[72.831858,23.716673],[72.831094,23.716414],[72.830227,23.715103]]}},{"type":"Feature","properties":{"source_id":558,"stream_order":1},"geometry":{"type":"LineString","coordinates":[[72.991253,23.741451],[72.991665,23.741434],[72.992584,23.741102],[72.994869,23.740979],[73.000816,23.741744],[73.004112,23.743449],[73.006231,23.743324],[73.007847,23.743555],[73.009569,23.743653]]}},{"type":"Feature","properties":{"source_id":559,"stream_order":2},"geometry":{"type":"LineString","coordinates":[[72.991253,23.741451],[72.991984,23.740941],[72.992133,23.740695],[72.991744,23.740384],[72.990981,23.740049],[72.990945,23.739666],[72.991631,23.739618],[72.992253,23.739664],[72.992757,23.73927],[72.992828,23.738735],[72.993474,23.738534],[72.994013,23.738617],[72.994416,23.738068],[72.995302,23.738481],[72.995432,23.738158],[72.995319,23.737373],[72.996006,23.737248],[72.99647,23.736776],[72.997163,23.736269],[72.997656,23.7366],[72.99832,23.736647],[72.998433,23.736056],[72.999169,23.735378],[73.001982,23.734745],[73.003332,23.734667],[73.003831,23.734511]]}},{"type":"Feature","properties":{"source_id":560,"stream_order":1},"geometry":{"type":"LineString","coordinates":[[72.993496,23.738537],[72.993686,23.73695],[72.993512,23.736088],[72.993959,23.735348],[72.994177,23.734701],[72.994149,23.733822],[72.99468,23.733045],[72.994697,23.731899],[72.994895,23.731156],[72.994904,23.730564]]}},{"type":"Feature","properties":{"source_id":561,"stream_order":1},"geometry":{"type":"LineString","coordinates":[[73.003831,23.734511],[73.004171,23.736352],[73.004854,23.737508],[73.006472,23.738568],[73.009075,23.738924],[73.010423,23.739909]]}},{"type":"Feature","properties":{"source_id":562,"stream_order":1},"geometry":{"type":"LineString","coordinates":[[73.004855,23.73419],[73.006327,23.735341],[73.007576,23.735142],[73.008427,23.735476]]}},{"type":"Feature","properties":{"source_id":563,"stream_order":1},"geometry":{"type":"LineString","coordinates":[[72.99951,23.758338],[72.999886,23.75844],[73.000502,23.758925],[73.001171,23.758628],[73.001312,23.758898],[73.001161,23.759297],[73.002168,23.75996],[73.002856,23.759758],[73.00462,23.761176],[73.005695,23.761515],[73.006649,23.761585],[73.006911,23.762085],[73.007801,23.762288],[73.009251,23.762478],[73.009451,23.763016],[73.0093,23.764734],[73.010889,23.765366],[73.013358,23.766869],[73.014447,23.767686],[73.016841,23.769972]]}},{"type":"Feature","properties":{"source_id":564,"stream_order":1},"geometry":{"type":"LineString","coordinates":[[72.999935,23.755268],[72.999944,23.757389],[72.999585,23.757805],[72.99951,23.758338]]}},{"type":"Feature","properties":{"source_id":565,"stream_order":1},"geometry":{"type":"LineString","coordinates":[[72.995155,23.757145],[72.9952,23.758016],[72.995045,23.758644],[72.995033,23.759428],[72.994367,23.760872],[72.994523,23.762899]]}},{"type":"Feature","properties":{"source_id":566,"stream_order":1},"geometry":{"type":"LineString","coordinates":[[72.985707,23.752067],[72.985764,23.753249],[72.986536,23.754387],[72.986793,23.755212],[72.986906,23.75592],[72.986612,23.756146],[72.987119,23.756955],[72.9875,23.757839],[72.987747,23.757995]]}},{"type":"Feature","properties":{"source_id":567,"stream_order":1},"geometry":{"type":"LineString","coordinates":[[72.983844,23.750656],[72.983745,23.752248],[72.983496,23.753563],[72.983485,23.754309],[72.982861,23.755734],[72.981354,23.757854]]}},{"type":"Feature","properties":{"source_id":568,"stream_order":3},"geometry":{"type":"LineString","coordinates":[[72.977811,23.772484],[72.978951,23.772751],[72.979949,23.772024],[72.980208,23.772027],[72.980535,23.772724],[72.981176,23.773258],[72.981215,23.774095],[72.981546,23.774505],[72.982065,23.774488],[72.982312,23.775303],[72.982725,23.775452],[72.983536,23.775033],[72.984229,23.775567],[72.984527,23.776455],[72.985534,23.776803],[72.986917,23.776343],[72.989398,23.776996],[72.990193,23.777316]]}},{"type":"Feature","properties":{"source_id":569,"stream_order":2},"geometry":{"type":"LineString","coordinates":[[73.002846,23.789222],[73.002979,23.790311],[73.002898,23.792221],[73.002345,23.792716],[73.002217,23.794291],[73.00243,23.795655],[73.00286,23.796402],[73.003334,23.797602],[73.00322,23.798421]]}},{"type":"Feature","properties":{"source_id":570,"stream_order":1},"geometry":{"type":"LineString","coordinates":[[73.00324,23.802116],[73.002977,23.800631],[73.003282,23.799345],[73.00322,23.798421]]}},{"type":"Feature","properties":{"source_id":571,"stream_order":1},"geometry":{"type":"LineString","coordinates":[[73.0092,23.79293],[73.009081,23.793639],[73.008894,23.793947],[73.009414,23.793906],[73.009798,23.79427],[73.010941,23.794189],[73.011365,23.795341],[73.012174,23.795112],[73.01341,23.795726],[73.013712,23.796398],[73.014333,23.796526],[73.015506,23.796206],[73.01589,23.796546],[73.015959,23.797144],[73.016912,23.797682],[73.017292,23.79826],[73.018042,23.798461],[73.018531,23.79873],[73.019235,23.798524],[73.019827,23.798866],[73.02021,23.799277],[73.020906,23.79962],[73.021265,23.799935]]}},{"type":"Feature","properties":{"source_id":572,"stream_order":1},"geometry":{"type":"LineString","coordinates":[[73.0092,23.79293],[73.010243,23.792316],[73.015086,23.791375],[73.016781,23.790919],[73.01796,23.790146],[73.01812,23.789909]]}},{"type":"Feature","properties":{"source_id":573,"stream_order":1},"geometry":{"type":"LineString","coordinates":[[73.007067,23.799681],[73.004234,23.798211],[73.003329,23.797638]]}},{"type":"Feature","properties":{"source_id":574,"stream_order":1},"geometry":{"type":"LineString","coordinates":[[72.997291,23.797261],[72.997411,23.796164],[72.99732,23.795326],[72.997406,23.794826],[72.997956,23.794475],[72.997941,23.793782],[72.997536,23.793108],[72.997552,23.792057],[72.99774,23.791629],[72.998136,23.791204],[72.998045,23.790391],[72.997408,23.789618],[72.99687,23.789133],[72.997243,23.788517],[72.997071,23.787846],[72.996094,23.787236],[72.995511,23.786345],[72.994872,23.785667],[72.994089,23.784272],[72.993764,23.783431],[72.993832,23.782405],[72.994099,23.781931],[72.994084,23.781238],[72.994273,23.780739],[72.99405,23.780019],[72.994051,23.778955]]}},{"type":"Feature","properties":{"source_id":575,"stream_order":1},"geometry":{"type":"LineString","coordinates":[[73.001857,23.781684],[73.00258,23.780727],[73.003522,23.780261],[73.004712,23.780492],[73.005886,23.780149],[73.006958,23.779637],[73.007814,23.779624],[73.008124,23.779747],[73.008856,23.779422],[73.009791,23.779387],[73.010186,23.779033],[73.010755,23.77916],[73.011386,23.778595],[73.012081,23.77901],[73.013094,23.778975],[73.013615,23.778839]]}},{"type":"Feature","properties":{"source_id":576,"stream_order":1},"geometry":{"type":"LineString","coordinates":[[73.001857,23.781684],[73.00318,23.78224],[73.005103,23.782073],[73.006217,23.782231],[73.007463,23.782271],[73.008011,23.782063]]}},{"type":"Feature","properties":{"source_id":577,"stream_order":1},"geometry":{"type":"LineString","coordinates":[[72.997662,23.779803],[72.998442,23.779694],[73.000086,23.779142],[73.000864,23.7792],[73.00173,23.778614],[73.002153,23.77807],[73.00244,23.778026],[73.002968,23.777435],[73.00336,23.777249],[73.00421,23.777666],[73.005226,23.777417],[73.005523,23.776704],[73.006198,23.776713],[73.006941,23.777319],[73.007408,23.777373]]}},{"type":"Feature","properties":{"source_id":578,"stream_order":2},"geometry":{"type":"LineString","coordinates":[[72.99122,23.775026],[72.991271,23.775086],[72.991209,23.775706],[72.990193,23.777316]]}},{"type":"Feature","properties":{"source_id":579,"stream_order":1},"geometry":{"type":"LineString","coordinates":[[72.990604,23.7864],[72.989397,23.782132],[72.98913,23.780934],[72.99015,23.78047],[72.990213,23.779706],[72.990023,23.778581],[72.990009,23.777793],[72.990193,23.777316]]}},{"type":"Feature","properties":{"source_id":580,"stream_order":1},"geometry":{"type":"LineString","coordinates":[[72.98282,23.775403],[72.983261,23.776056],[72.983096,23.776651],[72.983347,23.777228],[72.982765,23.777889],[72.982676,23.778605],[72.983183,23.779447],[72.983694,23.77998],[72.983961,23.781178]]}},{"type":"Feature","properties":{"source_id":581,"stream_order":1},"geometry":{"type":"LineString","coordinates":[[72.977811,23.772484],[72.977902,23.773454],[72.978171,23.774509],[72.978093,23.776204],[72.977732,23.777752],[72.977407,23.778584],[72.977171,23.778772],[72.977682,23.77928],[72.977846,23.780453],[72.978619,23.782493],[72.979792,23.78387],[72.980433,23.784333],[72.980364,23.785454],[72.980795,23.786129]]}},{"type":"Feature","properties":{"source_id":583,"stream_order":1},"geometry":{"type":"LineString","coordinates":[[72.979996,23.806239],[72.979843,23.807425],[72.979876,23.80862],[72.980841,23.810018]]}},{"type":"Feature","properties":{"source_id":584,"stream_order":2},"geometry":{"type":"LineString","coordinates":[[72.98447,23.809756],[72.985804,23.809764],[72.98676,23.810111],[72.987152,23.809949],[72.9894,23.8106],[72.990219,23.811423],[72.991631,23.812468],[72.992957,23.812342],[72.993594,23.813139],[72.994501,23.813198],[72.994856,23.813752],[72.994743,23.814372],[72.995233,23.814569],[72.995585,23.815315],[72.996224,23.816016]]}},{"type":"Feature","properties":{"source_id":585,"stream_order":1},"geometry":{"type":"LineString","coordinates":[[72.996224,23.816016],[72.996763,23.816429],[72.998057,23.816684],[72.998798,23.817459],[72.999329,23.818421]]}},{"type":"Feature","properties":{"source_id":586,"stream_order":1},"geometry":{"type":"LineString","coordinates":[[72.992462,23.774303],[72.994264,23.774689],[72.995649,23.77507],[72.997204,23.775224],[72.997756,23.775805],[72.999028,23.775458],[72.999846,23.774933]]}},{"type":"Feature","properties":{"source_id":587,"stream_order":1},"geometry":{"type":"LineString","coordinates":[[72.992462,23.774303],[72.992345,23.773861],[72.992454,23.7735],[72.992918,23.773085],[72.993669,23.772828],[72.994088,23.772565],[72.99464,23.771789]]}},{"type":"Feature","properties":{"source_id":588,"stream_order":1},"geometry":{"type":"LineString","coordinates":[[72.977811,23.772484],[72.978318,23.771655],[72.978518,23.770487],[72.978965,23.770135],[72.979151,23.769803],[72.979597,23.769498],[72.97968,23.769212],[72.980489,23.768936],[72.981133,23.769231],[72.981374,23.768733],[72.981716,23.768475],[72.983015,23.768372]]}},{"type":"Feature","properties":{"source_id":589,"stream_order":2},"geometry":{"type":"LineString","coordinates":[[72.944599,23.78386],[72.945578,23.783444],[72.949025,23.783471],[72.950693,23.783072],[72.951989,23.782535],[72.953672,23.782481]]}},{"type":"Feature","properties":{"source_id":590,"stream_order":1},"geometry":{"type":"LineString","coordinates":[[72.953672,23.782481],[72.954768,23.784101],[72.955489,23.784455],[72.955922,23.786008]]}},{"type":"Feature","properties":{"source_id":591,"stream_order":3},"geometry":{"type":"LineString","coordinates":[[72.961734,23.688047],[72.961782,23.688506],[72.961055,23.689422],[72.960755,23.689926],[72.961336,23.690113],[72.96123,23.690679],[72.960545,23.690938],[72.960059,23.690932],[72.960209,23.69171],[72.961479,23.691369],[72.961851,23.691998],[72.960192,23.692815],[72.961025,23.693453],[72.961344,23.693786],[72.961072,23.694559],[72.961702,23.695761],[72.962342,23.696337],[72.961775,23.697315],[72.962512,23.697922],[72.963129,23.69787],[72.963051,23.698705],[72.963202,23.699394],[72.964068,23.700063],[72.964348,23.700813],[72.964369,23.70153],[72.965067,23.702524],[72.965771,23.703161],[72.966078,23.70424],[72.966455,23.705021]]}},{"type":"Feature","properties":{"source_id":592,"stream_order":1},"geometry":{"type":"LineString","coordinates":[[73.001003,23.723507],[72.999677,23.723221],[72.998348,23.723204],[72.997154,23.722801],[72.995633,23.722542],[72.995314,23.72218],[72.994572,23.721931],[72.994325,23.721151],[72.993523,23.720544],[72.992261,23.720348],[72.990997,23.720332],[72.988553,23.721047],[72.987743,23.720976],[72.986779,23.720426],[72.984217,23.720393],[72.982948,23.720645],[72.981464,23.720148],[72.980438,23.719358],[72.978278,23.718524],[72.977105,23.716806],[72.976323,23.714945],[72.975357,23.714454],[72.973714,23.713776],[72.973529,23.713117],[72.97295,23.71281],[72.972569,23.712298],[72.971921,23.712259],[72.972037,23.711037],[72.971324,23.710997],[72.971167,23.710667],[72.970845,23.710513],[72.970787,23.710094],[72.970138,23.710116],[72.96982,23.709723],[72.969244,23.709208],[72.96853,23.707824]]}},{"type":"Feature","properties":{"source_id":593,"stream_order":1},"geometry":{"type":"LineString","coordinates":[[72.96853,23.707824],[72.968088,23.708476],[72.968139,23.709343],[72.967871,23.709937],[72.96872,23.71162],[72.968768,23.712755],[72.968923,23.713205]]}},{"type":"Feature","properties":{"source_id":594,"stream_order":2},"geometry":{"type":"LineString","coordinates":[[72.966082,23.69564],[72.965381,23.694824],[72.965068,23.694074],[72.964558,23.6935],[72.96395,23.693014],[72.963316,23.691297]]}},{"type":"Feature","properties":{"source_id":595,"stream_order":1},"geometry":{"type":"LineString","coordinates":[[72.966082,23.69564],[72.967134,23.696818],[72.971002,23.698302],[72.972894,23.699671],[72.973685,23.700965],[72.975561,23.701229],[72.976665,23.701153]]}},{"type":"Feature","properties":{"source_id":596,"stream_order":1},"geometry":{"type":"LineString","coordinates":[[72.974198,23.708061],[72.975138,23.707643],[72.975729,23.707203],[72.975894,23.706996],[72.977157,23.707102],[72.977797,23.707648],[72.979348,23.708057],[72.979829,23.708391],[72.981123,23.708587],[72.982867,23.709058],[72.983277,23.70984],[72.987233,23.709861],[72.989597,23.710071],[72.992603,23.710767]]}},{"type":"Feature","properties":{"source_id":597,"stream_order":2},"geometry":{"type":"LineString","coordinates":[[72.963316,23.691297],[72.963917,23.690923],[72.964476,23.690097],[72.965262,23.690748],[72.965232,23.690268],[72.966195,23.690416],[72.966576,23.690958],[72.967777,23.690884],[72.968029,23.691336],[72.968551,23.691133],[72.970488,23.691666],[72.971369,23.691349],[72.971888,23.691297],[72.973093,23.691014],[72.973575,23.691259],[72.973874,23.690815],[72.975358,23.691282],[72.975904,23.691618],[72.976445,23.692282],[72.977054,23.692768],[72.977563,23.693372],[72.978045,23.693676],[72.978467,23.693682],[72.978909,23.694404],[72.979166,23.694557],[72.979656,23.694325],[72.980586,23.695023],[72.981649,23.695485],[72.982681,23.695827],[72.983841,23.69635],[72.985757,23.698256],[72.986039,23.698917],[72.987463,23.699488]]}},{"type":"Feature","properties":{"source_id":598,"stream_order":1},"geometry":{"type":"LineString","coordinates":[[72.987463,23.699488],[72.988699,23.698862],[72.990386,23.698824],[72.991613,23.699139],[72.99216,23.699444]]}},{"type":"Feature","properties":{"source_id":599,"stream_order":1},"geometry":{"type":"LineString","coordinates":[[72.960169,23.684657],[72.961121,23.685153],[72.961726,23.685848],[72.963482,23.685543],[72.964611,23.685946],[72.966007,23.685815],[72.968077,23.68614],[72.969164,23.68714],[72.970884,23.687073],[72.972472,23.687124],[72.973827,23.68753],[72.975453,23.687252],[72.97675,23.687269],[72.978266,23.687767]]}},{"type":"Feature","properties":{"source_id":600,"stream_order":2},"geometry":{"type":"LineString","coordinates":[[72.958502,23.682724],[72.958715,23.683509],[72.958482,23.683894],[72.958536,23.684611],[72.958002,23.68559],[72.957587,23.687227],[72.958455,23.687746],[72.958249,23.68843],[72.957754,23.688991],[72.957864,23.690306],[72.957792,23.690753],[72.957108,23.690923],[72.956647,23.691395],[72.955269,23.692422],[72.955509,23.693679],[72.955336,23.694334],[72.954778,23.694746]]}},{"type":"Feature","properties":{"source_id":601,"stream_order":1},"geometry":{"type":"LineString","coordinates":[[72.951933,23.696319],[72.95262,23.69591],[72.953468,23.695653],[72.953637,23.695177],[72.954423,23.69471],[72.954778,23.694746]]}},{"type":"Feature","properties":{"source_id":602,"stream_order":1},"geometry":{"type":"LineString","coordinates":[[72.955269,23.692422],[72.954496,23.692083],[72.952638,23.690655],[72.951631,23.690761],[72.950529,23.690717],[72.948605,23.691408],[72.948397,23.692301],[72.947709,23.69271],[72.947406,23.693422],[72.947074,23.693926],[72.946516,23.694396]]}},{"type":"Feature","properties":{"source_id":603,"stream_order":1},"geometry":{"type":"LineString","coordinates":[[72.957954,23.682216],[72.957041,23.68274],[72.956154,23.683475],[72.956114,23.683982],[72.955357,23.684689],[72.953127,23.686302],[72.952147,23.686796],[72.950692,23.688599],[72.949389,23.68897],[72.947861,23.689248],[72.945442,23.69047]]}},{"type":"Feature","properties":{"source_id":604,"stream_order":1},"geometry":{"type":"LineString","coordinates":[[72.94316,23.687125],[72.944632,23.686309],[72.945999,23.685968],[72.946496,23.685288],[72.947483,23.684376],[72.948829,23.683289],[72.949818,23.682286],[72.950171,23.680404],[72.950177,23.675053],[72.950555,23.674785]]}},{"type":"Feature","properties":{"source_id":605,"stream_order":4},"geometry":{"type":"LineString","coordinates":[[72.962043,23.660944],[72.961769,23.661047],[72.961443,23.662046],[72.962082,23.663452],[72.961332,23.664159],[72.959696,23.664317],[72.958435,23.665339],[72.958843,23.666599],[72.959134,23.667893],[72.958698,23.66846],[72.958449,23.66946],[72.959723,23.67005],[72.959794,23.670517],[72.958151,23.671903],[72.958109,23.672452],[72.958217,23.673798],[72.95796,23.675735],[72.958204,23.676754],[72.958522,23.677146],[72.958442,23.67813],[72.95898,23.678974],[72.958999,23.67981],[72.957935,23.681528],[72.957956,23.682275],[72.959653,23.683671],[72.960188,23.684693],[72.960206,23.685649],[72.96035,23.686785],[72.960765,23.687209],[72.961346,23.687366],[72.961734,23.688047]]}},{"type":"Feature","properties":{"source_id":606,"stream_order":1},"geometry":{"type":"LineString","coordinates":[[72.950555,23.674785],[72.949538,23.674471],[72.948885,23.674701],[72.948362,23.675005],[72.948484,23.675508],[72.947751,23.675953],[72.947021,23.676182],[72.946297,23.676029],[72.944405,23.675932],[72.944231,23.6771],[72.943633,23.678836],[72.942741,23.679517],[72.942306,23.680754],[72.941256,23.681552],[72.93983,23.683181],[72.93957,23.684898],[72.939293,23.686017]]}},{"type":"Feature","properties":{"source_id":609,"stream_order":1},"geometry":{"type":"LineString","coordinates":[[72.961241,23.664168],[72.961507,23.665416],[72.962433,23.665894],[72.963354,23.66673],[72.963303,23.667482],[72.963053,23.668589],[72.963034,23.669772],[72.963321,23.671388],[72.962733,23.671631],[72.962799,23.672384],[72.962636,23.67292],[72.962072,23.673233]]}},{"type":"Feature","properties":{"source_id":610,"stream_order":1},"geometry":{"type":"LineString","coordinates":[[72.900625,23.650101],[72.90064,23.648622],[72.901865,23.646966],[72.902689,23.646141],[72.903321,23.645104],[72.903597,23.644063],[72.905394,23.643162],[72.908583,23.642399],[72.91253,23.640809],[72.914285,23.640534],[72.915092,23.640695]]}},{"type":"Feature","properties":{"source_id":611,"stream_order":1},"geometry":{"type":"LineString","coordinates":[[72.907268,23.673968],[72.908369,23.674237],[72.909206,23.674637],[72.910883,23.675197],[72.911758,23.675239]]}},{"type":"Feature","properties":{"source_id":612,"stream_order":1},"geometry":{"type":"LineString","coordinates":[[72.907062,23.701363],[72.906721,23.704434],[72.906558,23.707779],[72.906644,23.70927],[72.906968,23.71063]]}},{"type":"Feature","properties":{"source_id":613,"stream_order":1},"geometry":{"type":"LineString","coordinates":[[72.922719,23.709905],[72.922531,23.711515],[72.921775,23.712131],[72.921893,23.712909],[72.921472,23.714181]]}},{"type":"Feature","properties":{"source_id":614,"stream_order":2},"geometry":{"type":"LineString","coordinates":[[72.850729,23.625659],[72.850145,23.626248],[72.849231,23.626966],[72.84855,23.62677],[72.847795,23.62633],[72.846977,23.626906],[72.84664,23.626586],[72.845496,23.62614],[72.844735,23.626029],[72.844294,23.626192],[72.844783,23.626897],[72.844987,23.627939],[72.845311,23.628684],[72.845289,23.630033],[72.845176,23.630576]]}},{"type":"Feature","properties":{"source_id":615,"stream_order":1},"geometry":{"type":"LineString","coordinates":[[72.841618,23.645378],[72.841035,23.642962],[72.840111,23.641444],[72.839872,23.640839],[72.839852,23.639233],[72.839303,23.638566],[72.838681,23.637597],[72.838466,23.635545],[72.839356,23.634353],[72.840016,23.633001],[72.83925,23.630702],[72.839268,23.628851],[72.839099,23.628108],[72.839205,23.627178],[72.838891,23.626693],[72.84,23.626393],[72.842164,23.626309],[72.842777,23.625916],[72.843492,23.625969],[72.844062,23.626278],[72.844294,23.626192]]}},{"type":"Feature","properties":{"source_id":616,"stream_order":1},"geometry":{"type":"LineString","coordinates":[[72.82916,23.620617],[72.830762,23.622653],[72.831315,23.624512],[72.832301,23.624466],[72.832491,23.624707],[72.832044,23.625083],[72.832282,23.625636],[72.832277,23.626723],[72.832613,23.627528],[72.83297,23.628727],[72.834164,23.628648]]}},{"type":"Feature","properties":{"source_id":618,"stream_order":1},"geometry":{"type":"LineString","coordinates":[[72.846727,23.635691],[72.846935,23.634846],[72.847259,23.634074],[72.847663,23.633924],[72.848297,23.63318],[72.848188,23.632749],[72.847142,23.631671],[72.846523,23.631472],[72.84605,23.631059],[72.845176,23.630576]]}},{"type":"Feature","properties":{"source_id":620,"stream_order":1},"geometry":{"type":"LineString","coordinates":[[72.85607,23.689949],[72.856033,23.689431],[72.856464,23.688505],[72.857568,23.687565],[72.858952,23.687035],[72.86075,23.68651],[72.861606,23.686522],[72.862364,23.685847],[72.863105,23.685592],[72.863243,23.684729],[72.864417,23.684315],[72.867348,23.684332],[72.868082,23.68384],[72.869434,23.683644],[72.871495,23.682908],[72.872111,23.683298],[72.873226,23.683314],[72.875044,23.683219]]}},{"type":"Feature","properties":{"source_id":621,"stream_order":1},"geometry":{"type":"LineString","coordinates":[[72.84871,23.683644],[72.84921,23.683197],[72.850348,23.683404],[72.851359,23.683418],[72.852013,23.683093],[72.853459,23.683471],[72.855542,23.684599],[72.856832,23.684999],[72.858241,23.684469],[72.860171,23.683874],[72.862703,23.682834]]}},{"type":"Feature","properties":{"source_id":622,"stream_order":1},"geometry":{"type":"LineString","coordinates":[[72.84871,23.683644],[72.849116,23.682622],[72.850527,23.681973],[72.852689,23.681382],[72.855005,23.680912],[72.856518,23.680432],[72.858079,23.680095],[72.861116,23.67997],[72.864908,23.679664],[72.866052,23.679512]]}},{"type":"Feature","properties":{"source_id":623,"stream_order":1},"geometry":{"type":"LineString","coordinates":[[72.85607,23.689949],[72.856881,23.689968],[72.857655,23.690194],[72.858159,23.691084],[72.858391,23.691183],[72.859353,23.691077]]}},{"type":"Feature","properties":{"source_id":624,"stream_order":1},"geometry":{"type":"LineString","coordinates":[[72.854902,23.690719],[72.854802,23.691802],[72.855459,23.692839],[72.856021,23.693348],[72.8563,23.693782],[72.856448,23.694238]]}},{"type":"Feature","properties":{"source_id":625,"stream_order":2},"geometry":{"type":"LineString","coordinates":[[72.833645,23.672905],[72.834941,23.673162],[72.836249,23.67324],[72.836201,23.673801],[72.836453,23.67427],[72.836879,23.67436],[72.838363,23.674058],[72.838698,23.674194],[72.838982,23.675058],[72.839394,23.675195],[72.839829,23.676384],[72.839823,23.67673],[72.839547,23.676929],[72.83996,23.677055],[72.840453,23.677049],[72.84115,23.676498]]}},{"type":"Feature","properties":{"source_id":626,"stream_order":1},"geometry":{"type":"LineString","coordinates":[[72.84115,23.676498],[72.841206,23.677036],[72.841104,23.680056]]}},{"type":"Feature","properties":{"source_id":627,"stream_order":1},"geometry":{"type":"LineString","coordinates":[[72.840439,23.67705],[72.84005,23.678716],[72.839686,23.679571]]}},{"type":"Feature","properties":{"source_id":628,"stream_order":1},"geometry":{"type":"LineString","coordinates":[[72.83434,23.680703],[72.83515,23.680953],[72.835669,23.680936],[72.836599,23.680352],[72.837177,23.680682],[72.837401,23.681295],[72.838097,23.681519],[72.839059,23.681413],[72.839847,23.681592],[72.840331,23.682136],[72.841269,23.683427]]}},{"type":"Feature","properties":{"source_id":629,"stream_order":2},"geometry":{"type":"LineString","coordinates":[[72.830937,23.682265],[72.833331,23.682731],[72.834485,23.684311],[72.83507,23.684988],[72.836302,23.685782],[72.836518,23.685808]]}},{"type":"Feature","properties":{"source_id":630,"stream_order":1},"geometry":{"type":"LineString","coordinates":[[72.836665,23.687352],[72.836512,23.68643],[72.836518,23.685808]]}},{"type":"Feature","properties":{"source_id":631,"stream_order":1},"geometry":{"type":"LineString","coordinates":[[72.83434,23.680703],[72.834701,23.68146],[72.83526,23.682113],[72.835619,23.682404],[72.836043,23.682601],[72.836367,23.682666],[72.836838,23.683174],[72.83725,23.683371]]}},{"type":"Feature","properties":{"source_id":632,"stream_order":2},"geometry":{"type":"LineString","coordinates":[[73.002846,23.789222],[73.003237,23.78869],[73.003884,23.788818],[73.004778,23.789761],[73.004167,23.790685],[73.004451,23.790808],[73.005418,23.790391],[73.006342,23.791048],[73.006049,23.791522],[73.00726,23.792158],[73.008108,23.792719],[73.008913,23.792681],[73.0092,23.79293]]}},{"type":"Feature","properties":{"source_id":633,"stream_order":1},"geometry":{"type":"LineString","coordinates":[[73.00322,23.798421],[73.00104,23.799937],[73.000862,23.801368],[73.000873,23.802372]]}},{"type":"Feature","properties":{"source_id":634,"stream_order":3},"geometry":{"type":"LineString","coordinates":[[73.000553,23.78343],[73.000767,23.785529],[73.001101,23.785796],[73.001249,23.7863],[73.00163,23.78683],[73.001643,23.78769],[73.001891,23.788434],[73.002219,23.789036],[73.002846,23.789222]]}},{"type":"Feature","properties":{"source_id":635,"stream_order":1},"geometry":{"type":"LineString","coordinates":[[73.000553,23.78343],[73.001157,23.78379],[73.002534,23.78376],[73.00375,23.783991],[73.003996,23.784902],[73.005193,23.784678],[73.006229,23.784883],[73.007111,23.784894],[73.008489,23.784769],[73.010534,23.785154],[73.011779,23.785241],[73.013808,23.786653],[73.013985,23.786942]]}},{"type":"Feature","properties":{"source_id":636,"stream_order":2},"geometry":{"type":"LineString","coordinates":[[72.999476,23.78197],[73.001812,23.781744],[73.001857,23.781684]]}},{"type":"Feature","properties":{"source_id":638,"stream_order":3},"geometry":{"type":"LineString","coordinates":[[72.999476,23.78197],[73.000553,23.78343]]}},{"type":"Feature","properties":{"source_id":639,"stream_order":3},"geometry":{"type":"LineString","coordinates":[[72.997662,23.779803],[72.998114,23.780812],[72.998786,23.781012],[72.999476,23.78197]]}},{"type":"Feature","properties":{"source_id":640,"stream_order":3},"geometry":{"type":"LineString","coordinates":[[72.994051,23.778955],[72.995407,23.779559],[72.996785,23.779433],[72.997662,23.779803]]}},{"type":"Feature","properties":{"source_id":641,"stream_order":3},"geometry":{"type":"LineString","coordinates":[[72.990193,23.777316],[72.99076,23.777898],[72.991098,23.777878],[72.991438,23.77774],[72.991899,23.778128],[72.992524,23.778016],[72.992959,23.77838],[72.994051,23.778955]]}},{"type":"Feature","properties":{"source_id":642,"stream_order":2},"geometry":{"type":"LineString","coordinates":[[72.99122,23.775026],[72.992462,23.774303]]}},{"type":"Feature","properties":{"source_id":643,"stream_order":1},"geometry":{"type":"LineString","coordinates":[[72.990939,23.774699],[72.99122,23.775026]]}},{"type":"Feature","properties":{"source_id":644,"stream_order":3},"geometry":{"type":"LineString","coordinates":[[72.975444,23.77113],[72.976544,23.77229],[72.977811,23.772484]]}},{"type":"Feature","properties":{"source_id":645,"stream_order":3},"geometry":{"type":"LineString","coordinates":[[72.975444,23.77113],[72.975448,23.771196],[72.975091,23.771508],[72.974823,23.772131],[72.974577,23.773628],[72.973212,23.774661],[72.973078,23.77491],[72.973089,23.775854],[72.973409,23.776981],[72.973532,23.778284],[72.97369,23.778991],[72.973596,23.779205],[72.973133,23.779724],[72.973583,23.782537],[72.973554,23.783552],[72.973241,23.784467]]}},{"type":"Feature","properties":{"source_id":646,"stream_order":1},"geometry":{"type":"LineString","coordinates":[[72.985141,23.849907],[72.984666,23.850225],[72.984421,23.850974],[72.984041,23.85122],[72.983707,23.851789]]}},{"type":"Feature","properties":{"source_id":648,"stream_order":1},"geometry":{"type":"LineString","coordinates":[[72.996224,23.816016],[72.997165,23.815574],[72.997675,23.814506]]}},{"type":"Feature","properties":{"source_id":649,"stream_order":3},"geometry":{"type":"LineString","coordinates":[[72.974746,23.800077],[72.974824,23.80132],[72.976226,23.802987],[72.976791,23.803386],[72.977429,23.803117],[72.977667,23.803856],[72.977189,23.805178],[72.978075,23.805677],[72.979996,23.806239]]}},{"type":"Feature","properties":{"source_id":650,"stream_order":3},"geometry":{"type":"LineString","coordinates":[[72.970527,23.798789],[72.970903,23.798829],[72.971843,23.798472],[72.972436,23.79873],[72.972866,23.798628],[72.973746,23.798783],[72.97421,23.798992],[72.974631,23.799512],[72.974746,23.800077]]}},{"type":"Feature","properties":{"source_id":651,"stream_order":3},"geometry":{"type":"LineString","coordinates":[[72.979996,23.806239],[72.981,23.806575],[72.982068,23.807344],[72.982641,23.807868],[72.983745,23.80836],[72.984004,23.809051],[72.98447,23.809756]]}},{"type":"Feature","properties":{"source_id":652,"stream_order":3},"geometry":{"type":"LineString","coordinates":[[72.970507,23.786701],[72.970149,23.788846],[72.969146,23.789884],[72.968947,23.790192],[72.969016,23.790754],[72.969519,23.791776],[72.969731,23.792376],[72.969703,23.793319],[72.969963,23.794135],[72.969287,23.795046],[72.969461,23.795538],[72.970092,23.795857],[72.970448,23.796339],[72.970521,23.796686],[72.970943,23.797038],[72.971069,23.797303],[72.971299,23.797521],[72.971374,23.797761],[72.970402,23.798488],[72.970527,23.798789]]}},{"type":"Feature","properties":{"source_id":653,"stream_order":3},"geometry":{"type":"LineString","coordinates":[[72.973241,23.784467],[72.972794,23.784868],[72.971926,23.784773],[72.971425,23.784408],[72.970998,23.784342],[72.970757,23.784793],[72.970576,23.785603],[72.970507,23.786701]]}},{"type":"Feature","properties":{"source_id":654,"stream_order":2},"geometry":{"type":"LineString","coordinates":[[72.965177,23.762383],[72.964981,23.762654],[72.964518,23.763026]]}},{"type":"Feature","properties":{"source_id":655,"stream_order":2},"geometry":{"type":"LineString","coordinates":[[72.97124,23.746287],[72.972094,23.745419],[72.972815,23.74582],[72.973239,23.745921],[72.97372,23.745679],[72.974084,23.745646],[72.974353,23.746347],[72.975037,23.746432],[72.974967,23.746938],[72.975126,23.74737],[72.975811,23.747417],[72.976822,23.747793],[72.977621,23.747804],[72.978001,23.747398],[72.978342,23.747536],[72.978314,23.748023],[72.978531,23.748714],[72.978925,23.749436],[72.979846,23.750327],[72.980179,23.750245],[72.980369,23.750018],[72.980501,23.750014],[72.981116,23.750379],[72.983358,23.75037],[72.983832,23.750644],[72.984813,23.751631],[72.98574,23.752083],[72.987524,23.752221],[72.988578,23.752502],[72.989735,23.752918],[72.992403,23.754922],[72.993208,23.755238],[72.994271,23.756341],[72.994903,23.757114],[72.995421,23.757178],[72.99577,23.757431],[72.99667,23.756945],[72.997287,23.757336],[72.998997,23.758199],[72.99951,23.758338]]}},{"type":"Feature","properties":{"source_id":656,"stream_order":1},"geometry":{"type":"LineString","coordinates":[[73.003831,23.734511],[73.004855,23.73419],[73.006712,23.730869]]}},{"type":"Feature","properties":{"source_id":658,"stream_order":2},"geometry":{"type":"LineString","coordinates":[[72.963133,23.738125],[72.963478,23.73795],[72.963929,23.738014],[72.964463,23.73772]]}},{"type":"Feature","properties":{"source_id":659,"stream_order":3},"geometry":{"type":"LineString","coordinates":[[72.957297,23.73953],[72.957793,23.739581],[72.958006,23.739419],[72.957496,23.738645],[72.957763,23.738527],[72.958065,23.738631],[72.95845,23.738894],[72.958631,23.738811],[72.958658,23.738575],[72.959025,23.738486],[72.95966,23.738688],[72.959964,23.738635],[72.960433,23.738541],[72.960866,23.738224],[72.961413,23.738074],[72.961786,23.738114],[72.962142,23.738269],[72.962354,23.738172],[72.962458,23.737994],[72.96284,23.737971],[72.963133,23.738125]]}},{"type":"Feature","properties":{"source_id":660,"stream_order":2},"geometry":{"type":"LineString","coordinates":[[72.97124,23.746287],[72.971324,23.746859],[72.971043,23.747393],[72.970944,23.748789]]}},{"type":"Feature","properties":{"source_id":662,"stream_order":3},"geometry":{"type":"LineString","coordinates":[[72.957297,23.73953],[72.957762,23.739879],[72.958377,23.739696],[72.958535,23.740243],[72.958718,23.740465],[72.959871,23.740432],[72.96015,23.740512],[72.960207,23.740886],[72.960483,23.741148],[72.960836,23.741152],[72.961113,23.741328],[72.961009,23.742043],[72.960791,23.74268],[72.960985,23.742893],[72.9616,23.74272],[72.961737,23.742588],[72.962742,23.742716],[72.963113,23.742874],[72.963605,23.742612],[72.964627,23.74296],[72.965319,23.74253],[72.965832,23.742948],[72.966246,23.74366],[72.966014,23.743906],[72.966421,23.744465],[72.966898,23.744471],[72.967557,23.744805],[72.968018,23.744572],[72.968701,23.744677],[72.969028,23.745006],[72.97124,23.746287]]}},{"type":"Feature","properties":{"source_id":663,"stream_order":4},"geometry":{"type":"LineString","coordinates":[[72.941427,23.747943],[72.941887,23.747419],[72.942454,23.746982],[72.943059,23.747162],[72.94351,23.748157],[72.944081,23.74848],[72.944595,23.748501],[72.945658,23.748214],[72.946427,23.74788],[72.94713,23.747689],[72.947854,23.7482],[72.948182,23.749108],[72.948156,23.749781],[72.947494,23.750303],[72.947175,23.750786],[72.947336,23.751476],[72.948493,23.752122],[72.949007,23.752114],[72.949903,23.75257],[72.951737,23.754816],[72.952387,23.756029],[72.953215,23.756886],[72.953426,23.757304],[72.952802,23.758399],[72.952428,23.759412],[72.952464,23.760086],[72.953011,23.760953],[72.953832,23.761208],[72.955214,23.76147],[72.956725,23.761476],[72.958588,23.761816],[72.960658,23.762918],[72.961974,23.76338],[72.963239,23.763153],[72.963976,23.762818],[72.964518,23.763026],[72.964822,23.763489],[72.964834,23.764765],[72.965962,23.76531],[72.966889,23.765479],[72.967231,23.766846],[72.966974,23.767301],[72.967293,23.767864],[72.968401,23.767678],[72.969028,23.767457],[72.970963,23.767196],[72.972464,23.767789],[72.973714,23.768565],[72.974511,23.769393],[72.974964,23.770301],[72.975424,23.77078],[72.975444,23.77113]]}},{"type":"Feature","properties":{"source_id":664,"stream_order":1},"geometry":{"type":"LineString","coordinates":[[72.878001,23.704914],[72.877737,23.704595],[72.877333,23.704551],[72.876855,23.704564],[72.87652,23.704741],[72.876105,23.704716],[72.875269,23.705115],[72.874871,23.705951],[72.873714,23.706279],[72.872699,23.706198],[72.871448,23.705904],[72.870717,23.705511],[72.87021,23.705447],[72.869666,23.706513]]}},{"type":"Feature","properties":{"source_id":665,"stream_order":1},"geometry":{"type":"LineString","coordinates":[[72.908869,23.727582],[72.909309,23.727339],[72.911131,23.727584],[72.911415,23.727688],[72.91183,23.728037],[72.912914,23.72842],[72.913877,23.728858],[72.914712,23.729844],[72.915605,23.730496],[72.916299,23.731208],[72.91667,23.731757],[72.916548,23.732864],[72.916169,23.733241],[72.916124,23.733413],[72.916876,23.734431],[72.917104,23.734467],[72.917323,23.73438]]}},{"type":"Feature","properties":{"source_id":666,"stream_order":1},"geometry":{"type":"LineString","coordinates":[[72.8846,23.718747],[72.883773,23.71855]]}},{"type":"Feature","properties":{"source_id":667,"stream_order":2},"geometry":{"type":"LineString","coordinates":[[72.906968,23.71063],[72.905069,23.711874],[72.904505,23.712146],[72.903739,23.712329],[72.903069,23.712363],[72.902754,23.712609],[72.902428,23.713028],[72.901855,23.713357],[72.901897,23.713651],[72.90087,23.714117],[72.900316,23.714655],[72.899908,23.714886],[72.899676,23.714775],[72.898437,23.715367],[72.898158,23.715765],[72.897796,23.716003],[72.897891,23.716377],[72.897794,23.717114],[72.898002,23.717225],[72.898375,23.717251],[72.898739,23.717371],[72.899333,23.717701],[72.899655,23.718042],[72.900254,23.718058],[72.900449,23.718483],[72.901193,23.71873],[72.901031,23.719339]]}},{"type":"Feature","properties":{"source_id":668,"stream_order":1},"geometry":{"type":"LineString","coordinates":[[72.937671,23.70515],[72.937701,23.703774],[72.938905,23.701905],[72.939776,23.70148],[72.939871,23.701345]]}},{"type":"Feature","properties":{"source_id":671,"stream_order":1},"geometry":{"type":"LineString","coordinates":[[72.926606,23.711568],[72.926795,23.711447],[72.926944,23.711191],[72.926975,23.710551],[72.927186,23.710315],[72.927098,23.709999],[72.926812,23.709727],[72.926828,23.709336],[72.927041,23.709004],[72.92726,23.708912],[72.927102,23.708403],[72.927214,23.707936],[72.927073,23.707648],[72.926512,23.707029],[72.926173,23.706804],[72.926451,23.705946],[72.926671,23.706146],[72.926728,23.706655],[72.927066,23.707006],[72.928293,23.706915],[72.928721,23.70695],[72.928953,23.707025],[72.929237,23.707548],[72.929517,23.707486],[72.929755,23.707173],[72.929851,23.706828],[72.929926,23.70622],[72.929831,23.706063],[72.928555,23.704308],[72.927985,23.703877],[72.927457,23.703219],[72.92748,23.702598],[72.927823,23.701378],[72.927843,23.700519],[72.928297,23.6997]]}},{"type":"Feature","properties":{"source_id":672,"stream_order":2},"geometry":{"type":"LineString","coordinates":[[72.96853,23.707824],[72.968303,23.707136],[72.967787,23.70695],[72.967204,23.706942],[72.966629,23.706367],[72.966413,23.705677],[72.966455,23.705021]]}},{"type":"Feature","properties":{"source_id":673,"stream_order":1},"geometry":{"type":"LineString","coordinates":[[72.974198,23.708061],[72.975374,23.709169],[72.97644,23.709422],[72.976493,23.710229],[72.977887,23.710247],[72.978596,23.710525],[72.979851,23.711169],[72.980164,23.711919],[72.983131,23.713003],[72.984234,23.712988],[72.985168,23.713418],[72.985713,23.713783],[72.986162,23.714147],[72.986224,23.714327],[72.986969,23.714367],[72.987577,23.714883],[72.988052,23.715635],[72.988611,23.715195],[72.98929,23.715323],[72.989931,23.715779],[72.990512,23.715966],[72.990764,23.716477],[72.991445,23.716456],[72.992326,23.716139],[72.994456,23.716793],[72.995307,23.716297],[72.996612,23.715806],[72.997067,23.715722],[72.998164,23.716125],[72.998904,23.716493],[72.999528,23.715963],[73.000177,23.715972],[73.000952,23.716221],[73.002794,23.716633],[73.005349,23.717084]]}},{"type":"Feature","properties":{"source_id":674,"stream_order":1},"geometry":{"type":"LineString","coordinates":[[72.968731,23.702572],[72.967914,23.700889],[72.967469,23.700257],[72.966428,23.698421],[72.966053,23.697521],[72.966082,23.69564]]}},{"type":"Feature","properties":{"source_id":675,"stream_order":2},"geometry":{"type":"LineString","coordinates":[[72.966455,23.705021],[72.967527,23.704916],[72.968234,23.705313],[72.968854,23.705053],[72.969003,23.70592],[72.96984,23.70632],[72.97006,23.7068],[72.970995,23.707111],[72.971674,23.707239],[72.971969,23.707064],[72.972873,23.707345],[72.97371,23.707714],[72.974198,23.708061]]}},{"type":"Feature","properties":{"source_id":676,"stream_order":1},"geometry":{"type":"LineString","coordinates":[[72.987463,23.699488],[72.987746,23.699656],[72.988639,23.700683],[72.988823,23.701372],[72.990461,23.702349],[72.99146,23.702809],[72.991876,23.703143],[72.99209,23.704012],[72.99335,23.704327],[72.995637,23.705312]]}},{"type":"Feature","properties":{"source_id":677,"stream_order":3},"geometry":{"type":"LineString","coordinates":[[72.963316,23.691297],[72.962285,23.689558],[72.96249,23.688874],[72.961734,23.688047]]}},{"type":"Feature","properties":{"source_id":679,"stream_order":1},"geometry":{"type":"LineString","coordinates":[[72.954778,23.694746],[72.954213,23.695692],[72.95377,23.69706],[72.953236,23.698009],[72.952774,23.69851]]}},{"type":"Feature","properties":{"source_id":680,"stream_order":2},"geometry":{"type":"LineString","coordinates":[[72.950555,23.674785],[72.951358,23.674161],[72.952424,23.674008],[72.952965,23.67423],[72.953295,23.674712],[72.954027,23.674316],[72.954062,23.673767],[72.954898,23.673324],[72.956407,23.673033],[72.957452,23.672569],[72.958151,23.671903]]}},{"type":"Feature","properties":{"source_id":682,"stream_order":2},"geometry":{"type":"LineString","coordinates":[[72.960794,23.827754],[72.961635,23.827751],[72.961845,23.828044]]}},{"type":"Feature","properties":{"source_id":683,"stream_order":2},"geometry":{"type":"LineString","coordinates":[[72.958454,23.826508],[72.960794,23.827754]]}},{"type":"Feature","properties":{"source_id":684,"stream_order":1},"geometry":{"type":"LineString","coordinates":[[72.958454,23.826508],[72.95897,23.828791],[72.959324,23.83106]]}},{"type":"Feature","properties":{"source_id":685,"stream_order":2},"geometry":{"type":"LineString","coordinates":[[72.94627,23.807277],[72.945837,23.807891],[72.946113,23.80821],[72.946229,23.808742]]}},{"type":"Feature","properties":{"source_id":686,"stream_order":3},"geometry":{"type":"LineString","coordinates":[[72.944348,23.789038],[72.94416,23.789737],[72.944525,23.790344],[72.944699,23.79112],[72.945099,23.791455],[72.945169,23.79395],[72.946176,23.794308],[72.946693,23.795103],[72.946479,23.795802],[72.945656,23.796812],[72.945264,23.797793],[72.945491,23.798226],[72.945285,23.798481],[72.944541,23.798227],[72.944348,23.798612],[72.943882,23.798885],[72.94373,23.799292],[72.94405,23.799711],[72.944505,23.799531],[72.944733,23.799864],[72.944426,23.800562],[72.944622,23.801009],[72.945147,23.801288],[72.945126,23.801646],[72.944901,23.802073],[72.945177,23.802321],[72.945656,23.802571],[72.945947,23.802919],[72.94612,23.803781],[72.946101,23.804985],[72.946537,23.805979],[72.947236,23.806132],[72.947138,23.806417],[72.946193,23.807107],[72.94627,23.807277]]}},{"type":"Feature","properties":{"source_id":687,"stream_order":1},"geometry":{"type":"LineString","coordinates":[[72.959719,23.808097],[72.960104,23.80867],[72.960498,23.808714],[72.960732,23.809051],[72.960818,23.809511],[72.961101,23.809362],[72.961451,23.809558],[72.961291,23.809842],[72.961307,23.810119],[72.962045,23.810101],[72.962458,23.810259],[72.962556,23.810633],[72.962198,23.810934],[72.962141,23.811268],[72.962596,23.811398],[72.96252,23.811578],[72.962083,23.811668],[72.962109,23.812003],[72.962663,23.812431],[72.962927,23.812816],[72.963475,23.812957],[72.964222,23.813684],[72.964931,23.813473],[72.965681,23.813369],[72.965921,23.813917],[72.966701,23.81386],[72.967224,23.814316],[72.968234,23.814788],[72.968686,23.815119]]}},{"type":"Feature","properties":{"source_id":688,"stream_order":1},"geometry":{"type":"LineString","coordinates":[[72.964185,23.805464],[72.964576,23.805605],[72.965843,23.805631],[72.967007,23.804872]]}},{"type":"Feature","properties":{"source_id":689,"stream_order":1},"geometry":{"type":"LineString","coordinates":[[72.967744,23.809602],[72.968249,23.810517],[72.968965,23.811205],[72.969499,23.811604],[72.970521,23.81133]]}},{"type":"Feature","properties":{"source_id":690,"stream_order":2},"geometry":{"type":"LineString","coordinates":[[72.955184,23.803216],[72.955458,23.80364],[72.956064,23.804049],[72.956451,23.804523],[72.956462,23.805163],[72.956824,23.805254],[72.957328,23.806254],[72.957718,23.806536],[72.957941,23.806845],[72.957928,23.807007],[72.958191,23.807479],[72.959587,23.807899],[72.959719,23.808097]]}},{"type":"Feature","properties":{"source_id":691,"stream_order":1},"geometry":{"type":"LineString","coordinates":[[72.959413,23.793634],[72.959583,23.793499],[72.960618,23.793083],[72.961441,23.792902]]}},{"type":"Feature","properties":{"source_id":692,"stream_order":2},"geometry":{"type":"LineString","coordinates":[[72.95085,23.794186],[72.951142,23.794075],[72.951706,23.794532],[72.95183,23.794543],[72.951979,23.794354],[72.95255,23.794342],[72.952958,23.794176],[72.953384,23.794162],[72.95368,23.794501],[72.954416,23.794577],[72.954719,23.794409],[72.955643,23.794469],[72.956115,23.794122],[72.956213,23.793837],[72.956719,23.794054],[72.957665,23.79399],[72.958023,23.794291],[72.958931,23.794016],[72.959413,23.793634]]}},{"type":"Feature","properties":{"source_id":693,"stream_order":3},"geometry":{"type":"LineString","coordinates":[[72.944348,23.789038],[72.944812,23.789204],[72.945057,23.789417],[72.944907,23.790409],[72.945533,23.790857],[72.946155,23.790913],[72.94622,23.79142],[72.946519,23.791539],[72.94675,23.791408],[72.947295,23.79175],[72.948273,23.792938],[72.94879,23.79306],[72.949538,23.793041],[72.949608,23.793243],[72.949015,23.793932],[72.949093,23.794277],[72.950006,23.794347],[72.950388,23.793807],[72.95085,23.794186]]}},{"type":"Feature","properties":{"source_id":694,"stream_order":1},"geometry":{"type":"LineString","coordinates":[[72.953672,23.782481],[72.955603,23.782507],[72.957101,23.782317]]}},{"type":"Feature","properties":{"source_id":695,"stream_order":1},"geometry":{"type":"LineString","coordinates":[[72.933693,23.796231],[72.935846,23.792094],[72.937478,23.789335],[72.937535,23.789115]]}},{"type":"Feature","properties":{"source_id":696,"stream_order":2},"geometry":{"type":"LineString","coordinates":[[72.93585,23.790565],[72.936015,23.789946]]}},{"type":"Feature","properties":{"source_id":698,"stream_order":3},"geometry":{"type":"LineString","coordinates":[[72.936015,23.789946],[72.936359,23.789196],[72.937535,23.789115]]}},{"type":"Feature","properties":{"source_id":699,"stream_order":5},"geometry":{"type":"LineString","coordinates":[[72.934364,23.731796],[72.934786,23.73365],[72.935132,23.7344],[72.935536,23.734749],[72.936173,23.735518],[72.936789,23.735942],[72.937888,23.736372],[72.938406,23.737067],[72.93847,23.737971],[72.937901,23.738508],[72.937703,23.739193],[72.938414,23.739561],[72.939364,23.739559],[72.939951,23.739854],[72.940995,23.740785],[72.94154,23.741753],[72.941375,23.743313],[72.939712,23.746143],[72.93978,23.746717],[72.940144,23.747352],[72.941427,23.747943]]}},{"type":"Feature","properties":{"source_id":700,"stream_order":1},"geometry":{"type":"LineString","coordinates":[[72.964891,23.856868],[72.963972,23.857501],[72.963669,23.857796],[72.963045,23.857847],[72.962462,23.857744],[72.962011,23.857523],[72.961114,23.85677],[72.960722,23.856084],[72.960438,23.855973],[72.959971,23.855943],[72.959762,23.856024],[72.959182,23.855694],[72.958484,23.855529],[72.957639,23.854754],[72.957387,23.854225],[72.956721,23.853631],[72.956676,23.853236],[72.9562,23.852907],[72.955774,23.852746],[72.955242,23.852739],[72.954612,23.852349],[72.954156,23.852426],[72.953741,23.852397],[72.95363,23.852049],[72.952239,23.851278],[72.951666,23.850566],[72.951428,23.850025],[72.951071,23.84959],[72.950789,23.849348],[72.950346,23.849127]]}},{"type":"Feature","properties":{"source_id":701,"stream_order":1},"geometry":{"type":"LineString","coordinates":[[72.953927,23.842999],[72.956674,23.845042],[72.958024,23.845896],[72.958659,23.846812],[72.959313,23.847382]]}},{"type":"Feature","properties":{"source_id":702,"stream_order":2},"geometry":{"type":"LineString","coordinates":[[72.935214,23.831167],[72.934883,23.83159],[72.934414,23.831719],[72.934703,23.832139],[72.934921,23.832644],[72.935274,23.832985],[72.935338,23.833359],[72.935995,23.835166],[72.935538,23.835497],[72.935422,23.836434],[72.935114,23.836702],[72.935102,23.836967],[72.935286,23.837156],[72.935193,23.838129]]}},{"type":"Feature","properties":{"source_id":703,"stream_order":1},"geometry":{"type":"LineString","coordinates":[[72.929778,23.834365],[72.930544,23.835862],[72.93131,23.837148],[72.931552,23.838613],[72.9322,23.839482]]}},{"type":"Feature","properties":{"source_id":704,"stream_order":1},"geometry":{"type":"LineString","coordinates":[[72.941294,23.826224],[72.941421,23.826871],[72.94197,23.827143],[72.942574,23.827861],[72.943235,23.82941],[72.943657,23.830099]]}},{"type":"Feature","properties":{"source_id":706,"stream_order":2},"geometry":{"type":"LineString","coordinates":[[72.920432,23.813854],[72.920898,23.813928],[72.921359,23.813848],[72.921763,23.81295],[72.922223,23.812921],[72.922464,23.813011]]}},{"type":"Feature","properties":{"source_id":707,"stream_order":1},"geometry":{"type":"LineString","coordinates":[[72.927376,23.80188],[72.927586,23.801885],[72.928173,23.802165],[72.928948,23.802412],[72.929602,23.802478],[72.930101,23.802392]]}},{"type":"Feature","properties":{"source_id":708,"stream_order":1},"geometry":{"type":"LineString","coordinates":[[72.924723,23.798235],[72.924261,23.79739],[72.924244,23.797038]]}},{"type":"Feature","properties":{"source_id":709,"stream_order":2},"geometry":{"type":"LineString","coordinates":[[72.924244,23.797038],[72.924768,23.796852],[72.925405,23.796975],[72.9256,23.796942],[72.926381,23.795863]]}},{"type":"Feature","properties":{"source_id":710,"stream_order":2},"geometry":{"type":"LineString","coordinates":[[72.916345,23.789626],[72.916951,23.789629],[72.917298,23.789337],[72.918041,23.789644]]}},{"type":"Feature","properties":{"source_id":711,"stream_order":2},"geometry":{"type":"LineString","coordinates":[[72.907146,23.779988],[72.907027,23.781029],[72.906723,23.781818],[72.906785,23.782506],[72.906725,23.783031],[72.9068,23.783491],[72.90645,23.783954],[72.906029,23.78434],[72.90598,23.785429]]}},{"type":"Feature","properties":{"source_id":712,"stream_order":1},"geometry":{"type":"LineString","coordinates":[[72.896953,23.786508],[72.896577,23.787088]]}},{"type":"Feature","properties":{"source_id":713,"stream_order":1},"geometry":{"type":"LineString","coordinates":[[72.915942,23.774728],[72.916121,23.775887],[72.916984,23.776481]]}},{"type":"Feature","properties":{"source_id":714,"stream_order":1},"geometry":{"type":"LineString","coordinates":[[72.896356,23.767315],[72.896512,23.76792],[72.896481,23.76855],[72.896593,23.769325],[72.89625,23.769989],[72.896365,23.770612],[72.896929,23.77168]]}},{"type":"Feature","properties":{"source_id":715,"stream_order":1},"geometry":{"type":"LineString","coordinates":[[72.912733,23.761795],[72.91328,23.761344],[72.913401,23.760925],[72.913724,23.760862],[72.914384,23.761148],[72.914986,23.761128],[72.915659,23.761233],[72.915874,23.761436],[72.916329,23.761557],[72.916335,23.761834],[72.917037,23.762063],[72.917701,23.762082],[72.918264,23.761927],[72.919007,23.761593],[72.920252,23.761648]]}},{"type":"Feature","properties":{"source_id":716,"stream_order":1},"geometry":{"type":"LineString","coordinates":[[72.891041,23.764692],[72.891005,23.764968],[72.89058,23.764934],[72.890403,23.765619],[72.889981,23.766015],[72.889831,23.76693],[72.889703,23.767167],[72.889731,23.767387],[72.889296,23.768576],[72.889278,23.769072]]}},{"type":"Feature","properties":{"source_id":717,"stream_order":2},"geometry":{"type":"LineString","coordinates":[[72.893163,23.757306],[72.891475,23.757732],[72.891115,23.758157],[72.890496,23.75855],[72.889659,23.758309],[72.889526,23.758419]]}},{"type":"Feature","properties":{"source_id":718,"stream_order":3},"geometry":{"type":"LineString","coordinates":[[72.896127,23.754924],[72.896021,23.755835],[72.895323,23.756667],[72.893163,23.757306]]}},{"type":"Feature","properties":{"source_id":719,"stream_order":4},"geometry":{"type":"LineString","coordinates":[[72.867368,23.716612],[72.867493,23.717092],[72.868782,23.717754],[72.869675,23.718397],[72.869859,23.719532],[72.869687,23.72049],[72.869397,23.720658],[72.86915,23.720984],[72.869197,23.721436],[72.869556,23.721843],[72.871208,23.722224],[72.871788,23.722461],[72.872001,23.722801],[72.871854,23.723652],[72.872371,23.723974],[72.872947,23.723953],[72.873323,23.724295],[72.873027,23.7248],[72.872459,23.725229],[72.872322,23.725543],[72.872648,23.726063],[72.873131,23.726507],[72.874557,23.726441],[72.87501,23.726311],[72.875732,23.726435],[72.876104,23.727057],[72.875636,23.728068],[72.874942,23.728624],[72.874709,23.729044],[72.874879,23.729634],[72.875095,23.72973],[72.875693,23.729796],[72.875948,23.729484],[72.876238,23.72885],[72.876507,23.728581],[72.876899,23.727928],[72.87748,23.727656],[72.878253,23.727932],[72.878787,23.728606],[72.879174,23.729242],[72.879125,23.729843],[72.878552,23.730179],[72.877035,23.73061],[72.876555,23.730911],[72.876653,23.731593],[72.87714,23.732288],[72.878277,23.732755],[72.878644,23.733147],[72.879851,23.733092],[72.880767,23.733778],[72.881689,23.733519],[72.883578,23.733695],[72.884787,23.734034],[72.887455,23.735102],[72.888337,23.735924],[72.888647,23.736523],[72.888968,23.738785],[72.890457,23.741077],[72.890931,23.741657],[72.891237,23.742922],[72.891172,23.74409],[72.89133,23.744923],[72.891725,23.745967],[72.892729,23.747006],[72.89313,23.74818],[72.893279,23.74907],[72.89328,23.750482],[72.893398,23.750878],[72.89338,23.751487],[72.893557,23.752148],[72.893986,23.753036],[72.895787,23.754816],[72.895982,23.754819],[72.896127,23.754924]]}},{"type":"Feature","properties":{"source_id":720,"stream_order":2},"geometry":{"type":"LineString","coordinates":[[72.893281,23.749442],[72.892773,23.749485],[72.892255,23.749382],[72.89142,23.748893],[72.890977,23.749006],[72.890044,23.748934],[72.889484,23.749045],[72.888747,23.748892]]}},{"type":"Feature","properties":{"source_id":721,"stream_order":2},"geometry":{"type":"LineString","coordinates":[[72.888937,23.738546],[72.889391,23.738102],[72.88989,23.738094],[72.891345,23.737627]]}},{"type":"Feature","properties":{"source_id":722,"stream_order":2},"geometry":{"type":"LineString","coordinates":[[72.879908,23.739259],[72.880023,23.738971],[72.87952,23.738785],[72.879746,23.738442],[72.879544,23.738128],[72.879447,23.737721],[72.879647,23.737353],[72.87938,23.736278],[72.87864,23.735624],[72.878096,23.735409],[72.877842,23.735035],[72.877939,23.734654],[72.878376,23.734123],[72.878434,23.73373],[72.878277,23.732755]]}},{"type":"Feature","properties":{"source_id":723,"stream_order":2},"geometry":{"type":"LineString","coordinates":[[72.855208,23.720549],[72.855451,23.721557],[72.856118,23.72171],[72.856404,23.722302],[72.857269,23.722715],[72.857469,23.723807],[72.8582,23.724835],[72.858174,23.725451],[72.857571,23.72613],[72.857652,23.726891],[72.858128,23.727313],[72.859751,23.728038],[72.860419,23.72809]]}},{"type":"Feature","properties":{"source_id":724,"stream_order":1},"geometry":{"type":"LineString","coordinates":[[72.88623,23.728881],[72.887132,23.728908],[72.887597,23.729036],[72.888231,23.729819],[72.888649,23.729946]]}},{"type":"Feature","properties":{"source_id":725,"stream_order":1},"geometry":{"type":"LineString","coordinates":[[72.893751,23.726368],[72.893526,23.726781],[72.892892,23.72703]]}},{"type":"Feature","properties":{"source_id":726,"stream_order":1},"geometry":{"type":"LineString","coordinates":[[72.889803,23.724974],[72.890153,23.725524],[72.890957,23.72585]]}},{"type":"Feature","properties":{"source_id":727,"stream_order":2},"geometry":{"type":"LineString","coordinates":[[72.883463,23.723304],[72.883878,23.723639],[72.884359,23.724248],[72.884931,23.724492],[72.885808,23.725092],[72.885924,23.725624],[72.886218,23.725757],[72.886175,23.726473],[72.885961,23.72771],[72.886031,23.728649],[72.88623,23.728881]]}},{"type":"Feature","properties":{"source_id":728,"stream_order":1},"geometry":{"type":"LineString","coordinates":[[72.883898,23.796659],[72.884435,23.796838],[72.885438,23.79647],[72.88607,23.796555],[72.886388,23.79676],[72.886643,23.797088],[72.888054,23.797146],[72.888451,23.797017],[72.888896,23.797052],[72.889433,23.797289]]}},{"type":"Feature","properties":{"source_id":729,"stream_order":1},"geometry":{"type":"LineString","coordinates":[[72.867385,23.783211],[72.866285,23.783829]]}},{"type":"Feature","properties":{"source_id":730,"stream_order":2},"geometry":{"type":"LineString","coordinates":[[72.869618,23.780802],[72.870016,23.781218],[72.870205,23.781756],[72.870869,23.781784],[72.872224,23.782089],[72.872502,23.782275],[72.87263,23.782668],[72.873154,23.782888],[72.873803,23.783344],[72.87436,23.783581],[72.874005,23.784331],[72.874956,23.785213],[72.875026,23.785386],[72.874523,23.785656],[72.874509,23.785876],[72.875348,23.785993],[72.875823,23.786181],[72.876027,23.786394],[72.876066,23.787206],[72.875665,23.787612],[72.875931,23.787835],[72.876241,23.787916],[72.876351,23.788195],[72.876683,23.788218],[72.876781,23.788573],[72.877149,23.788941],[72.877386,23.789031],[72.878159,23.788764],[72.878386,23.788825],[72.87886,23.789701],[72.879267,23.789563],[72.879449,23.789212],[72.879639,23.789023],[72.87994,23.789027],[72.880226,23.789356],[72.880208,23.789834],[72.880682,23.790691],[72.880568,23.791922],[72.880675,23.792372],[72.881201,23.792647],[72.88165,23.793093],[72.882567,23.794185],[72.88289,23.794753],[72.883665,23.795633],[72.883898,23.796659]]}},{"type":"Feature","properties":{"source_id":732,"stream_order":1},"geometry":{"type":"LineString","coordinates":[[72.865274,23.762448],[72.866565,23.761587],[72.867753,23.761288],[72.868599,23.760946]]}},{"type":"Feature","properties":{"source_id":733,"stream_order":2},"geometry":{"type":"LineString","coordinates":[[72.846581,23.727738],[72.84457,23.728498],[72.84412,23.730642],[72.843009,23.731916],[72.843742,23.733121],[72.8436,23.733883],[72.844058,23.734391],[72.84383,23.73601]]}},{"type":"Feature","properties":{"source_id":734,"stream_order":2},"geometry":{"type":"LineString","coordinates":[[72.854099,23.73567],[72.854034,23.734881],[72.854327,23.734111],[72.854468,23.73311],[72.854256,23.732401]]}},{"type":"Feature","properties":{"source_id":736,"stream_order":1},"geometry":{"type":"LineString","coordinates":[[72.861846,23.709987],[72.862855,23.710489],[72.862564,23.711106]]}},{"type":"Feature","properties":{"source_id":737,"stream_order":2},"geometry":{"type":"LineString","coordinates":[[72.85315,23.690745],[72.854357,23.690459],[72.854923,23.690729],[72.856194,23.690723],[72.85607,23.689949]]}},{"type":"Feature","properties":{"source_id":738,"stream_order":2},"geometry":{"type":"LineString","coordinates":[[72.850675,23.68806],[72.850612,23.686274],[72.849717,23.685473],[72.848902,23.684602],[72.848728,23.684098],[72.84871,23.683644]]}},{"type":"Feature","properties":{"source_id":739,"stream_order":1},"geometry":{"type":"LineString","coordinates":[[72.892391,23.697983],[72.892573,23.697651],[72.892578,23.697326],[72.892973,23.697293],[72.893179,23.697401],[72.894005,23.697011],[72.894112,23.696773],[72.893758,23.696233],[72.893961,23.695883],[72.894408,23.695793],[72.894582,23.695958],[72.894835,23.695732],[72.895027,23.69605],[72.895191,23.696167],[72.89571,23.696164],[72.895657,23.695562],[72.896322,23.695513],[72.896578,23.695097],[72.898187,23.694383],[72.900159,23.694333]]}},{"type":"Feature","properties":{"source_id":740,"stream_order":1},"geometry":{"type":"LineString","coordinates":[[72.881611,23.696891],[72.881605,23.696402],[72.881915,23.696454],[72.882243,23.695388],[72.88222,23.69426],[72.882839,23.693208],[72.883068,23.693135]]}},{"type":"Feature","properties":{"source_id":741,"stream_order":2},"geometry":{"type":"LineString","coordinates":[[72.879887,23.701266],[72.881008,23.70217],[72.881665,23.70195],[72.882641,23.701318],[72.88334,23.701356],[72.883805,23.701492],[72.884409,23.70074],[72.885701,23.700729],[72.886299,23.700322],[72.886579,23.700325],[72.88657,23.699938],[72.886867,23.699828],[72.887069,23.699874],[72.888038,23.6996],[72.888338,23.699346],[72.888881,23.699468],[72.889354,23.699088],[72.889407,23.698673],[72.890033,23.698495],[72.890582,23.698187],[72.891671,23.697256],[72.892122,23.69795],[72.892391,23.697983]]}},{"type":"Feature","properties":{"source_id":742,"stream_order":1},"geometry":{"type":"LineString","coordinates":[[72.829439,23.764914],[72.829371,23.765257],[72.829952,23.765925],[72.831045,23.766671],[72.831918,23.766612],[72.832521,23.766864],[72.832801,23.767842],[72.83463,23.769273],[72.835139,23.769552],[72.835048,23.770368],[72.835285,23.771131],[72.836397,23.771677],[72.83786,23.772643],[72.838946,23.773239],[72.839825,23.774347],[72.839734,23.775163]]}},{"type":"Feature","properties":{"source_id":743,"stream_order":1},"geometry":{"type":"LineString","coordinates":[[72.831999,23.76078],[72.832274,23.760167],[72.832512,23.75987]]}},{"type":"Feature","properties":{"source_id":744,"stream_order":2},"geometry":{"type":"LineString","coordinates":[[72.818701,23.769395],[72.819498,23.768988],[72.820285,23.768469],[72.820464,23.768056],[72.820913,23.768205],[72.821123,23.767764],[72.821485,23.767497],[72.822214,23.767665],[72.8236,23.766724],[72.824062,23.766114],[72.824815,23.764878],[72.82521,23.764511],[72.825945,23.764321],[72.826563,23.76463],[72.826974,23.765181],[72.827393,23.765273],[72.828847,23.764906],[72.829439,23.764914]]}},{"type":"Feature","properties":{"source_id":745,"stream_order":1},"geometry":{"type":"LineString","coordinates":[[72.809836,23.732966],[72.80967,23.735298],[72.808103,23.739652]]}},{"type":"Feature","properties":{"source_id":746,"stream_order":1},"geometry":{"type":"LineString","coordinates":[[72.826604,23.723186],[72.828694,23.718591],[72.829019,23.717736],[72.829036,23.716723],[72.8293,23.715848],[72.829285,23.715446],[72.829605,23.714935],[72.830227,23.715103]]}},{"type":"Feature","properties":{"source_id":747,"stream_order":2},"geometry":{"type":"LineString","coordinates":[[72.830522,23.711677],[72.828392,23.711195],[72.828299,23.711349],[72.828742,23.712303]]}},{"type":"Feature","properties":{"source_id":748,"stream_order":2},"geometry":{"type":"LineString","coordinates":[[72.830227,23.715103],[72.830362,23.714343],[72.830209,23.712299],[72.830309,23.711913],[72.830522,23.711677]]}},{"type":"Feature","properties":{"source_id":749,"stream_order":1},"geometry":{"type":"LineString","coordinates":[[72.823641,23.71082],[72.82257,23.711714],[72.822051,23.712453],[72.822019,23.712823]]}},{"type":"Feature","properties":{"source_id":750,"stream_order":2},"geometry":{"type":"LineString","coordinates":[[72.824276,23.711231],[72.823641,23.71082]]}},{"type":"Feature","properties":{"source_id":751,"stream_order":2},"geometry":{"type":"LineString","coordinates":[[72.829104,23.704103],[72.829186,23.703729],[72.829324,23.703568],[72.82932,23.702216],[72.829157,23.701732],[72.828851,23.701518]]}},{"type":"Feature","properties":{"source_id":752,"stream_order":2},"geometry":{"type":"LineString","coordinates":[[72.829149,23.695777],[72.829298,23.696294],[72.829975,23.696488],[72.830516,23.697141],[72.830527,23.697266],[72.830273,23.697687],[72.8305,23.698066],[72.830201,23.698546],[72.830392,23.698716],[72.83035,23.698948],[72.830155,23.698933],[72.830177,23.699602],[72.829844,23.700129],[72.829898,23.700399],[72.829811,23.700517],[72.829471,23.700333],[72.829168,23.700621],[72.829255,23.700832],[72.829015,23.700858],[72.828819,23.701285],[72.828851,23.701518]]}},{"type":"Feature","properties":{"source_id":753,"stream_order":1},"geometry":{"type":"LineString","coordinates":[[72.84115,23.676498],[72.841013,23.676114],[72.841219,23.675448],[72.841913,23.674227],[72.8429,23.673369],[72.84414,23.672885]]}},{"type":"Feature","properties":{"source_id":754,"stream_order":1},"geometry":{"type":"LineString","coordinates":[[72.978099,23.866222],[72.978577,23.866745],[72.97909,23.866867],[72.979591,23.866716],[72.979991,23.867065],[72.980536,23.867072],[72.981142,23.867195],[72.981629,23.866914],[72.984412,23.867381],[72.984632,23.86724]]}},{"type":"Feature","properties":{"source_id":755,"stream_order":1},"geometry":{"type":"LineString","coordinates":[[72.977629,23.870446],[72.978663,23.87129],[72.980137,23.871697],[72.981049,23.87221]]}},{"type":"Feature","properties":{"source_id":756,"stream_order":1},"geometry":{"type":"LineString","coordinates":[[72.973733,23.871208],[72.973391,23.871493],[72.973233,23.872666],[72.972612,23.873504]]}},{"type":"Feature","properties":{"source_id":757,"stream_order":2},"geometry":{"type":"LineString","coordinates":[[72.973512,23.863969],[72.973517,23.864443],[72.973309,23.864755],[72.973114,23.865269],[72.972751,23.865608]]}},{"type":"Feature","properties":{"source_id":758,"stream_order":2},"geometry":{"type":"LineString","coordinates":[[72.974864,23.866585],[72.975216,23.866429],[72.976129,23.865825],[72.977688,23.865788],[72.978099,23.866222]]}},{"type":"Feature","properties":{"source_id":759,"stream_order":1},"geometry":{"type":"LineString","coordinates":[[72.968144,23.873366],[72.967811,23.872005],[72.967286,23.870373],[72.966946,23.870197],[72.965358,23.87009],[72.964205,23.870103],[72.96374,23.869906],[72.963497,23.869473],[72.963384,23.868076],[72.963495,23.866291],[72.963915,23.86461]]}},{"type":"Feature","properties":{"source_id":760,"stream_order":1},"geometry":{"type":"LineString","coordinates":[[72.960612,23.870517],[72.960751,23.870836],[72.961074,23.871142],[72.961299,23.871675],[72.961302,23.872506]]}},{"type":"Feature","properties":{"source_id":761,"stream_order":2},"geometry":{"type":"LineString","coordinates":[[72.954898,23.865809],[72.955303,23.86645],[72.955675,23.866584],[72.956457,23.867382],[72.956546,23.86767],[72.957167,23.867793],[72.95736,23.868455],[72.958337,23.868769],[72.958754,23.869004],[72.959015,23.869265],[72.95901,23.869552],[72.959648,23.869618],[72.960066,23.869781],[72.960526,23.870317],[72.960612,23.870517]]}},{"type":"Feature","properties":{"source_id":762,"stream_order":1},"geometry":{"type":"LineString","coordinates":[[72.943255,23.869589],[72.944389,23.869755],[72.944968,23.870098],[72.9456,23.870357],[72.945954,23.870971],[72.946913,23.871151],[72.947231,23.871573]]}},{"type":"Feature","properties":{"source_id":763,"stream_order":1},"geometry":{"type":"LineString","coordinates":[[72.934426,23.868909],[72.934669,23.869313],[72.935073,23.869419],[72.935728,23.869385],[72.936193,23.869549],[72.936616,23.869397],[72.936897,23.8694],[72.937015,23.869818],[72.937373,23.869837],[72.93853,23.86958]]}},{"type":"Feature","properties":{"source_id":764,"stream_order":1},"geometry":{"type":"LineString","coordinates":[[72.924365,23.861636],[72.924801,23.861656],[72.925158,23.86179],[72.925533,23.861723],[72.925539,23.861322],[72.925649,23.861252],[72.925973,23.861485],[72.926462,23.861119],[72.927101,23.861071],[72.927243,23.860986],[72.927232,23.860685],[72.927542,23.860804],[72.927803,23.861037]]}},{"type":"Feature","properties":{"source_id":765,"stream_order":1},"geometry":{"type":"LineString","coordinates":[[72.912575,23.837111],[72.913393,23.836549],[72.913921,23.835971],[72.914587,23.835741],[72.915296,23.835273],[72.915582,23.834416],[72.916078,23.834256],[72.916284,23.834378],[72.91652,23.83425],[72.916842,23.834422],[72.917378,23.834202],[72.917871,23.834197]]}},{"type":"Feature","properties":{"source_id":766,"stream_order":1},"geometry":{"type":"LineString","coordinates":[[72.903114,23.824236],[72.90308,23.825076],[72.90296,23.825428],[72.903315,23.825949],[72.904086,23.826447],[72.904353,23.827263],[72.904869,23.82748]]}},{"type":"Feature","properties":{"source_id":767,"stream_order":2},"geometry":{"type":"LineString","coordinates":[[72.897408,23.823212],[72.898134,23.82263],[72.898441,23.822233],[72.898401,23.821525],[72.898522,23.821106]]}},{"type":"Feature","properties":{"source_id":768,"stream_order":1},"geometry":{"type":"LineString","coordinates":[[72.909654,23.823909],[72.91081,23.824245],[72.911404,23.824769],[72.912586,23.825549],[72.912572,23.826457],[72.912807,23.827311]]}},{"type":"Feature","properties":{"source_id":770,"stream_order":3},"geometry":{"type":"LineString","coordinates":[[72.890512,23.824362],[72.890843,23.825704],[72.890753,23.827442],[72.891128,23.828651],[72.892483,23.829663],[72.893354,23.829752],[72.895472,23.8298],[72.896546,23.830177],[72.896896,23.830373],[72.896827,23.83153],[72.897244,23.831945],[72.897841,23.832316],[72.898023,23.832644],[72.897892,23.832986],[72.897839,23.833711],[72.897912,23.834343],[72.898275,23.835017],[72.89887,23.835522],[72.899235,23.836024],[72.899061,23.836537],[72.899341,23.83721],[72.900423,23.83839],[72.900271,23.838809],[72.900515,23.839156],[72.901072,23.839393],[72.901901,23.839481],[72.902414,23.839889],[72.902814,23.840888],[72.904538,23.842173],[72.904814,23.843075],[72.90537,23.843388],[72.905932,23.842993],[72.906132,23.842558],[72.90678,23.842318],[72.907778,23.843516],[72.908191,23.845013],[72.9086,23.845362],[72.908912,23.845366],[72.910121,23.845153],[72.911084,23.845988],[72.911264,23.846373],[72.91142,23.847044],[72.911725,23.847468],[72.91241,23.847478],[72.913139,23.847354],[72.913721,23.847546],[72.914071,23.847565],[72.91426,23.847439],[72.914563,23.846999],[72.914816,23.846787],[72.915763,23.846972],[72.916787,23.847287],[72.919144,23.848952],[72.920046,23.850068],[72.920584,23.850505],[72.921789,23.850206],[72.922352,23.85106],[72.922532,23.851521],[72.922597,23.85231],[72.923309,23.852635],[72.924039,23.852774],[72.924709,23.852797],[72.925537,23.852665],[72.925881,23.85254],[72.926469,23.852835],[72.927421,23.854711],[72.927825,23.854803],[72.928516,23.854454],[72.929109,23.854361],[72.929604,23.854611],[72.929545,23.855385],[72.929647,23.855816],[72.930098,23.855908],[72.930583,23.8558],[72.931435,23.856084],[72.93255,23.856514],[72.933349,23.857242],[72.934672,23.857374],[72.935961,23.857635],[72.936347,23.857898],[72.93629,23.858542],[72.935732,23.85928],[72.935869,23.859511],[72.936396,23.859705],[72.936819,23.859567],[72.937407,23.859804],[72.937721,23.860626],[72.938102,23.861175],[72.938443,23.861309],[72.939466,23.860678],[72.939762,23.860696],[72.94,23.86143],[72.940229,23.861705],[72.940983,23.861328],[72.941305,23.861662],[72.941499,23.862181],[72.941761,23.862385],[72.942136,23.862347],[72.942486,23.861879],[72.942509,23.861392],[72.942606,23.861193],[72.943045,23.861041],[72.943638,23.860977],[72.944386,23.860958],[72.94465,23.861019],[72.945575,23.860673],[72.946447,23.860728],[72.947277,23.861456],[72.947832,23.861821],[72.949305,23.862343],[72.94955,23.862632],[72.949658,23.863695],[72.949976,23.864272],[72.95045,23.864837],[72.951252,23.86535],[72.952259,23.865736],[72.952721,23.866086],[72.953454,23.866081],[72.953863,23.865843],[72.954898,23.865809]]}},{"type":"Feature","properties":{"source_id":771,"stream_order":1},"geometry":{"type":"LineString","coordinates":[[72.889642,23.817026],[72.890274,23.816675],[72.89035,23.816475],[72.890957,23.816206],[72.891116,23.815989],[72.891575,23.81588],[72.891858,23.815722]]}},{"type":"Feature","properties":{"source_id":772,"stream_order":1},"geometry":{"type":"LineString","coordinates":[[72.899705,23.814673],[72.898361,23.81496],[72.897874,23.814896],[72.897494,23.814643],[72.897142,23.814561],[72.896807,23.814098],[72.896111,23.813448],[72.895463,23.813067],[72.895045,23.813195],[72.894546,23.813081],[72.894038,23.812541],[72.894004,23.812092],[72.893836,23.811554]]}},{"type":"Feature","properties":{"source_id":774,"stream_order":2},"geometry":{"type":"LineString","coordinates":[[72.857033,23.809988],[72.857438,23.809756]]}},{"type":"Feature","properties":{"source_id":775,"stream_order":1},"geometry":{"type":"LineString","coordinates":[[72.875807,23.824388],[72.877965,23.825005],[72.879375,23.826111],[72.880602,23.826486],[72.881519,23.825962],[72.881935,23.825955],[72.882551,23.826406],[72.883646,23.826958],[72.885179,23.826848],[72.886214,23.827077],[72.886881,23.826788],[72.887215,23.826995],[72.887573,23.827347],[72.88829,23.827165],[72.888846,23.827316],[72.888938,23.828034],[72.888329,23.82959],[72.888231,23.830007],[72.889406,23.830393],[72.889479,23.830729],[72.889263,23.831239],[72.889418,23.832102],[72.889848,23.832764],[72.89126,23.833011],[72.893044,23.832665]]}},{"type":"Feature","properties":{"source_id":777,"stream_order":1},"geometry":{"type":"LineString","coordinates":[[72.855093,23.816029],[72.85567,23.816479],[72.85619,23.816439],[72.856733,23.817354],[72.856867,23.817893]]}},{"type":"Feature","properties":{"source_id":778,"stream_order":3},"geometry":{"type":"LineString","coordinates":[[72.851467,23.811607],[72.852397,23.811871],[72.852835,23.812833],[72.853525,23.813434]]}},{"type":"Feature","properties":{"source_id":779,"stream_order":1},"geometry":{"type":"LineString","coordinates":[[72.846141,23.8167],[72.846842,23.819827],[72.847217,23.819904],[72.848092,23.820406],[72.848725,23.820594]]}},{"type":"Feature","properties":{"source_id":780,"stream_order":1},"geometry":{"type":"LineString","coordinates":[[72.848164,23.804837],[72.847589,23.804256],[72.847701,23.803744]]}},{"type":"Feature","properties":{"source_id":781,"stream_order":2},"geometry":{"type":"LineString","coordinates":[[72.843866,23.795575],[72.843961,23.79647],[72.844795,23.796926],[72.844819,23.797328],[72.844899,23.797659],[72.845006,23.797775],[72.844985,23.798162],[72.845067,23.798342],[72.845625,23.798515],[72.846235,23.798853]]}},{"type":"Feature","properties":{"source_id":782,"stream_order":1},"geometry":{"type":"LineString","coordinates":[[72.851501,23.793695],[72.852102,23.793961],[72.852674,23.793747],[72.85311,23.793746]]}},{"type":"Feature","properties":{"source_id":783,"stream_order":1},"geometry":{"type":"LineString","coordinates":[[72.844348,23.795452],[72.845132,23.795253],[72.846138,23.794675],[72.846833,23.794092],[72.847029,23.79356],[72.847327,23.793106],[72.848023,23.792485],[72.847908,23.791872],[72.848022,23.7913],[72.848618,23.790391]]}},{"type":"Feature","properties":{"source_id":784,"stream_order":1},"geometry":{"type":"LineString","coordinates":[[72.838285,23.788377],[72.839326,23.788869],[72.840639,23.788572],[72.841225,23.788265],[72.842003,23.788314],[72.842415,23.788521],[72.842995,23.788605],[72.843528,23.788412]]}},{"type":"Feature","properties":{"source_id":786,"stream_order":1},"geometry":{"type":"LineString","coordinates":[[72.95972,23.883037],[72.959984,23.883403],[72.960242,23.88419],[72.960943,23.884524],[72.961833,23.884746],[72.962018,23.884883],[72.962294,23.884561],[72.964479,23.88566],[72.965392,23.885768],[72.966058,23.88572],[72.966461,23.885228],[72.966755,23.885003]]}},{"type":"Feature","properties":{"source_id":787,"stream_order":1},"geometry":{"type":"LineString","coordinates":[[72.952693,23.89833],[72.952914,23.898177],[72.953253,23.897761],[72.954134,23.897238],[72.955284,23.896833],[72.95527,23.896355],[72.95577,23.896285],[72.955847,23.896707],[72.956367,23.896656],[72.957916,23.895989],[72.958088,23.89559],[72.95914,23.894801],[72.959334,23.894345],[72.959094,23.893749],[72.959065,23.892946]]}},{"type":"Feature","properties":{"source_id":788,"stream_order":2},"geometry":{"type":"LineString","coordinates":[[72.926543,23.880854],[72.927137,23.881008],[72.928052,23.880982],[72.93091,23.881613],[72.931516,23.881372],[72.932768,23.881084]]}},{"type":"Feature","properties":{"source_id":789,"stream_order":1},"geometry":{"type":"LineString","coordinates":[[72.935992,23.873975],[72.936686,23.874467],[72.93757,23.874751],[72.938406,23.875149],[72.939038,23.875559],[72.940137,23.876061],[72.941432,23.876981],[72.943567,23.877956],[72.94395,23.878362]]}},{"type":"Feature","properties":{"source_id":790,"stream_order":1},"geometry":{"type":"LineString","coordinates":[[72.913843,23.883198],[72.91388,23.883504],[72.913455,23.884091],[72.913696,23.884591],[72.913481,23.885046],[72.913489,23.88583],[72.913586,23.88629],[72.913491,23.887015],[72.913148,23.887679],[72.912808,23.888095],[72.912098,23.888315],[72.91205,23.888734],[72.911672,23.888939],[72.911646,23.889321],[72.911331,23.88947],[72.911136,23.890021]]}},{"type":"Feature","properties":{"source_id":791,"stream_order":1},"geometry":{"type":"LineString","coordinates":[[72.920933,23.885912],[72.92115,23.886166],[72.921223,23.886489],[72.921665,23.887283],[72.92173,23.888084]]}},{"type":"Feature","properties":{"source_id":792,"stream_order":2},"geometry":{"type":"LineString","coordinates":[[72.932999,23.889216],[72.933303,23.889659],[72.93362,23.890676],[72.934444,23.891127],[72.934689,23.891417],[72.935642,23.891563],[72.936634,23.890602],[72.93692,23.89095],[72.937039,23.891315],[72.937639,23.891495],[72.938244,23.89135],[72.938678,23.891509],[72.939238,23.891593],[72.939525,23.891807],[72.94015,23.8917],[72.940434,23.892182],[72.940363,23.892697],[72.940497,23.893444],[72.940263,23.893804],[72.940552,23.893903],[72.940995,23.893489],[72.941093,23.893872],[72.94142,23.894183],[72.941771,23.894378],[72.942584,23.895498],[72.942642,23.895804],[72.943095,23.89604],[72.943494,23.895777],[72.94372,23.895972],[72.943611,23.896314],[72.943878,23.896509],[72.944292,23.896591],[72.944495,23.896899],[72.94451,23.897262],[72.94461,23.897493],[72.945118,23.896965],[72.94528,23.897196],[72.945255,23.897502],[72.945437,23.897791],[72.945453,23.898097],[72.945634,23.898462],[72.945608,23.898825],[72.945788,23.899286],[72.945575,23.899608],[72.945676,23.899801],[72.946284,23.899427],[72.947202,23.899209],[72.94756,23.898928],[72.948271,23.898689],[72.948663,23.898847],[72.949641,23.898802],[72.950055,23.898904],[72.950411,23.898736],[72.950927,23.898972],[72.951431,23.898597],[72.951906,23.898833],[72.952693,23.89833]]}},{"type":"Feature","properties":{"source_id":793,"stream_order":3},"geometry":{"type":"LineString","coordinates":[[72.920181,23.878456],[72.920334,23.878852],[72.920102,23.879059],[72.919496,23.87928],[72.919177,23.879715],[72.919566,23.880084],[72.919152,23.880519]]}},{"type":"Feature","properties":{"source_id":794,"stream_order":3},"geometry":{"type":"LineString","coordinates":[[72.920181,23.878456],[72.921512,23.878378],[72.922925,23.878397],[72.925259,23.879308],[72.925909,23.880215],[72.926543,23.880854],[72.926342,23.881769],[72.926642,23.88248],[72.927587,23.8832],[72.928258,23.884107],[72.92834,23.885503],[72.928514,23.886327],[72.930121,23.887189],[72.930757,23.887714],[72.93118,23.888541],[72.932356,23.889073],[72.932999,23.889216]]}},{"type":"Feature","properties":{"source_id":795,"stream_order":1},"geometry":{"type":"LineString","coordinates":[[72.899354,23.893023],[72.898751,23.893483],[72.898509,23.89434]]}},{"type":"Feature","properties":{"source_id":796,"stream_order":1},"geometry":{"type":"LineString","coordinates":[[72.894236,23.888876],[72.893638,23.889649],[72.893419,23.890372]]}},{"type":"Feature","properties":{"source_id":797,"stream_order":1},"geometry":{"type":"LineString","coordinates":[[72.889982,23.881373],[72.889704,23.881562],[72.889452,23.881893],[72.887293,23.882855],[72.886488,23.88362]]}},{"type":"Feature","properties":{"source_id":799,"stream_order":1},"geometry":{"type":"LineString","coordinates":[[72.910216,23.87071],[72.911491,23.871396],[72.911346,23.872338]]}},{"type":"Feature","properties":{"source_id":800,"stream_order":2},"geometry":{"type":"LineString","coordinates":[[72.899398,23.881862],[72.900226,23.88198],[72.900471,23.882232],[72.900479,23.883015],[72.901914,23.884258],[72.901696,23.884867],[72.90132,23.884995],[72.901394,23.88555],[72.901072,23.886215],[72.901107,23.886636],[72.900661,23.887203],[72.900739,23.88751],[72.900441,23.887926],[72.900832,23.88818],[72.901194,23.88893],[72.90157,23.890139],[72.901117,23.891165],[72.900613,23.891445],[72.90063,23.891693],[72.90011,23.891705],[72.900229,23.892089],[72.899354,23.893023]]}},{"type":"Feature","properties":{"source_id":801,"stream_order":2},"geometry":{"type":"LineString","coordinates":[[72.890873,23.850986],[72.8909,23.851657]]}},{"type":"Feature","properties":{"source_id":802,"stream_order":1},"geometry":{"type":"LineString","coordinates":[[72.897435,23.848251],[72.897623,23.848964],[72.897897,23.849398],[72.898158,23.849659],[72.898609,23.849665]]}},{"type":"Feature","properties":{"source_id":803,"stream_order":1},"geometry":{"type":"LineString","coordinates":[[72.878604,23.849365],[72.879876,23.850376],[72.880244,23.850753],[72.880983,23.850668],[72.881418,23.851381]]}},{"type":"Feature","properties":{"source_id":805,"stream_order":2},"geometry":{"type":"LineString","coordinates":[[72.871427,23.855677],[72.871861,23.855826],[72.873131,23.855624],[72.873677,23.855928],[72.874538,23.856608],[72.875456,23.857701],[72.876034,23.857938],[72.876663,23.857555],[72.877364,23.857899],[72.877946,23.858528],[72.878154,23.859162],[72.878451,23.859443],[72.878811,23.85962],[72.878807,23.859887],[72.878444,23.860465],[72.878719,23.860794],[72.879478,23.860776],[72.879885,23.860703],[72.880324,23.86052],[72.880675,23.860677],[72.880872,23.861282],[72.881369,23.861442],[72.881794,23.862222],[72.882025,23.862404],[72.882426,23.862481],[72.882592,23.862663],[72.882666,23.862927],[72.883981,23.863518],[72.884141,23.864034],[72.884449,23.864265],[72.884182,23.864703],[72.884423,23.865041],[72.885081,23.865337],[72.886285,23.864792],[72.886929,23.865087],[72.887171,23.865377],[72.887548,23.865358],[72.88776,23.8657]]}},{"type":"Feature","properties":{"source_id":809,"stream_order":1},"geometry":{"type":"LineString","coordinates":[[72.873285,23.889826],[72.873765,23.889766],[72.873971,23.889597],[72.874529,23.889733],[72.875237,23.88937],[72.875506,23.889145],[72.875862,23.889293],[72.87623,23.889642],[72.876448,23.889631],[72.876531,23.889331],[72.877015,23.889309],[72.877568,23.88979],[72.877993,23.890526],[72.878367,23.890517],[72.878815,23.890781],[72.879363,23.890617],[72.880221,23.890543],[72.881068,23.890239],[72.88127,23.890271],[72.881619,23.889888],[72.883292,23.890542],[72.883902,23.891353]]}},{"type":"Feature","properties":{"source_id":812,"stream_order":1},"geometry":{"type":"LineString","coordinates":[[72.828115,23.85868],[72.828431,23.85901],[72.830187,23.859636],[72.830474,23.85986],[72.83061,23.860445],[72.83054,23.860922],[72.830616,23.862557],[72.830386,23.863261],[72.830053,23.863332]]}},{"type":"Feature","properties":{"source_id":813,"stream_order":1},"geometry":{"type":"LineString","coordinates":[[72.812707,23.835249],[72.812301,23.835884],[72.81242,23.836286],[72.812379,23.836812],[72.812578,23.83734],[72.81264,23.837981],[72.812666,23.84015]]}},{"type":"Feature","properties":{"source_id":814,"stream_order":1},"geometry":{"type":"LineString","coordinates":[[72.825092,23.817129],[72.825899,23.816875],[72.826913,23.816774],[72.827779,23.816256],[72.828672,23.815954],[72.829176,23.816505],[72.830043,23.816833],[72.830557,23.81684]]}},{"type":"Feature","properties":{"source_id":816,"stream_order":2},"geometry":{"type":"LineString","coordinates":[[72.831085,23.680108],[72.83272,23.680477],[72.833976,23.68059],[72.83434,23.680703]]}},{"type":"Feature","properties":{"source_id":817,"stream_order":1},"geometry":{"type":"LineString","coordinates":[[72.836518,23.685808],[72.838024,23.685949],[72.83997,23.685117],[72.84099,23.685429]]}},{"type":"Feature","properties":{"source_id":818,"stream_order":2},"geometry":{"type":"LineString","coordinates":[[72.908363,23.676138],[72.908048,23.67662],[72.90803,23.677108],[72.908396,23.677562],[72.909264,23.677774],[72.90951,23.677978],[72.909565,23.678447],[72.910187,23.678455],[72.910527,23.678603],[72.910318,23.679336],[72.910356,23.679585],[72.910162,23.680003],[72.910584,23.680238],[72.910081,23.681225],[72.910285,23.681447]]}},{"type":"Feature","properties":{"source_id":819,"stream_order":1},"geometry":{"type":"LineString","coordinates":[[72.916836,23.679369],[72.917481,23.679414],[72.918361,23.678881]]}},{"type":"Feature","properties":{"source_id":820,"stream_order":2},"geometry":{"type":"LineString","coordinates":[[72.908363,23.676138],[72.908696,23.676243],[72.909085,23.676234],[72.909353,23.676356],[72.909605,23.676819],[72.909809,23.677007],[72.910131,23.67676],[72.9111,23.677012],[72.91132,23.676997],[72.911603,23.676774],[72.912143,23.676656],[72.912385,23.676928],[72.912739,23.677106],[72.912934,23.677443],[72.913253,23.67777],[72.913996,23.678359],[72.91627,23.679254],[72.916836,23.679369]]}},{"type":"Feature","properties":{"source_id":821,"stream_order":2},"geometry":{"type":"LineString","coordinates":[[72.897604,23.664343],[72.897606,23.66494],[72.897847,23.665564]]}},{"type":"Feature","properties":{"source_id":822,"stream_order":2},"geometry":{"type":"LineString","coordinates":[[72.895035,23.654682],[72.895206,23.655448],[72.896084,23.65599]]}},{"type":"Feature","properties":{"source_id":823,"stream_order":1},"geometry":{"type":"LineString","coordinates":[[72.923485,23.67008],[72.923496,23.670381],[72.923244,23.670593],[72.922103,23.670878],[72.922559,23.671572],[72.924114,23.672668],[72.926241,23.673944],[72.926638,23.674393],[72.926641,23.67521],[72.926991,23.675731],[72.928369,23.676165]]}},{"type":"Feature","properties":{"source_id":824,"stream_order":1},"geometry":{"type":"LineString","coordinates":[[72.920014,23.656946],[72.919565,23.658325],[72.919582,23.658887],[72.921849,23.659837]]}},{"type":"Feature","properties":{"source_id":826,"stream_order":1},"geometry":{"type":"LineString","coordinates":[[72.916138,23.651973],[72.916685,23.651837],[72.917333,23.651857],[72.917909,23.65153],[72.91865,23.651385],[72.919134,23.651117],[72.919821,23.65115],[72.920945,23.65058],[72.921538,23.649979],[72.92185,23.649911],[72.921842,23.649624],[72.922129,23.649509],[72.923011,23.649473],[72.923203,23.649655],[72.924168,23.649261],[72.925196,23.649036],[72.926045,23.648642]]}},{"type":"Feature","properties":{"source_id":827,"stream_order":2},"geometry":{"type":"LineString","coordinates":[[72.892196,23.651369],[72.892544,23.651604],[72.893466,23.651831],[72.893903,23.651751],[72.894194,23.651605],[72.894832,23.651542],[72.895157,23.651188],[72.895691,23.650887],[72.896705,23.6507],[72.897217,23.650814],[72.897561,23.650697],[72.898229,23.650262],[72.898555,23.650309],[72.898802,23.650456],[72.899147,23.650303],[72.900625,23.650101]]}},{"type":"Feature","properties":{"source_id":828,"stream_order":3},"geometry":{"type":"LineString","coordinates":[[72.889442,23.650719],[72.890497,23.650572],[72.891858,23.651092],[72.892196,23.651369],[72.892253,23.651685],[72.891648,23.652508],[72.891783,23.652868],[72.893002,23.652512],[72.893828,23.652408],[72.895461,23.652459],[72.895938,23.652824],[72.89576,23.653223],[72.895911,23.653512],[72.896662,23.653278],[72.898029,23.653368],[72.900841,23.654611],[72.901596,23.655094],[72.902087,23.655559],[72.903327,23.655805],[72.904049,23.655471]]}},{"type":"Feature","properties":{"source_id":829,"stream_order":4},"geometry":{"type":"LineString","coordinates":[[72.874063,23.645683],[72.874914,23.64476],[72.875316,23.644899],[72.875547,23.64539],[72.876359,23.645821],[72.876736,23.646218],[72.877239,23.646569],[72.87822,23.646821],[72.878956,23.646841],[72.879325,23.647133],[72.879912,23.647427],[72.88033,23.647853],[72.881451,23.647821],[72.88179,23.647988],[72.882319,23.648664],[72.882609,23.649308],[72.882863,23.649675],[72.883954,23.649546],[72.884344,23.6498],[72.885018,23.650488],[72.885398,23.650665],[72.88592,23.65051],[72.886716,23.649976],[72.887287,23.649945],[72.887856,23.650068],[72.888409,23.650496],[72.889442,23.650719]]}},{"type":"Feature","properties":{"source_id":830,"stream_order":1},"geometry":{"type":"LineString","coordinates":[[72.887972,23.676522],[72.887592,23.676732],[72.887013,23.677273],[72.886486,23.677779],[72.885904,23.6785],[72.88559,23.678651],[72.885869,23.679861],[72.885844,23.680625]]}},{"type":"Feature","properties":{"source_id":831,"stream_order":1},"geometry":{"type":"LineString","coordinates":[[72.88425,23.65957],[72.884778,23.659792],[72.885024,23.65982],[72.885564,23.66015],[72.88649,23.659792],[72.886657,23.659866],[72.886703,23.660249],[72.886529,23.660569],[72.886745,23.660846],[72.887194,23.661139],[72.888263,23.661596],[72.888738,23.661889],[72.889153,23.661942],[72.88947,23.662329],[72.890894,23.663328],[72.891212,23.663726],[72.890733,23.664472],[72.890523,23.664624],[72.890304,23.665326],[72.890295,23.665887],[72.890639,23.666298],[72.891205,23.666533],[72.891901,23.667617],[72.892519,23.667924],[72.892748,23.668178],[72.892794,23.668561],[72.892603,23.669156],[72.892999,23.669519],[72.893099,23.66976],[72.893436,23.669788],[72.893649,23.670245],[72.893841,23.670403],[72.893887,23.670774],[72.894027,23.670895],[72.893907,23.671108],[72.894387,23.671927],[72.894731,23.673102],[72.894795,23.673951],[72.895336,23.674197],[72.895373,23.674317]]}},{"type":"Feature","properties":{"source_id":832,"stream_order":1},"geometry":{"type":"LineString","coordinates":[[72.876649,23.656349],[72.876924,23.65792],[72.877192,23.658688],[72.877105,23.659575],[72.877634,23.660834],[72.877523,23.661301]]}},{"type":"Feature","properties":{"source_id":833,"stream_order":2},"geometry":{"type":"LineString","coordinates":[[72.877947,23.648412],[72.878202,23.648697],[72.879017,23.648816],[72.879841,23.649336]]}},{"type":"Feature","properties":{"source_id":834,"stream_order":1},"geometry":{"type":"LineString","coordinates":[[72.8729,23.65018],[72.87287,23.65123],[72.872319,23.652453],[72.872065,23.654504],[72.872456,23.655202],[72.873013,23.655198],[72.873175,23.655594],[72.873053,23.655951],[72.873199,23.656538]]}},{"type":"Feature","properties":{"source_id":835,"stream_order":3},"geometry":{"type":"LineString","coordinates":[[72.874063,23.645683],[72.875341,23.646011],[72.875611,23.646158],[72.875675,23.646972],[72.875947,23.647811],[72.8758,23.648108],[72.875845,23.648503],[72.876183,23.648471],[72.876753,23.647691],[72.876998,23.647742],[72.877203,23.647924],[72.877277,23.648176],[72.877899,23.648184],[72.877947,23.648412],[72.877775,23.648601],[72.877744,23.648959],[72.877909,23.649152],[72.878648,23.649174],[72.878643,23.649485],[72.878314,23.649755],[72.878152,23.650171],[72.878355,23.650436],[72.87988,23.651532],[72.880425,23.651551],[72.880928,23.651725],[72.880936,23.652],[72.880634,23.652235],[72.880036,23.652358],[72.879514,23.652578]]}},{"type":"Feature","properties":{"source_id":836,"stream_order":1},"geometry":{"type":"LineString","coordinates":[[72.864033,23.64878],[72.864129,23.649297],[72.864343,23.64952],[72.864051,23.64963],[72.864223,23.6499],[72.864147,23.6501],[72.864328,23.650446],[72.864374,23.650781],[72.864706,23.651426],[72.864821,23.65203],[72.864872,23.65334],[72.864969,23.653752]]}},{"type":"Feature","properties":{"source_id":837,"stream_order":4},"geometry":{"type":"LineString","coordinates":[[72.866022,23.640246],[72.865373,23.640354],[72.865295,23.641058],[72.865106,23.641485],[72.864633,23.641873],[72.864228,23.64207]]}},{"type":"Feature","properties":{"source_id":838,"stream_order":2},"geometry":{"type":"LineString","coordinates":[[72.858923,23.646053],[72.858695,23.645699],[72.858667,23.644537],[72.858733,23.644338],[72.858674,23.644115],[72.858014,23.643285]]}},{"type":"Feature","properties":{"source_id":839,"stream_order":1},"geometry":{"type":"LineString","coordinates":[[72.856543,23.643466],[72.856236,23.643235],[72.855858,23.642549],[72.855602,23.642319],[72.855076,23.641989],[72.853528,23.641526],[72.852943,23.641637],[72.852525,23.641798],[72.852064,23.642222],[72.850755,23.643004],[72.850887,23.643651],[72.850808,23.644522]]}},{"type":"Feature","properties":{"source_id":840,"stream_order":2},"geometry":{"type":"LineString","coordinates":[[72.858014,23.643285],[72.857837,23.64364],[72.857602,23.64372],[72.85718,23.64338],[72.856819,23.643255],[72.856543,23.643466],[72.856546,23.643892],[72.856103,23.643886]]}},{"type":"Feature","properties":{"source_id":842,"stream_order":2},"geometry":{"type":"LineString","coordinates":[[72.879514,23.652578],[72.879519,23.65302],[72.879923,23.652894],[72.880417,23.652853],[72.88066,23.65306],[72.880577,23.653345],[72.880107,23.653589],[72.879886,23.654434],[72.879994,23.654938],[72.880358,23.654883],[72.880611,23.654456],[72.881011,23.654593],[72.881647,23.655378],[72.882304,23.655614],[72.882586,23.655833],[72.883013,23.655887],[72.883137,23.656223],[72.882685,23.656921],[72.882668,23.657196],[72.88287,23.657521],[72.882868,23.65764],[72.882524,23.65809],[72.882493,23.658352],[72.882593,23.658616],[72.882851,23.658703],[72.883214,23.658708],[72.884047,23.659329],[72.88425,23.65957]]}},{"type":"Feature","properties":{"source_id":843,"stream_order":3},"geometry":{"type":"LineString","coordinates":[[72.864228,23.64207],[72.864134,23.64226],[72.864571,23.643329]]}},{"type":"Feature","properties":{"source_id":844,"stream_order":4},"geometry":{"type":"LineString","coordinates":[[72.866022,23.640246],[72.866405,23.640586],[72.868195,23.640562],[72.868599,23.641213],[72.869695,23.643963],[72.870224,23.644162],[72.870642,23.64394],[72.871053,23.643361],[72.871138,23.642956],[72.871516,23.642794],[72.872137,23.642922],[72.872428,23.643344],[72.872522,23.643942],[72.872284,23.644202],[72.870727,23.644276],[72.87049,23.6445],[72.87065,23.645039],[72.872294,23.646029],[72.872851,23.646073],[72.873409,23.646021],[72.874063,23.645683]]}},{"type":"Feature","properties":{"source_id":845,"stream_order":1},"geometry":{"type":"LineString","coordinates":[[72.891615,23.6412],[72.891645,23.64095],[72.89186,23.640451],[72.892516,23.63997],[72.891923,23.639735],[72.891734,23.639398],[72.891999,23.639056],[72.892786,23.638481],[72.892702,23.63805],[72.892747,23.637716],[72.893074,23.637518],[72.893907,23.637314]]}},{"type":"Feature","properties":{"source_id":846,"stream_order":1},"geometry":{"type":"LineString","coordinates":[[72.899322,23.642925],[72.899399,23.642677],[72.899738,23.642242],[72.900159,23.641847],[72.900566,23.641652],[72.900833,23.641216],[72.901242,23.640887],[72.902254,23.640566],[72.903186,23.639996],[72.903567,23.639533],[72.904103,23.639081],[72.904489,23.638914]]}},{"type":"Feature","properties":{"source_id":847,"stream_order":3},"geometry":{"type":"LineString","coordinates":[[72.871051,23.638263],[72.871296,23.637822],[72.87157,23.637577],[72.872099,23.637566],[72.872459,23.637742],[72.872505,23.638116],[72.872951,23.638131],[72.873304,23.638088],[72.874051,23.637459],[72.874245,23.637386]]}},{"type":"Feature","properties":{"source_id":848,"stream_order":2},"geometry":{"type":"LineString","coordinates":[[72.874245,23.637386],[72.874014,23.637143]]}},{"type":"Feature","properties":{"source_id":849,"stream_order":1},"geometry":{"type":"LineString","coordinates":[[72.871051,23.638263],[72.871552,23.638346],[72.871953,23.638572],[72.872301,23.638901]]}},{"type":"Feature","properties":{"source_id":850,"stream_order":1},"geometry":{"type":"LineString","coordinates":[[72.876334,23.642056],[72.876883,23.642241],[72.877318,23.642257],[72.877512,23.642432]]}},{"type":"Feature","properties":{"source_id":851,"stream_order":2},"geometry":{"type":"LineString","coordinates":[[72.884941,23.644573],[72.885971,23.645008],[72.886484,23.645368],[72.888349,23.645461],[72.889426,23.64559],[72.889826,23.645882],[72.891186,23.645767],[72.891351,23.645845],[72.891669,23.645439],[72.892183,23.645035],[72.895429,23.643818],[72.896564,23.643489],[72.89736,23.643051],[72.898044,23.643098],[72.899322,23.642925]]}},{"type":"Feature","properties":{"source_id":852,"stream_order":2},"geometry":{"type":"LineString","coordinates":[[72.874245,23.637386],[72.874808,23.637459],[72.875409,23.638108],[72.875937,23.638172],[72.876188,23.638105]]}},{"type":"Feature","properties":{"source_id":853,"stream_order":2},"geometry":{"type":"LineString","coordinates":[[72.858459,23.628562],[72.858812,23.628735],[72.8596,23.629339],[72.859916,23.629677],[72.860714,23.629755],[72.86183,23.629341],[72.862219,23.62904],[72.862666,23.628349],[72.862919,23.628085],[72.863693,23.628306],[72.864145,23.628551],[72.864841,23.628503],[72.865659,23.628581],[72.8661,23.628903],[72.866842,23.62919],[72.867086,23.629499],[72.867589,23.629171],[72.868073,23.628729],[72.868192,23.628396],[72.869031,23.628503],[72.869149,23.628218],[72.869168,23.627703],[72.869051,23.627281],[72.869055,23.626975],[72.869255,23.626796],[72.870423,23.626449],[72.870521,23.626116],[72.870463,23.625867],[72.870807,23.625738],[72.87105,23.625542]]}},{"type":"Feature","properties":{"source_id":859,"stream_order":1},"geometry":{"type":"LineString","coordinates":[[72.845176,23.630576],[72.844994,23.631451],[72.844405,23.632565],[72.844268,23.633005]]}},{"type":"Feature","properties":{"source_id":860,"stream_order":1},"geometry":{"type":"LineString","coordinates":[[72.884091,23.652402],[72.884383,23.652969],[72.884701,23.653203],[72.885055,23.653733],[72.885291,23.653899],[72.88535,23.654101]]}}]}