{"type":"FeatureCollection","features":[{"type":"Feature","properties":{"source_id":1,"lulc_class":"Agriculture"},"geometry":{"type":"MultiPolygon","coordinates":[[[[72.84722,23.624833],[72.846464,23.625489],[72.846524,23.625934],[72.846205,23.625936],[72.845349,23.627203],[72.844909,23.627138],[72.84525,23.628078],[72.846709,23.627659],[72.84753,23.628167],[72.848259,23.627986],[72.848899,23.626886],[72.8499,23.626556],[72.847942,23.625505],[72.84722,23.624833]]],[[[72.832901,23.692656],[72.837546,23.692154],[72.837784,23.690336],[72.835599,23.690305],[72.835673,23.687738],[72.833629,23.687859],[72.833916,23.690073],[72.832435,23.691396],[72.832901,23.692656]]],[[[72.85807,23.700112],[72.858694,23.700203],[72.858654,23.699924],[72.859142,23.699632],[72.860128,23.699686],[72.85928,23.698737],[72.857416,23.699253],[72.85807,23.700112]]],[[[72.847657,23.723855],[72.847083,23.723761],[72.846392,23.72411],[72.846179,23.724766],[72.846472,23.725917],[72.846789,23.726374],[72.848012,23.725965],[72.848746,23.726721],[72.849849,23.726707],[72.85003,23.725575],[72.849549,23.72387],[72.849092,23.723718],[72.84896,23.723214],[72.847872,23.723084],[72.847651,23.723282],[72.847657,23.723855]]],[[[72.805121,23.734117],[72.80393,23.73398],[72.803314,23.73416],[72.803223,23.735881],[72.803625,23.738252],[72.804211,23.738881],[72.804169,23.739812],[72.804952,23.739537],[72.805652,23.738018],[72.806433,23.738165],[72.805841,23.739143],[72.805767,23.74048],[72.805934,23.742895],[72.805218,23.745345],[72.806312,23.745122],[72.807074,23.743006],[72.807574,23.742608],[72.808027,23.738792],[72.808532,23.736506],[72.809519,23.733713],[72.808736,23.733385],[72.80815,23.734101],[72.806694,23.734688],[72.805121,23.734117]]],[[[72.804946,23.742528],[72.803184,23.74264],[72.802981,23.742775],[72.803135,23.742789],[72.80313,23.743386],[72.803841,23.743408],[72.803971,23.743066],[72.805053,23.743167],[72.804946,23.742528]]],[[[72.804338,23.756034],[72.803864,23.756481],[72.804165,23.757058],[72.805039,23.757165],[72.805164,23.756308],[72.804338,23.756034]]],[[[72.840948,23.757575],[72.841221,23.757589],[72.840872,23.757869],[72.841172,23.758518],[72.841978,23.758434],[72.841878,23.757405],[72.841245,23.757241],[72.840948,23.757575]]],[[[72.83911,23.79245],[72.8397,23.793185],[72.840702,23.792874],[72.842171,23.791939],[72.842063,23.790963],[72.841145,23.791199],[72.840468,23.790711],[72.839062,23.791303],[72.83911,23.79245]]],[[[72.814902,23.805293],[72.813835,23.805793],[72.814658,23.807295],[72.815689,23.806699],[72.815711,23.808745],[72.816056,23.809608],[72.815868,23.810867],[72.816386,23.811924],[72.817054,23.812011],[72.818241,23.811837],[72.819776,23.810693],[72.82016,23.808826],[72.819952,23.807619],[72.81811,23.806007],[72.817583,23.803974],[72.816967,23.803564],[72.816258,23.803726],[72.815397,23.804268],[72.814902,23.805293]]],[[[72.82234,23.812963],[72.82178,23.813462],[72.821835,23.81406],[72.823256,23.81495],[72.82373,23.814635],[72.823709,23.814062],[72.824375,23.81393],[72.825006,23.813442],[72.824798,23.812178],[72.824597,23.811793],[72.823719,23.811967],[72.823548,23.812532],[72.82234,23.812963]]],[[[72.807912,23.820033],[72.806663,23.819697],[72.806608,23.819929],[72.806749,23.819908],[72.806447,23.821623],[72.807228,23.821527],[72.807912,23.820033]]],[[[72.812939,23.836037],[72.814408,23.835695],[72.816069,23.835664],[72.818776,23.834354],[72.819209,23.832235],[72.821518,23.832373],[72.821774,23.832502],[72.822261,23.833124],[72.822537,23.83384],[72.822652,23.835517],[72.823577,23.836424],[72.823853,23.835536],[72.823419,23.834801],[72.823296,23.83244],[72.822623,23.831953],[72.821426,23.831727],[72.820128,23.831709],[72.818739,23.832153],[72.818344,23.831594],[72.818171,23.830338],[72.817509,23.829164],[72.816862,23.829035],[72.816376,23.829457],[72.815541,23.829557],[72.813505,23.829435],[72.812667,23.828349],[72.81112,23.827646],[72.810629,23.829108],[72.812442,23.830137],[72.813284,23.831009],[72.813465,23.831835],[72.813095,23.832977],[72.812249,23.832944],[72.811709,23.832061],[72.811163,23.832054],[72.810831,23.830974],[72.809071,23.831379],[72.807797,23.830752],[72.809028,23.8293],[72.809952,23.827665],[72.809968,23.826698],[72.809407,23.825673],[72.809873,23.825689],[72.809355,23.824746],[72.809995,23.823716],[72.812777,23.822752],[72.814115,23.821911],[72.815156,23.820242],[72.816297,23.817156],[72.815607,23.816797],[72.814883,23.816634],[72.814086,23.815839],[72.815079,23.816082],[72.815714,23.815403],[72.815706,23.814601],[72.816016,23.814388],[72.816471,23.814418],[72.816497,23.812997],[72.815482,23.811645],[72.815209,23.810552],[72.815449,23.809848],[72.815194,23.808985],[72.81469,23.808202],[72.814157,23.809545],[72.813492,23.810195],[72.81255,23.80968],[72.81393,23.807924],[72.813878,23.807578],[72.813163,23.806607],[72.812727,23.80674],[72.812607,23.806579],[72.811912,23.806975],[72.81069,23.810182],[72.810638,23.810776],[72.811014,23.811163],[72.810664,23.811603],[72.809752,23.812134],[72.809602,23.812039],[72.808187,23.81312],[72.807676,23.81606],[72.806463,23.818115],[72.806776,23.818685],[72.806721,23.819403],[72.808054,23.819723],[72.808724,23.818252],[72.80987,23.819594],[72.808006,23.82161],[72.807247,23.82271],[72.806848,23.825606],[72.806992,23.826325],[72.807539,23.826863],[72.807262,23.827014],[72.806766,23.827752],[72.806526,23.827916],[72.80544,23.82747],[72.805731,23.826269],[72.80478,23.826511],[72.805302,23.824867],[72.80546,23.820127],[72.804682,23.819959],[72.804653,23.818941],[72.805212,23.819035],[72.805856,23.818729],[72.806198,23.817845],[72.805188,23.817659],[72.804989,23.817267],[72.804418,23.817259],[72.803215,23.8169],[72.802299,23.817188],[72.801255,23.817187],[72.800975,23.818153],[72.800258,23.817548],[72.799679,23.820174],[72.800517,23.82126],[72.799489,23.822177],[72.79939,23.82343],[72.795736,23.825313],[72.795941,23.827],[72.796704,23.829072],[72.798087,23.829108],[72.798722,23.835659],[72.799348,23.835528],[72.79997,23.835696],[72.803079,23.836907],[72.803213,23.838859],[72.805817,23.838838],[72.807892,23.841838],[72.809293,23.841378],[72.810397,23.838686],[72.811324,23.836921],[72.812939,23.836037]],[[72.803074,23.826465],[72.801041,23.82718],[72.800315,23.826345],[72.802164,23.825225],[72.803074,23.826465]],[[72.812758,23.815889],[72.813219,23.815308],[72.813711,23.815702],[72.812907,23.81608],[72.812758,23.815889]],[[72.810183,23.814319],[72.810398,23.814465],[72.810606,23.813961],[72.810968,23.813957],[72.811382,23.814321],[72.811173,23.814691],[72.811686,23.814784],[72.81188,23.814343],[72.812389,23.81468],[72.81205,23.815349],[72.811648,23.815199],[72.811471,23.815527],[72.810555,23.815313],[72.809924,23.814903],[72.810183,23.814319]],[[72.814964,23.813061],[72.814917,23.813347],[72.815359,23.814271],[72.813753,23.813388],[72.813921,23.812053],[72.81515,23.812255],[72.815569,23.812927],[72.814964,23.813061]]],[[[72.792427,23.839042],[72.795792,23.836921],[72.79572,23.835488],[72.795096,23.833222],[72.794104,23.831989],[72.792226,23.831297],[72.791341,23.831652],[72.791864,23.835469],[72.792423,23.836946],[72.792427,23.839042]]],[[[72.844845,23.842537],[72.843988,23.841361],[72.843077,23.839467],[72.842672,23.837645],[72.842371,23.837068],[72.841388,23.835621],[72.840328,23.834949],[72.839839,23.835092],[72.837896,23.836766],[72.837246,23.836817],[72.83657,23.836479],[72.835907,23.835365],[72.835103,23.834906],[72.832403,23.835256],[72.831553,23.835602],[72.831508,23.836378],[72.832032,23.837321],[72.833259,23.837288],[72.833644,23.837481],[72.833816,23.837773],[72.833832,23.838262],[72.836014,23.838871],[72.836157,23.838302],[72.836976,23.838403],[72.837686,23.838759],[72.838056,23.83857],[72.837477,23.837968],[72.837548,23.837654],[72.838186,23.837757],[72.838302,23.837619],[72.838579,23.837763],[72.838747,23.837507],[72.839055,23.837554],[72.839056,23.8377],[72.84001,23.837448],[72.840943,23.837861],[72.842215,23.837684],[72.842466,23.838426],[72.842743,23.840551],[72.844061,23.842751],[72.844519,23.843196],[72.845202,23.843519],[72.846084,23.844199],[72.848035,23.844929],[72.849693,23.846783],[72.850899,23.84752],[72.852104,23.848077],[72.853402,23.848305],[72.853843,23.848161],[72.85041,23.846393],[72.849442,23.845209],[72.847644,23.843843],[72.847417,23.844063],[72.844845,23.842537]]],[[[72.873609,23.631434],[72.872613,23.631427],[72.871082,23.631757],[72.86893,23.630928],[72.868255,23.631205],[72.867892,23.631988],[72.867919,23.632705],[72.869597,23.632406],[72.870177,23.633382],[72.871444,23.633393],[72.87158,23.633877],[72.873162,23.634076],[72.87313,23.632554],[72.872914,23.632163],[72.87301,23.631921],[72.87381,23.63196],[72.873609,23.631434]]],[[[72.906408,23.674804],[72.906234,23.676126],[72.906733,23.67664],[72.907308,23.676816],[72.907227,23.676038],[72.906481,23.675985],[72.906485,23.675698],[72.906863,23.675446],[72.906605,23.674998],[72.90707,23.674173],[72.906889,23.673783],[72.906486,23.673706],[72.905995,23.67327],[72.906238,23.672685],[72.905794,23.672235],[72.905214,23.672471],[72.904894,23.672413],[72.904633,23.672667],[72.904846,23.673561],[72.905941,23.674054],[72.906408,23.674804]]],[[[72.942534,23.729763],[72.943183,23.729771],[72.943957,23.730279],[72.944016,23.7297],[72.944513,23.729344],[72.944983,23.728746],[72.944572,23.728156],[72.944838,23.727843],[72.944226,23.727367],[72.944024,23.725751],[72.945287,23.725858],[72.945395,23.725202],[72.945996,23.725338],[72.945748,23.726109],[72.945899,23.727179],[72.946626,23.726836],[72.946137,23.726439],[72.946122,23.726114],[72.946976,23.725877],[72.947442,23.725272],[72.947779,23.725386],[72.948089,23.724947],[72.948156,23.72455],[72.947677,23.724312],[72.947483,23.724006],[72.947372,23.722446],[72.947796,23.722035],[72.947993,23.720318],[72.947773,23.719815],[72.946857,23.718811],[72.947122,23.717904],[72.946449,23.716508],[72.944215,23.716699],[72.935135,23.718097],[72.926078,23.719162],[72.926417,23.721396],[72.927322,23.721557],[72.927194,23.723496],[72.92321,23.723162],[72.923313,23.720636],[72.922182,23.720669],[72.92231,23.720548],[72.921875,23.720247],[72.921888,23.720074],[72.921283,23.720066],[72.921265,23.719734],[72.91983,23.718392],[72.917362,23.71959],[72.916585,23.719472],[72.917409,23.719053],[72.916879,23.71815],[72.918284,23.717882],[72.918927,23.717208],[72.917283,23.715339],[72.916079,23.713019],[72.916338,23.709668],[72.916115,23.708939],[72.916288,23.708257],[72.916153,23.707345],[72.915187,23.704332],[72.91525,23.703468],[72.915805,23.701413],[72.915606,23.699571],[72.915894,23.699569],[72.91598,23.699219],[72.919869,23.697816],[72.922925,23.695929],[72.924774,23.695208],[72.930007,23.693701],[72.929567,23.692172],[72.928568,23.690163],[72.927828,23.686655],[72.928021,23.686047],[72.927535,23.683384],[72.928451,23.683305],[72.928402,23.681463],[72.9279,23.680212],[72.92819,23.680195],[72.928199,23.679532],[72.928012,23.679209],[72.927584,23.676242],[72.927462,23.676257],[72.927444,23.676017],[72.927764,23.675944],[72.927812,23.676169],[72.928697,23.676006],[72.929487,23.675449],[72.929604,23.674968],[72.929954,23.674866],[72.929982,23.674598],[72.931117,23.672852],[72.931254,23.67285],[72.932316,23.670498],[72.932419,23.668656],[72.932656,23.667905],[72.932217,23.665348],[72.931918,23.664504],[72.932071,23.663063],[72.93219,23.662737],[72.932724,23.662633],[72.934061,23.661916],[72.933919,23.661423],[72.934558,23.661121],[72.934379,23.65941],[72.931836,23.65945],[72.931542,23.659044],[72.928269,23.658743],[72.925472,23.658186],[72.924461,23.658117],[72.924343,23.658291],[72.922947,23.658193],[72.9226,23.659217],[72.922175,23.659252],[72.922036,23.658939],[72.92166,23.658801],[72.920434,23.658718],[72.920095,23.659711],[72.918578,23.65941],[72.919194,23.658131],[72.917147,23.657631],[72.916974,23.659023],[72.916743,23.659685],[72.91693,23.659746],[72.916869,23.660438],[72.917484,23.660684],[72.917207,23.661818],[72.916217,23.661559],[72.916056,23.662425],[72.915716,23.662475],[72.915577,23.662193],[72.914941,23.662042],[72.914482,23.663435],[72.915093,23.664195],[72.91736,23.665946],[72.918084,23.666285],[72.917576,23.666522],[72.91759,23.667103],[72.916424,23.666112],[72.914727,23.665158],[72.913567,23.664712],[72.913268,23.663956],[72.911956,23.663257],[72.911707,23.664257],[72.910699,23.664064],[72.910453,23.662377],[72.909911,23.660942],[72.909362,23.66066],[72.907779,23.658946],[72.906212,23.658834],[72.905802,23.660361],[72.905581,23.660363],[72.905585,23.660709],[72.906249,23.660782],[72.906251,23.660955],[72.907036,23.661215],[72.907131,23.662204],[72.907543,23.66253],[72.907815,23.662512],[72.907847,23.662339],[72.908273,23.662304],[72.908269,23.662006],[72.908933,23.661968],[72.909484,23.662671],[72.909196,23.662736],[72.90937,23.664809],[72.908571,23.664878],[72.908441,23.665539],[72.908119,23.665652],[72.908265,23.666602],[72.907416,23.666798],[72.907418,23.666986],[72.906148,23.667657],[72.906102,23.66816],[72.906425,23.668063],[72.906563,23.668329],[72.906483,23.668817],[72.905755,23.6692],[72.906556,23.670985],[72.906148,23.671035],[72.905357,23.671897],[72.907092,23.673117],[72.907524,23.673878],[72.908446,23.673761],[72.909088,23.674487],[72.909849,23.674597],[72.910248,23.674961],[72.911165,23.675031],[72.911129,23.675288],[72.91009,23.675102],[72.908896,23.674828],[72.908372,23.674491],[72.907486,23.674202],[72.9071,23.675052],[72.908334,23.67575],[72.908441,23.676212],[72.908955,23.676004],[72.909834,23.676475],[72.910349,23.67641],[72.910809,23.676832],[72.911539,23.676899],[72.911206,23.67731],[72.909778,23.67709],[72.909519,23.676743],[72.909331,23.676841],[72.909086,23.676579],[72.908496,23.676455],[72.908502,23.677412],[72.908714,23.677393],[72.908905,23.677768],[72.909488,23.67814],[72.910411,23.678311],[72.909722,23.679954],[72.909641,23.680891],[72.909772,23.681291],[72.909546,23.682262],[72.909824,23.682288],[72.91029,23.681125],[72.911833,23.680973],[72.911944,23.681806],[72.912346,23.681969],[72.912815,23.681804],[72.913471,23.682644],[72.913557,23.683104],[72.913068,23.683513],[72.912594,23.683611],[72.913316,23.684502],[72.913395,23.685153],[72.913053,23.685357],[72.912997,23.685875],[72.913217,23.687862],[72.913947,23.690271],[72.914201,23.690335],[72.914122,23.691473],[72.914539,23.693324],[72.914604,23.696156],[72.913081,23.696286],[72.912871,23.695202],[72.912437,23.695222],[72.912045,23.694073],[72.91246,23.693936],[72.912434,23.693133],[72.912632,23.693015],[72.91257,23.69228],[72.91337,23.692591],[72.913239,23.692191],[72.912713,23.692137],[72.912689,23.691519],[72.911785,23.691694],[72.911538,23.690492],[72.910322,23.690169],[72.910335,23.689717],[72.910082,23.689786],[72.909935,23.689554],[72.908906,23.689847],[72.908232,23.689385],[72.907834,23.689422],[72.907759,23.689205],[72.906423,23.689399],[72.906159,23.689267],[72.905692,23.69214],[72.905122,23.693492],[72.904832,23.693683],[72.904665,23.694492],[72.902891,23.695127],[72.900794,23.695522],[72.900708,23.695685],[72.900239,23.695473],[72.899241,23.695509],[72.898237,23.694964],[72.896244,23.695837],[72.896072,23.696432],[72.896068,23.698701],[72.89509,23.699046],[72.89526,23.700571],[72.894378,23.700947],[72.894043,23.699599],[72.892577,23.700027],[72.892531,23.698832],[72.891668,23.698074],[72.88928,23.699385],[72.889301,23.698071],[72.89038,23.697489],[72.889784,23.696257],[72.891368,23.696547],[72.894204,23.69566],[72.896554,23.694086],[72.895165,23.693497],[72.894603,23.692774],[72.890288,23.693161],[72.889253,23.691796],[72.88657,23.68988],[72.886277,23.689882],[72.885856,23.69053],[72.885341,23.690284],[72.885232,23.690999],[72.884583,23.69105],[72.884408,23.689823],[72.883206,23.689956],[72.882147,23.689285],[72.882065,23.688298],[72.882804,23.68796],[72.882549,23.68757],[72.881379,23.687311],[72.876707,23.687],[72.877739,23.685079],[72.879252,23.681672],[72.880356,23.678241],[72.880047,23.676055],[72.877668,23.676694],[72.876465,23.677274],[72.875266,23.677616],[72.873058,23.677873],[72.871261,23.678278],[72.871054,23.678275],[72.870409,23.676475],[72.87052,23.675998],[72.871068,23.675791],[72.872398,23.67698],[72.874234,23.677292],[72.875064,23.677279],[72.876028,23.677006],[72.876906,23.675656],[72.879953,23.675587],[72.879613,23.673978],[72.879795,23.673953],[72.879727,23.67281],[72.879414,23.671868],[72.878762,23.667414],[72.880168,23.667284],[72.879154,23.66502],[72.87846,23.662104],[72.878615,23.661432],[72.879171,23.660609],[72.879155,23.660136],[72.878536,23.659645],[72.878656,23.658864],[72.878525,23.658605],[72.877828,23.657949],[72.877624,23.658022],[72.877399,23.657761],[72.877346,23.658127],[72.877724,23.658546],[72.877609,23.658697],[72.877176,23.65871],[72.87743,23.659124],[72.877265,23.659558],[72.877727,23.660634],[72.877905,23.660671],[72.877746,23.66163],[72.877297,23.661159],[72.875932,23.661146],[72.875881,23.66062],[72.877393,23.660565],[72.876533,23.658998],[72.876898,23.658921],[72.876883,23.658573],[72.876503,23.658303],[72.876596,23.657691],[72.87613,23.657602],[72.876194,23.658773],[72.875246,23.658854],[72.875281,23.660421],[72.874748,23.660244],[72.874874,23.659603],[72.87434,23.659271],[72.874077,23.658847],[72.874539,23.658547],[72.875158,23.658728],[72.875228,23.657885],[72.875942,23.657599],[72.876252,23.657069],[72.876262,23.656407],[72.87586,23.656458],[72.875329,23.655977],[72.875447,23.65454],[72.875941,23.653646],[72.876801,23.653627],[72.87668,23.651387],[72.875807,23.650049],[72.875518,23.651084],[72.875496,23.652445],[72.874323,23.652823],[72.873023,23.653809],[72.872491,23.655414],[72.87182,23.653613],[72.87213,23.651324],[72.873762,23.648982],[72.871408,23.647874],[72.869278,23.647272],[72.868692,23.647407],[72.868643,23.647907],[72.868071,23.647728],[72.867962,23.648957],[72.867691,23.649221],[72.866792,23.649495],[72.867456,23.651726],[72.866832,23.651825],[72.864737,23.649073],[72.864452,23.649821],[72.865773,23.652348],[72.864986,23.65291],[72.861999,23.652403],[72.862917,23.650947],[72.863132,23.649695],[72.862555,23.649329],[72.861759,23.648028],[72.861162,23.646443],[72.860461,23.646505],[72.860621,23.648622],[72.859839,23.648862],[72.858955,23.648205],[72.858901,23.649135],[72.857557,23.650478],[72.857903,23.648369],[72.857975,23.646328],[72.857425,23.646643],[72.857032,23.649253],[72.85593,23.652462],[72.855153,23.65238],[72.855548,23.649627],[72.856762,23.646741],[72.854961,23.647504],[72.854822,23.646463],[72.856029,23.646408],[72.85605,23.645119],[72.854222,23.645093],[72.854015,23.643478],[72.854953,23.643204],[72.854927,23.642416],[72.853337,23.642143],[72.851256,23.643332],[72.849258,23.6442],[72.848066,23.64336],[72.849397,23.642805],[72.850959,23.642433],[72.852262,23.641268],[72.854481,23.641156],[72.855756,23.641675],[72.856983,23.642767],[72.857135,23.640583],[72.856798,23.639754],[72.855618,23.638197],[72.854673,23.6365],[72.85358,23.636736],[72.851656,23.637892],[72.852001,23.635818],[72.851012,23.634443],[72.849137,23.634918],[72.848797,23.63434],[72.846752,23.635709],[72.846873,23.633095],[72.845743,23.633187],[72.844917,23.633785],[72.843538,23.633226],[72.84337,23.633552],[72.84294,23.632661],[72.842384,23.632677],[72.842312,23.633154],[72.840824,23.632924],[72.840996,23.632329],[72.840916,23.631313],[72.84154,23.630784],[72.841657,23.629562],[72.842985,23.62961],[72.842411,23.628774],[72.842881,23.627883],[72.842803,23.627595],[72.841916,23.627296],[72.840752,23.627452],[72.84034,23.627312],[72.840758,23.627089],[72.840766,23.626592],[72.840522,23.626321],[72.842163,23.626153],[72.84304,23.625783],[72.844072,23.626084],[72.845194,23.625966],[72.845288,23.625336],[72.844836,23.625043],[72.843053,23.62498],[72.843701,23.623934],[72.843427,23.623473],[72.843841,23.623069],[72.845029,23.623851],[72.846304,23.623901],[72.845739,23.62318],[72.845156,23.621963],[72.84452,23.622728],[72.842958,23.622717],[72.842428,23.624078],[72.841772,23.624577],[72.840728,23.62498],[72.840518,23.625903],[72.838833,23.625939],[72.837594,23.62637],[72.837147,23.625946],[72.836013,23.62593],[72.835804,23.624882],[72.835188,23.624843],[72.834883,23.625705],[72.834137,23.625695],[72.83376,23.624973],[72.834194,23.624202],[72.835341,23.623442],[72.835707,23.62288],[72.835851,23.621986],[72.836221,23.621185],[72.83512,23.62114],[72.833165,23.62174],[72.832651,23.621464],[72.831862,23.622169],[72.831259,23.621414],[72.830694,23.622243],[72.830904,23.623261],[72.830052,23.623846],[72.829907,23.62477],[72.829093,23.625027],[72.828201,23.62606],[72.827303,23.62745],[72.827869,23.628503],[72.830944,23.626755],[72.830893,23.627889],[72.830392,23.628778],[72.83124,23.630402],[72.831353,23.631448],[72.829824,23.631755],[72.829021,23.633327],[72.828465,23.633618],[72.827298,23.633631],[72.827144,23.635122],[72.826811,23.635655],[72.827287,23.636259],[72.827147,23.636913],[72.82649,23.637412],[72.826165,23.637467],[72.825893,23.638269],[72.825251,23.638278],[72.825479,23.638993],[72.825012,23.639129],[72.824888,23.639754],[72.824928,23.641207],[72.825391,23.642051],[72.825861,23.642221],[72.825935,23.642402],[72.826996,23.64247],[72.826992,23.643133],[72.827275,23.643304],[72.827356,23.644249],[72.827036,23.644444],[72.827135,23.645067],[72.826823,23.64505],[72.826753,23.645455],[72.828443,23.645606],[72.829216,23.645331],[72.829292,23.645695],[72.828996,23.646035],[72.82791,23.646535],[72.828233,23.647056],[72.827413,23.647029],[72.827561,23.647464],[72.82798,23.647788],[72.829031,23.648173],[72.828974,23.648687],[72.830993,23.649996],[72.832221,23.65108],[72.832319,23.651008],[72.832729,23.651298],[72.833523,23.650837],[72.833987,23.651589],[72.833678,23.651827],[72.834087,23.652563],[72.832974,23.653211],[72.834518,23.654834],[72.834507,23.65555],[72.834845,23.656272],[72.835568,23.657213],[72.837622,23.657672],[72.838111,23.658682],[72.837588,23.659786],[72.838045,23.660365],[72.838146,23.661334],[72.837811,23.662763],[72.839133,23.665182],[72.838761,23.666502],[72.83993,23.666375],[72.840645,23.66549],[72.841262,23.665785],[72.841619,23.665396],[72.841787,23.664646],[72.842482,23.664978],[72.84219,23.663755],[72.842434,23.663114],[72.843168,23.663447],[72.843575,23.664706],[72.84511,23.665982],[72.846162,23.665925],[72.844469,23.664755],[72.844988,23.663938],[72.846335,23.664816],[72.846582,23.666396],[72.849869,23.665188],[72.850313,23.666591],[72.848868,23.66693],[72.848788,23.667108],[72.846727,23.667007],[72.846616,23.669084],[72.844713,23.668843],[72.844112,23.667544],[72.84231,23.668308],[72.841755,23.668945],[72.842132,23.669667],[72.841463,23.670159],[72.840135,23.670499],[72.840046,23.673002],[72.840951,23.672969],[72.841756,23.673247],[72.843425,23.672659],[72.844255,23.672651],[72.844433,23.673208],[72.843098,23.67361],[72.842303,23.674038],[72.842274,23.674483],[72.842785,23.674943],[72.84223,23.67558],[72.841786,23.676541],[72.842754,23.676842],[72.843285,23.677637],[72.841687,23.67783],[72.841673,23.67869],[72.841145,23.680044],[72.840257,23.679637],[72.839687,23.68117],[72.840571,23.681792],[72.840198,23.68322],[72.841186,23.684631],[72.84159,23.686106],[72.841342,23.686998],[72.841323,23.688144],[72.840846,23.688747],[72.841217,23.689827],[72.842032,23.689946],[72.84294,23.68917],[72.843358,23.689785],[72.844461,23.689748],[72.844256,23.689481],[72.845098,23.689028],[72.844975,23.688529],[72.845554,23.688235],[72.845688,23.685997],[72.846318,23.68514],[72.846239,23.684034],[72.847674,23.683546],[72.848923,23.682489],[72.849609,23.68217],[72.849685,23.681514],[72.850921,23.681262],[72.851793,23.681454],[72.852449,23.680985],[72.852503,23.679123],[72.852332,23.678236],[72.853441,23.677834],[72.853823,23.678196],[72.853631,23.678282],[72.853797,23.678709],[72.853613,23.678774],[72.854926,23.680183],[72.856017,23.680885],[72.855033,23.681618],[72.854529,23.682656],[72.855222,23.68389],[72.856307,23.68501],[72.854477,23.68388],[72.85354,23.683658],[72.853242,23.684072],[72.852377,23.683403],[72.851762,23.683334],[72.850756,23.683552],[72.851113,23.682779],[72.851794,23.682763],[72.852221,23.683179],[72.853047,23.683286],[72.853384,23.683174],[72.852922,23.681798],[72.851193,23.682125],[72.849505,23.682648],[72.849732,23.683308],[72.849591,23.683274],[72.849478,23.684258],[72.850377,23.684778],[72.851223,23.684581],[72.851535,23.685362],[72.852107,23.686026],[72.852886,23.685978],[72.852845,23.686536],[72.851831,23.687038],[72.852012,23.687562],[72.853062,23.688981],[72.85355,23.690285],[72.854376,23.690458],[72.855577,23.688361],[72.856832,23.687769],[72.85735,23.689424],[72.855993,23.691484],[72.855093,23.694321],[72.85585,23.695495],[72.856406,23.697749],[72.857553,23.697534],[72.857773,23.697132],[72.857541,23.696781],[72.859166,23.697332],[72.858481,23.696427],[72.85944,23.695908],[72.859895,23.696175],[72.861024,23.695645],[72.861045,23.695316],[72.861561,23.695296],[72.862245,23.697017],[72.86311,23.696491],[72.864382,23.69486],[72.866948,23.697332],[72.861485,23.698332],[72.862051,23.699415],[72.863528,23.699471],[72.864222,23.69991],[72.864351,23.700535],[72.863762,23.700515],[72.863674,23.701094],[72.864692,23.702302],[72.866178,23.702647],[72.866968,23.703504],[72.867253,23.703482],[72.867716,23.702879],[72.869357,23.701631],[72.86906,23.701256],[72.86908,23.701009],[72.869503,23.701126],[72.869948,23.700588],[72.869954,23.701133],[72.870307,23.701453],[72.870141,23.702081],[72.869862,23.702429],[72.870049,23.703081],[72.873566,23.702162],[72.874163,23.703747],[72.872278,23.704796],[72.869524,23.706657],[72.868492,23.707897],[72.867059,23.707519],[72.866415,23.706399],[72.866054,23.70471],[72.86498,23.703492],[72.86461,23.703876],[72.862504,23.702869],[72.862025,23.703555],[72.861029,23.70261],[72.860169,23.70126],[72.859515,23.701396],[72.859781,23.701996],[72.859751,23.702927],[72.859408,23.702922],[72.859166,23.701249],[72.858789,23.700852],[72.856751,23.700184],[72.856344,23.699787],[72.856198,23.701373],[72.856946,23.70327],[72.856702,23.707089],[72.857485,23.709125],[72.85936,23.709538],[72.860065,23.709841],[72.860746,23.709634],[72.861168,23.708579],[72.86249,23.70963],[72.86202,23.709795],[72.862962,23.710252],[72.862566,23.710706],[72.861933,23.710353],[72.861691,23.710865],[72.861566,23.709932],[72.861055,23.709767],[72.860285,23.710357],[72.860578,23.711179],[72.860325,23.71237],[72.860731,23.712925],[72.861277,23.712861],[72.861329,23.714654],[72.862054,23.714664],[72.862849,23.713921],[72.86305,23.713247],[72.863362,23.713162],[72.863834,23.712719],[72.863979,23.712347],[72.864425,23.712343],[72.864497,23.712164],[72.864706,23.712135],[72.864955,23.711789],[72.864821,23.711735],[72.864901,23.711506],[72.866269,23.71219],[72.864148,23.713695],[72.863427,23.714887],[72.865065,23.715266],[72.86789,23.716201],[72.869458,23.716366],[72.869859,23.716007],[72.86971,23.71559],[72.870015,23.715021],[72.870211,23.715453],[72.87104,23.715207],[72.871017,23.715665],[72.870077,23.716053],[72.870207,23.716444],[72.871552,23.716662],[72.871862,23.71635],[72.871903,23.715749],[72.872352,23.715913],[72.871953,23.716763],[72.872871,23.716996],[72.872883,23.716737],[72.873434,23.716329],[72.873393,23.715999],[72.873832,23.715804],[72.874092,23.716123],[72.87367,23.716217],[72.873681,23.716504],[72.874006,23.716623],[72.874367,23.716428],[72.874522,23.717059],[72.876056,23.717143],[72.875846,23.716434],[72.876358,23.716498],[72.877051,23.716952],[72.877658,23.71696],[72.877869,23.716461],[72.878449,23.716197],[72.878443,23.715581],[72.87888,23.715515],[72.879011,23.71513],[72.879505,23.715395],[72.878871,23.717034],[72.879484,23.717396],[72.881597,23.717137],[72.881802,23.715509],[72.882325,23.715594],[72.882416,23.715047],[72.882414,23.714832],[72.881986,23.714683],[72.882107,23.714428],[72.881042,23.713746],[72.881644,23.712117],[72.882858,23.712551],[72.882999,23.71149],[72.883591,23.711638],[72.88407,23.711443],[72.884359,23.711479],[72.884602,23.710969],[72.885715,23.711011],[72.886103,23.710809],[72.886412,23.710927],[72.886436,23.71054],[72.88753,23.71029],[72.887617,23.709603],[72.887914,23.709626],[72.887807,23.709146],[72.887905,23.708686],[72.891595,23.705304],[72.895813,23.702554],[72.897312,23.701054],[72.897586,23.700569],[72.897984,23.700508],[72.897928,23.699845],[72.899722,23.699282],[72.899855,23.699352],[72.900877,23.698835],[72.901347,23.698374],[72.901709,23.698351],[72.903245,23.697752],[72.90528,23.697487],[72.905505,23.697697],[72.907404,23.697661],[72.907747,23.699426],[72.907839,23.70205],[72.905991,23.710013],[72.906143,23.711047],[72.906074,23.711742],[72.904123,23.713238],[72.902054,23.713396],[72.901842,23.713982],[72.901267,23.714298],[72.901218,23.714782],[72.900814,23.714775],[72.900495,23.715209],[72.90074,23.715984],[72.901235,23.7165],[72.90118,23.716742],[72.899698,23.717208],[72.899812,23.717872],[72.901264,23.718655],[72.903759,23.718403],[72.904169,23.717118],[72.907806,23.716021],[72.907119,23.717624],[72.908082,23.71821],[72.909232,23.719301],[72.907679,23.719101],[72.907037,23.717874],[72.905044,23.718348],[72.904919,23.718884],[72.903591,23.719189],[72.903071,23.720077],[72.904694,23.720816],[72.902978,23.721008],[72.903775,23.722308],[72.905874,23.722444],[72.907927,23.723046],[72.908317,23.722952],[72.908973,23.723382],[72.910848,23.722942],[72.910992,23.722829],[72.910669,23.72227],[72.910836,23.721257],[72.911444,23.719689],[72.911844,23.719014],[72.912015,23.719078],[72.912109,23.718894],[72.913214,23.718909],[72.913204,23.71953],[72.913508,23.719645],[72.915067,23.719487],[72.915355,23.720102],[72.914919,23.720158],[72.91378,23.720739],[72.914102,23.722551],[72.914588,23.722624],[72.914817,23.722995],[72.917914,23.724004],[72.917926,23.725725],[72.919539,23.727108],[72.920787,23.726946],[72.921482,23.727242],[72.92332,23.727015],[72.923341,23.727451],[72.923956,23.727798],[72.927405,23.726604],[72.930496,23.72799],[72.93139,23.728897],[72.931524,23.730721],[72.932748,23.731245],[72.933881,23.731409],[72.933615,23.729763],[72.933882,23.729289],[72.933052,23.728412],[72.932337,23.726461],[72.932834,23.725811],[72.934744,23.725986],[72.934929,23.728676],[72.93453,23.729327],[72.935494,23.729848],[72.935607,23.730954],[72.934877,23.73196],[72.935844,23.732391],[72.938437,23.732455],[72.939116,23.732643],[72.939868,23.732265],[72.940902,23.732458],[72.941537,23.731272],[72.942193,23.730863],[72.942534,23.729763]],[[72.940943,23.729604],[72.939725,23.728979],[72.939645,23.727873],[72.94112,23.728908],[72.940943,23.729604]],[[72.91285,23.702643],[72.913163,23.702221],[72.913853,23.702126],[72.914858,23.702468],[72.914677,23.703567],[72.91482,23.704421],[72.914743,23.704894],[72.914323,23.705531],[72.914458,23.70583],[72.913949,23.705992],[72.913101,23.705547],[72.912994,23.705112],[72.913353,23.705076],[72.913346,23.704433],[72.913014,23.704437],[72.912847,23.703977],[72.913207,23.703829],[72.913222,23.703443],[72.912809,23.703068],[72.91285,23.702643]],[[72.883742,23.700376],[72.883395,23.700629],[72.883685,23.701006],[72.883198,23.701271],[72.883926,23.701511],[72.88304,23.701413],[72.882402,23.701563],[72.882206,23.701014],[72.882754,23.700792],[72.883311,23.700055],[72.883742,23.700376]],[[72.876567,23.701671],[72.876883,23.70111],[72.879387,23.701119],[72.880386,23.700946],[72.880763,23.700751],[72.880833,23.70025],[72.880504,23.699443],[72.880576,23.698799],[72.881302,23.699153],[72.881257,23.700027],[72.881443,23.701018],[72.880256,23.701303],[72.880244,23.701991],[72.879621,23.702039],[72.878308,23.701419],[72.876567,23.701671]],[[72.872237,23.709746],[72.871693,23.709265],[72.874722,23.708496],[72.874082,23.70995],[72.872237,23.709746]],[[72.876861,23.709496],[72.876604,23.709966],[72.876155,23.709582],[72.876861,23.709496]],[[72.882732,23.695417],[72.882485,23.696274],[72.882762,23.696464],[72.883453,23.696086],[72.883797,23.696937],[72.88356,23.697177],[72.881693,23.697109],[72.881729,23.695834],[72.882174,23.695266],[72.882732,23.695417]],[[72.865422,23.693873],[72.8656,23.693138],[72.866087,23.692858],[72.866443,23.693035],[72.866291,23.693764],[72.86597,23.694319],[72.865631,23.694142],[72.865422,23.693873]],[[72.853833,23.687486],[72.854223,23.687463],[72.854852,23.688919],[72.853794,23.689039],[72.853833,23.687486]],[[72.867136,23.683142],[72.868433,23.68316],[72.868528,23.683663],[72.869957,23.683539],[72.86836,23.684473],[72.867087,23.684599],[72.864703,23.684446],[72.863137,23.685046],[72.863293,23.685518],[72.862943,23.685655],[72.862932,23.684876],[72.863459,23.684381],[72.864528,23.684062],[72.867326,23.684243],[72.867136,23.683142]],[[72.83973,23.65858],[72.839935,23.659499],[72.839325,23.659562],[72.839133,23.658639],[72.83973,23.65858]],[[72.845698,23.650207],[72.842826,23.649844],[72.843469,23.647523],[72.844505,23.647073],[72.845025,23.646184],[72.845163,23.64486],[72.846018,23.644908],[72.845477,23.64705],[72.847675,23.650628],[72.845698,23.650207]],[[72.846598,23.638551],[72.847721,23.638267],[72.847977,23.63931],[72.846861,23.640942],[72.846983,23.642986],[72.844431,23.642055],[72.844473,23.641095],[72.845372,23.640618],[72.845615,23.640076],[72.846666,23.638824],[72.846598,23.638551]],[[72.838265,23.63873],[72.83763,23.638244],[72.836472,23.636737],[72.8356,23.636763],[72.835318,23.636262],[72.835738,23.635962],[72.835496,23.635519],[72.836391,23.63536],[72.836111,23.634706],[72.836527,23.634636],[72.836658,23.634274],[72.837492,23.633999],[72.837028,23.633209],[72.837563,23.633446],[72.837961,23.633222],[72.838118,23.633779],[72.838985,23.634001],[72.839242,23.633527],[72.838946,23.632586],[72.838449,23.63256],[72.837278,23.631894],[72.837042,23.631107],[72.836004,23.631131],[72.83583,23.630345],[72.837773,23.630774],[72.837808,23.628672],[72.838242,23.628755],[72.83869,23.629277],[72.839631,23.628812],[72.840356,23.628841],[72.840073,23.630901],[72.840564,23.635112],[72.841155,23.635751],[72.842081,23.636204],[72.841827,23.636544],[72.841289,23.636479],[72.841002,23.636246],[72.84077,23.63651],[72.840724,23.638038],[72.84037,23.638091],[72.840126,23.63652],[72.839474,23.637104],[72.83913,23.637825],[72.839326,23.638516],[72.839778,23.63879],[72.838865,23.638796],[72.838856,23.640592],[72.838275,23.640622],[72.838489,23.640243],[72.838564,23.639442],[72.838265,23.63873]],[[72.832355,23.626582],[72.83275,23.62653],[72.832729,23.625947],[72.833173,23.62602],[72.833817,23.625668],[72.833189,23.626317],[72.833495,23.626636],[72.832979,23.627116],[72.832865,23.627755],[72.833327,23.628679],[72.832837,23.628834],[72.832545,23.627645],[72.831591,23.626361],[72.832355,23.626582]],[[72.840742,23.64194],[72.84,23.641946],[72.839806,23.640873],[72.841192,23.641083],[72.840439,23.641474],[72.840742,23.64194]],[[72.891644,23.698247],[72.892366,23.698831],[72.892401,23.699046],[72.891501,23.698876],[72.891466,23.698585],[72.891644,23.698247]],[[72.91217,23.678355],[72.912395,23.677914],[72.912804,23.677604],[72.912763,23.677245],[72.912064,23.677207],[72.912304,23.676795],[72.913593,23.676955],[72.913352,23.677425],[72.913832,23.678179],[72.915489,23.678462],[72.916304,23.678286],[72.916935,23.679179],[72.917305,23.679177],[72.917459,23.679338],[72.917559,23.679087],[72.917903,23.678977],[72.91797,23.678648],[72.918685,23.678715],[72.918643,23.679063],[72.919726,23.678662],[72.918923,23.680264],[72.917504,23.681427],[72.915856,23.682265],[72.915358,23.67932],[72.91217,23.678355]],[[72.92158,23.673766],[72.921872,23.675003],[72.922344,23.675668],[72.922361,23.676529],[72.920635,23.676462],[72.920318,23.677002],[72.919324,23.676717],[72.919086,23.675983],[72.91982,23.675821],[72.920653,23.675287],[72.92158,23.673766]],[[72.924924,23.672246],[72.926698,23.673238],[72.92675,23.674931],[72.926213,23.674414],[72.924318,23.673707],[72.924924,23.672246]],[[72.920006,23.66736],[72.920982,23.668144],[72.921462,23.669799],[72.919281,23.669949],[72.91866,23.668558],[72.919151,23.668335],[72.920006,23.66736]]],[[[72.911378,23.681949],[72.911066,23.681616],[72.910683,23.681643],[72.910593,23.681888],[72.910723,23.682221],[72.911392,23.682196],[72.911327,23.682915],[72.911947,23.683361],[72.91227,23.683196],[72.912376,23.682863],[72.911686,23.681902],[72.911378,23.681949]]],[[[72.874531,23.71878],[72.87451,23.719095],[72.873698,23.719256],[72.87366,23.7197],[72.873255,23.719709],[72.873296,23.720082],[72.874807,23.720044],[72.875434,23.719229],[72.875349,23.718261],[72.874835,23.718297],[72.874529,23.717978],[72.874194,23.718446],[72.87365,23.71841],[72.873629,23.718725],[72.874531,23.71878]]],[[[72.880375,23.719744],[72.879073,23.719603],[72.879764,23.718883],[72.878944,23.718503],[72.877275,23.718229],[72.876282,23.71947],[72.875454,23.720812],[72.875476,23.721004],[72.876619,23.721523],[72.878703,23.721649],[72.879379,23.721839],[72.880218,23.72229],[72.881182,23.723158],[72.881753,23.721371],[72.8815,23.719552],[72.880375,23.719744]]],[[[72.889371,23.732164],[72.88915,23.732275],[72.888492,23.731354],[72.888122,23.73133],[72.8881,23.731085],[72.887449,23.730859],[72.887421,23.731077],[72.886876,23.731232],[72.887238,23.731937],[72.886236,23.732205],[72.886387,23.732544],[72.886427,23.733538],[72.885588,23.733818],[72.88559,23.734002],[72.888407,23.735323],[72.889507,23.736656],[72.889488,23.737839],[72.890443,23.737835],[72.891258,23.737445],[72.890867,23.735987],[72.889992,23.734886],[72.889207,23.734665],[72.889164,23.733422],[72.890832,23.732967],[72.891119,23.73224],[72.889618,23.731753],[72.889396,23.731769],[72.889371,23.732164]]],[[[72.946441,23.818959],[72.944486,23.814509],[72.942153,23.814468],[72.942059,23.813535],[72.943973,23.812892],[72.942705,23.809677],[72.941954,23.801569],[72.942094,23.801471],[72.943766,23.801591],[72.94411,23.800529],[72.943588,23.800495],[72.943208,23.800171],[72.943016,23.799768],[72.943743,23.799337],[72.943842,23.798874],[72.944533,23.799061],[72.944652,23.798443],[72.945905,23.796351],[72.945664,23.795293],[72.944551,23.794706],[72.944548,23.794417],[72.94498,23.794312],[72.945069,23.793711],[72.94494,23.791989],[72.944872,23.791387],[72.944025,23.789784],[72.944147,23.788969],[72.943989,23.788078],[72.944253,23.788125],[72.944988,23.786959],[72.945186,23.786231],[72.945031,23.785226],[72.944512,23.784378],[72.941139,23.786252],[72.940357,23.785482],[72.940254,23.784937],[72.939699,23.784548],[72.938736,23.785051],[72.938814,23.785593],[72.937869,23.786208],[72.938237,23.789223],[72.936475,23.792305],[72.936853,23.794651],[72.934084,23.79576],[72.933298,23.796228],[72.931075,23.793676],[72.932883,23.792291],[72.932206,23.792489],[72.932065,23.791937],[72.933608,23.791556],[72.934195,23.790709],[72.935451,23.790568],[72.93512,23.789372],[72.937003,23.78849],[72.936671,23.786479],[72.938146,23.783519],[72.938388,23.783432],[72.938415,23.782823],[72.939006,23.782482],[72.938955,23.782276],[72.938606,23.782221],[72.938716,23.781872],[72.935826,23.78083],[72.934754,23.779621],[72.937302,23.779416],[72.939851,23.779671],[72.939375,23.780992],[72.939474,23.781472],[72.940063,23.780805],[72.941996,23.780114],[72.941674,23.778647],[72.941981,23.778327],[72.942628,23.78073],[72.944747,23.779489],[72.94596,23.780153],[72.946529,23.783553],[72.945052,23.784133],[72.945451,23.785231],[72.945501,23.787009],[72.944738,23.788017],[72.944419,23.788931],[72.945013,23.789353],[72.944952,23.79027],[72.944666,23.790591],[72.944784,23.790998],[72.945108,23.791232],[72.945412,23.792712],[72.945342,23.794223],[72.945777,23.794117],[72.94569,23.793771],[72.947109,23.793681],[72.947358,23.793544],[72.947634,23.793946],[72.948847,23.79409],[72.948249,23.794866],[72.948527,23.79546],[72.949669,23.794834],[72.950789,23.79544],[72.952186,23.795235],[72.953027,23.79569],[72.953756,23.795529],[72.954696,23.795578],[72.955317,23.794975],[72.956238,23.79516],[72.956382,23.795024],[72.956789,23.795116],[72.957021,23.795345],[72.95748,23.795284],[72.958079,23.794642],[72.960451,23.793831],[72.961618,23.793675],[72.96156,23.793816],[72.963143,23.794862],[72.965752,23.797161],[72.967145,23.79733],[72.968251,23.798368],[72.968603,23.798508],[72.964054,23.791962],[72.963234,23.792919],[72.962914,23.79247],[72.962367,23.792592],[72.962162,23.792341],[72.962137,23.792034],[72.962697,23.791392],[72.962385,23.790385],[72.962728,23.790166],[72.952098,23.775234],[72.950388,23.773033],[72.948934,23.770414],[72.948508,23.767632],[72.948621,23.766212],[72.948506,23.764503],[72.94857,23.75705],[72.948925,23.755932],[72.95057,23.753811],[72.950265,23.753359],[72.949427,23.754182],[72.948896,23.753943],[72.948247,23.753882],[72.947079,23.754668],[72.947817,23.756411],[72.947151,23.756948],[72.947178,23.757236],[72.946629,23.757507],[72.94549,23.75652],[72.945342,23.756101],[72.945028,23.755993],[72.943066,23.756564],[72.941689,23.758908],[72.941797,23.759516],[72.942229,23.760095],[72.942601,23.761187],[72.942286,23.761386],[72.941845,23.761368],[72.941719,23.762],[72.941934,23.762337],[72.941888,23.76279],[72.941185,23.76376],[72.94118,23.764083],[72.942086,23.765898],[72.943268,23.766643],[72.943761,23.767473],[72.942903,23.7687],[72.942323,23.768783],[72.942877,23.768393],[72.943322,23.767324],[72.942749,23.76666],[72.942081,23.766221],[72.941572,23.765533],[72.940821,23.763803],[72.941363,23.763189],[72.941674,23.762357],[72.941692,23.761211],[72.942318,23.76104],[72.94211,23.760237],[72.941803,23.759946],[72.9415,23.759224],[72.941137,23.759251],[72.94074,23.760339],[72.941523,23.761673],[72.941599,23.762071],[72.941023,23.76212],[72.940645,23.762744],[72.940373,23.76423],[72.940404,23.764966],[72.938076,23.764511],[72.934525,23.764228],[72.932561,23.764301],[72.932377,23.764462],[72.932336,23.763873],[72.933443,23.763059],[72.933308,23.760095],[72.932603,23.757609],[72.930977,23.757061],[72.927151,23.75724],[72.926557,23.757052],[72.92531,23.756131],[72.924358,23.756734],[72.923146,23.7557],[72.922128,23.756657],[72.920398,23.757916],[72.919825,23.75742],[72.919325,23.756579],[72.919413,23.756434],[72.917208,23.754452],[72.916482,23.753386],[72.916923,23.752825],[72.916399,23.75188],[72.915982,23.75046],[72.915544,23.746957],[72.915696,23.746461],[72.915533,23.745843],[72.915994,23.742302],[72.916011,23.741663],[72.915771,23.740956],[72.915847,23.740569],[72.913975,23.740401],[72.914404,23.739571],[72.91588,23.73971],[72.916063,23.740025],[72.916613,23.73929],[72.916864,23.737484],[72.917171,23.736971],[72.9178,23.737004],[72.917753,23.736373],[72.917946,23.736268],[72.918977,23.736268],[72.918953,23.735764],[72.919156,23.735665],[72.919283,23.73515],[72.920039,23.735317],[72.920122,23.734391],[72.920681,23.734346],[72.921989,23.731005],[72.922268,23.729871],[72.922278,23.729131],[72.922096,23.728526],[72.922278,23.728558],[72.921313,23.728265],[72.919781,23.728974],[72.91875,23.728422],[72.91805,23.727044],[72.916931,23.726539],[72.916643,23.726466],[72.916202,23.726666],[72.915696,23.726447],[72.916293,23.725595],[72.915456,23.724401],[72.914289,23.72435],[72.912782,23.723649],[72.911181,23.723985],[72.910561,23.724678],[72.910575,23.724292],[72.910063,23.724184],[72.91005,23.724972],[72.909442,23.725083],[72.908181,23.724231],[72.907279,23.724613],[72.908725,23.726675],[72.911174,23.726888],[72.91116,23.727181],[72.912073,23.727882],[72.91398,23.728672],[72.915155,23.729835],[72.915019,23.730263],[72.913923,23.728982],[72.911126,23.727918],[72.911115,23.728141],[72.909502,23.727745],[72.909322,23.729517],[72.908754,23.729366],[72.909039,23.727665],[72.906887,23.727224],[72.905041,23.725837],[72.904327,23.726723],[72.9035,23.725643],[72.903008,23.72425],[72.898871,23.72244],[72.898872,23.723754],[72.897258,23.723429],[72.896252,23.722995],[72.897038,23.722504],[72.896726,23.721101],[72.894631,23.720913],[72.892516,23.720188],[72.891776,23.720242],[72.88929,23.71985],[72.888406,23.719563],[72.887084,23.718879],[72.886233,23.71888],[72.887079,23.719997],[72.888272,23.721137],[72.888059,23.723459],[72.888532,23.723534],[72.888496,23.724199],[72.889873,23.724385],[72.889876,23.724743],[72.890246,23.724565],[72.890339,23.724027],[72.890609,23.724],[72.89079,23.724303],[72.89127,23.724113],[72.891413,23.724307],[72.891413,23.724853],[72.891643,23.724844],[72.891898,23.72461],[72.892693,23.725476],[72.893654,23.725666],[72.894061,23.726176],[72.894169,23.726587],[72.893429,23.727476],[72.89352,23.727734],[72.893289,23.728254],[72.893151,23.729249],[72.893019,23.729264],[72.892847,23.729811],[72.8931,23.73004],[72.893073,23.730245],[72.892761,23.730125],[72.892973,23.7306],[72.893224,23.730625],[72.893212,23.730843],[72.892767,23.730724],[72.892877,23.731296],[72.891945,23.731154],[72.891823,23.732018],[72.892537,23.732799],[72.89388,23.7332],[72.893844,23.734155],[72.896113,23.735065],[72.897375,23.735311],[72.897207,23.735643],[72.900959,23.736522],[72.9023,23.737042],[72.904861,23.737531],[72.906201,23.738074],[72.907291,23.738065],[72.907228,23.738781],[72.908103,23.739247],[72.907936,23.738313],[72.908974,23.738351],[72.909851,23.738625],[72.91026,23.739013],[72.911353,23.738837],[72.910586,23.739734],[72.909206,23.74005],[72.906032,23.738932],[72.901753,23.737178],[72.899114,23.736664],[72.897119,23.735817],[72.894529,23.735464],[72.894254,23.735747],[72.893589,23.735833],[72.892967,23.737067],[72.89209,23.73736],[72.891914,23.737989],[72.890876,23.737994],[72.889497,23.738313],[72.889636,23.739083],[72.889941,23.739093],[72.890561,23.740042],[72.890818,23.741013],[72.892658,23.742758],[72.891526,23.742957],[72.892045,23.744577],[72.892218,23.745905],[72.893147,23.746204],[72.893792,23.749689],[72.894632,23.750703],[72.896608,23.751268],[72.898165,23.751289],[72.899553,23.749695],[72.896297,23.748827],[72.896468,23.747898],[72.899411,23.748833],[72.900393,23.748309],[72.901542,23.747035],[72.902121,23.747139],[72.901881,23.747756],[72.902303,23.74812],[72.902331,23.748837],[72.902794,23.749059],[72.903542,23.747395],[72.904337,23.747539],[72.903914,23.749647],[72.904251,23.75044],[72.902219,23.75095],[72.902636,23.751672],[72.902262,23.7531],[72.900843,23.754228],[72.900268,23.753682],[72.8991,23.753667],[72.898161,23.753976],[72.898217,23.755339],[72.897242,23.755469],[72.898193,23.756843],[72.897626,23.758197],[72.897613,23.758985],[72.899812,23.760269],[72.900086,23.760894],[72.901051,23.76068],[72.901942,23.760943],[72.903086,23.760027],[72.903096,23.759382],[72.902322,23.759085],[72.902006,23.759367],[72.900765,23.759064],[72.900702,23.758167],[72.90102,23.757777],[72.904223,23.759505],[72.905739,23.759669],[72.908507,23.75942],[72.90883,23.758708],[72.910619,23.758803],[72.911139,23.760387],[72.910774,23.761278],[72.909878,23.761337],[72.908522,23.760925],[72.908374,23.760385],[72.907329,23.760013],[72.905881,23.760495],[72.906611,23.761114],[72.905941,23.761642],[72.904238,23.76101],[72.902597,23.761382],[72.901479,23.762065],[72.901726,23.762266],[72.902287,23.766143],[72.904226,23.769036],[72.90332,23.769318],[72.902825,23.770896],[72.904006,23.77061],[72.905602,23.770632],[72.906839,23.771186],[72.908987,23.770785],[72.909406,23.771364],[72.911962,23.772187],[72.913237,23.772849],[72.912914,23.773526],[72.91199,23.772904],[72.910597,23.772383],[72.908887,23.772145],[72.908113,23.771884],[72.905082,23.771485],[72.903166,23.771573],[72.902961,23.771652],[72.903521,23.772855],[72.902883,23.773959],[72.902189,23.776414],[72.902835,23.776954],[72.903361,23.777176],[72.904249,23.777159],[72.904645,23.776805],[72.905679,23.776376],[72.90669,23.776418],[72.907656,23.777492],[72.908404,23.777387],[72.90835,23.776856],[72.909272,23.776668],[72.909277,23.776324],[72.910463,23.776138],[72.911123,23.776622],[72.910999,23.778092],[72.910309,23.778001],[72.910053,23.778456],[72.910123,23.778959],[72.910865,23.779087],[72.910717,23.780056],[72.909236,23.779864],[72.909085,23.780536],[72.908666,23.780472],[72.908742,23.779614],[72.908274,23.779636],[72.908191,23.779979],[72.90764,23.77963],[72.90752,23.780027],[72.909672,23.781355],[72.912527,23.783735],[72.914474,23.783762],[72.915338,23.785051],[72.918942,23.786623],[72.917015,23.787003],[72.916744,23.786092],[72.91488,23.786059],[72.914471,23.786063],[72.91433,23.786612],[72.914991,23.787267],[72.915384,23.787302],[72.915466,23.787502],[72.916661,23.788234],[72.916841,23.789133],[72.916821,23.790411],[72.916571,23.79052],[72.916648,23.791495],[72.917448,23.792581],[72.917273,23.793797],[72.916794,23.794543],[72.91691,23.797052],[72.916617,23.798338],[72.914826,23.800751],[72.91532,23.801695],[72.915791,23.801413],[72.916777,23.80145],[72.916946,23.802264],[72.920389,23.802048],[72.922395,23.801621],[72.922843,23.802033],[72.924437,23.802222],[72.927937,23.801696],[72.928189,23.802177],[72.927435,23.802227],[72.927257,23.801973],[72.923966,23.802443],[72.923026,23.802753],[72.922836,23.802451],[72.920219,23.802165],[72.918202,23.802461],[72.916521,23.802526],[72.916056,23.804207],[72.917799,23.804804],[72.918135,23.806379],[72.917621,23.806311],[72.915982,23.807363],[72.915907,23.807867],[72.91571,23.807989],[72.916857,23.809707],[72.916878,23.810143],[72.917598,23.810352],[72.917911,23.810676],[72.917843,23.812192],[72.918936,23.812606],[72.919383,23.812111],[72.9194,23.811896],[72.919832,23.811615],[72.91972,23.811363],[72.919342,23.811453],[72.919245,23.811034],[72.919739,23.810981],[72.919771,23.810563],[72.919569,23.810226],[72.919764,23.809907],[72.920649,23.810085],[72.920256,23.810295],[72.920368,23.810583],[72.920809,23.810613],[72.92088,23.810268],[72.921075,23.810222],[72.921214,23.810439],[72.92151,23.81043],[72.92174,23.810783],[72.921727,23.811665],[72.921932,23.811846],[72.922179,23.811731],[72.922503,23.812607],[72.923518,23.812478],[72.925173,23.811281],[72.924516,23.81095],[72.924029,23.809761],[72.925974,23.809895],[72.926344,23.811118],[72.925501,23.812683],[72.924376,23.812382],[72.924206,23.813311],[72.924838,23.813479],[72.924776,23.813586],[72.926558,23.813999],[72.924654,23.814582],[72.924475,23.814105],[72.921984,23.813424],[72.919735,23.815244],[72.919584,23.815792],[72.920183,23.816505],[72.921617,23.81693],[72.923081,23.817141],[72.92426,23.818089],[72.925369,23.818557],[72.92624,23.81931],[72.92659,23.819374],[72.927915,23.818305],[72.928256,23.819428],[72.928783,23.819607],[72.929161,23.820285],[72.928942,23.820383],[72.928623,23.820137],[72.928832,23.821232],[72.929751,23.821399],[72.93074,23.822081],[72.933178,23.822258],[72.934843,23.822077],[72.934941,23.822424],[72.933914,23.822554],[72.933517,23.822785],[72.93552,23.822899],[72.936516,23.822699],[72.936577,23.822564],[72.941775,23.822652],[72.942446,23.82324],[72.943933,23.82402],[72.944009,23.823855],[72.944703,23.824082],[72.94485,23.823233],[72.946122,23.823608],[72.945997,23.824504],[72.947561,23.825084],[72.947419,23.82181],[72.946441,23.818959]],[[72.941847,23.821613],[72.941879,23.821288],[72.942431,23.820865],[72.94304,23.821733],[72.942915,23.822233],[72.941847,23.821613]],[[72.940187,23.814657],[72.936975,23.814858],[72.936765,23.814353],[72.936798,23.81325],[72.939929,23.812902],[72.940187,23.814657]],[[72.931067,23.807957],[72.933025,23.807338],[72.937604,23.807424],[72.937532,23.807972],[72.933279,23.808488],[72.931067,23.807957]],[[72.925306,23.807047],[72.924921,23.806713],[72.924738,23.80616],[72.925137,23.805899],[72.925898,23.806038],[72.925906,23.806525],[72.925306,23.807047]],[[72.936178,23.80414],[72.936507,23.806008],[72.935229,23.806034],[72.934926,23.804317],[72.936178,23.80414]],[[72.928671,23.799592],[72.929009,23.798736],[72.931528,23.799558],[72.930664,23.801601],[72.930731,23.802319],[72.930134,23.802299],[72.929879,23.801173],[72.929249,23.800818],[72.92918,23.800243],[72.928648,23.80026],[72.928671,23.799592]],[[72.932173,23.796707],[72.932333,23.797849],[72.931452,23.79779],[72.931332,23.795851],[72.932173,23.796707]],[[72.927153,23.797087],[72.927361,23.796254],[72.927213,23.79581],[72.928139,23.795488],[72.928184,23.795327],[72.928606,23.795138],[72.92873,23.79589],[72.929101,23.796241],[72.929072,23.796432],[72.928516,23.796305],[72.927761,23.79639],[72.927699,23.797035],[72.927153,23.797087]],[[72.925458,23.796766],[72.925452,23.797167],[72.92517,23.797227],[72.924698,23.797049],[72.924234,23.797301],[72.923986,23.796746],[72.925458,23.796766]],[[72.93228,23.788825],[72.933929,23.788331],[72.933825,23.786973],[72.934737,23.7871],[72.934729,23.788706],[72.932398,23.789247],[72.93228,23.788825]],[[72.933617,23.780802],[72.934,23.781165],[72.93405,23.78193],[72.933135,23.782052],[72.932505,23.781145],[72.933617,23.780802]],[[72.926208,23.765994],[72.924599,23.762315],[72.92386,23.762102],[72.923464,23.760771],[72.924221,23.760515],[72.924652,23.760954],[72.926077,23.760457],[72.925851,23.760005],[72.927648,23.759609],[72.927891,23.760073],[72.927577,23.760176],[72.927967,23.76107],[72.927198,23.76149],[72.929098,23.764396],[72.928562,23.76479],[72.927964,23.764209],[72.927413,23.764574],[72.928136,23.765577],[72.928698,23.766068],[72.927944,23.766487],[72.92707,23.765587],[72.926208,23.765994]],[[72.949817,23.781164],[72.949029,23.780879],[72.948916,23.78065],[72.94914,23.780438],[72.949679,23.780839],[72.950161,23.78075],[72.950305,23.781011],[72.949817,23.781164]],[[72.954931,23.783644],[72.95472,23.783833],[72.954945,23.784349],[72.954711,23.784394],[72.953649,23.782588],[72.954584,23.782513],[72.954931,23.783644]],[[72.950401,23.784444],[72.9501,23.784631],[72.94991,23.78433],[72.950298,23.784008],[72.950401,23.784444]],[[72.957204,23.792132],[72.95682,23.791986],[72.956862,23.791371],[72.957317,23.791324],[72.957377,23.792065],[72.957204,23.792132]],[[72.958798,23.793706],[72.960435,23.792609],[72.961273,23.792821],[72.961371,23.79302],[72.959435,23.7938],[72.958798,23.793706]]],[[[72.907926,23.851976],[72.908265,23.849467],[72.90797,23.84791],[72.908158,23.847376],[72.907853,23.846885],[72.908218,23.845973],[72.909026,23.845809],[72.909257,23.845952],[72.909921,23.846591],[72.910388,23.84777],[72.910882,23.848141],[72.912257,23.847898],[72.913125,23.848112],[72.913707,23.84756],[72.911629,23.847518],[72.911156,23.847057],[72.911064,23.846316],[72.910811,23.845882],[72.910314,23.845383],[72.910059,23.845476],[72.908463,23.845382],[72.906828,23.842888],[72.906107,23.843264],[72.905815,23.843],[72.906649,23.841954],[72.907494,23.842682],[72.909091,23.84514],[72.910377,23.845122],[72.911451,23.84614],[72.911785,23.847183],[72.913834,23.847335],[72.913566,23.845936],[72.913927,23.84561],[72.913836,23.845274],[72.912465,23.843624],[72.912397,23.842753],[72.912689,23.842289],[72.911525,23.841518],[72.910996,23.840472],[72.910929,23.83979],[72.912549,23.840851],[72.913173,23.841073],[72.913608,23.840003],[72.913441,23.83926],[72.91242,23.83913],[72.912353,23.838448],[72.912884,23.837794],[72.912758,23.837537],[72.910173,23.838383],[72.907454,23.837916],[72.907402,23.838465],[72.908026,23.838965],[72.908738,23.839082],[72.909707,23.840242],[72.908976,23.840471],[72.908688,23.839822],[72.907556,23.839149],[72.907159,23.838762],[72.90712,23.838538],[72.90683,23.838507],[72.906791,23.837943],[72.905626,23.836893],[72.905564,23.836244],[72.90498,23.836244],[72.904681,23.835943],[72.903632,23.833313],[72.901775,23.832941],[72.901788,23.833672],[72.901637,23.833336],[72.900611,23.832593],[72.900497,23.832303],[72.901567,23.831641],[72.902353,23.831602],[72.902558,23.830195],[72.903015,23.830022],[72.902871,23.829403],[72.9031,23.829411],[72.90292,23.829151],[72.901285,23.829081],[72.903267,23.828559],[72.903204,23.829286],[72.903476,23.82938],[72.903204,23.830871],[72.903897,23.831418],[72.905419,23.831223],[72.904768,23.831602],[72.904197,23.831639],[72.903897,23.833295],[72.904375,23.833159],[72.904369,23.833827],[72.904678,23.834036],[72.90478,23.834313],[72.90465,23.83493],[72.905408,23.834999],[72.905706,23.835169],[72.905999,23.835627],[72.906119,23.836431],[72.906654,23.837095],[72.907285,23.836986],[72.909371,23.837404],[72.910596,23.83631],[72.912269,23.836377],[72.912115,23.835389],[72.912392,23.83501],[72.910441,23.8338],[72.91137,23.831035],[72.91258,23.830616],[72.91253,23.83025],[72.913508,23.829983],[72.913076,23.82891],[72.912165,23.828221],[72.912333,23.825381],[72.910239,23.824553],[72.90731,23.82505],[72.90714,23.825908],[72.90632,23.82604],[72.90623,23.826791],[72.905958,23.826752],[72.905732,23.826283],[72.904955,23.826165],[72.904922,23.82577],[72.905976,23.825605],[72.906107,23.824747],[72.907161,23.824582],[72.907054,23.824008],[72.905784,23.823688],[72.905295,23.823768],[72.90527,23.823409],[72.905838,23.823296],[72.90586,23.823131],[72.90849,23.823038],[72.908459,23.822191],[72.909182,23.822452],[72.908888,23.823131],[72.909703,23.823936],[72.910451,23.823445],[72.911955,23.824432],[72.91248,23.824517],[72.91351,23.820625],[72.915165,23.819887],[72.916554,23.819511],[72.91794,23.818847],[72.91928,23.817704],[72.921508,23.818087],[72.922259,23.818368],[72.92535,23.820123],[72.925902,23.820168],[72.925835,23.81946],[72.925048,23.819162],[72.923813,23.818429],[72.923255,23.817645],[72.920641,23.817061],[72.920034,23.816861],[72.919521,23.816472],[72.918705,23.813918],[72.91773,23.814012],[72.917308,23.813576],[72.916247,23.814171],[72.914459,23.813932],[72.91458,23.813877],[72.914055,23.813118],[72.915426,23.813108],[72.915356,23.813523],[72.917284,23.812644],[72.917496,23.811536],[72.916689,23.810916],[72.9131,23.811262],[72.912865,23.810559],[72.912335,23.810819],[72.912265,23.809925],[72.914059,23.80977],[72.915327,23.810148],[72.915489,23.810097],[72.91528,23.809757],[72.916347,23.809333],[72.915567,23.80822],[72.915623,23.806889],[72.916911,23.806062],[72.917064,23.805455],[72.916556,23.80472],[72.91613,23.804578],[72.915502,23.80409],[72.914717,23.804492],[72.914291,23.805095],[72.914678,23.80617],[72.91376,23.806505],[72.912871,23.806099],[72.912091,23.806196],[72.911786,23.808163],[72.910216,23.80893],[72.909905,23.807257],[72.909223,23.807053],[72.90792,23.807853],[72.908138,23.808356],[72.907069,23.808664],[72.906688,23.809043],[72.90725,23.809355],[72.910408,23.809111],[72.910673,23.809581],[72.908141,23.809618],[72.906746,23.810287],[72.905048,23.81001],[72.905057,23.809461],[72.904787,23.809254],[72.906,23.808912],[72.906127,23.80873],[72.907755,23.807955],[72.907764,23.807372],[72.909307,23.806676],[72.909647,23.806792],[72.910021,23.806562],[72.909502,23.804871],[72.909521,23.803725],[72.90918,23.803147],[72.910963,23.801236],[72.910252,23.799399],[72.912582,23.799789],[72.913527,23.801593],[72.914384,23.801605],[72.914403,23.800387],[72.915397,23.79911],[72.915339,23.797855],[72.916298,23.796363],[72.915856,23.794781],[72.916979,23.792718],[72.915987,23.79145],[72.916064,23.78905],[72.913723,23.786869],[72.913711,23.78522],[72.912048,23.784517],[72.911482,23.783363],[72.910555,23.78292],[72.908636,23.781174],[72.907544,23.780871],[72.907292,23.783026],[72.906576,23.784019],[72.906979,23.784789],[72.906268,23.785377],[72.906461,23.786287],[72.906285,23.787551],[72.905172,23.787368],[72.905455,23.785939],[72.904807,23.785859],[72.905197,23.784216],[72.906594,23.782873],[72.90708,23.780742],[72.906966,23.779907],[72.906175,23.779834],[72.90604,23.778566],[72.906942,23.778384],[72.906984,23.777318],[72.905589,23.776905],[72.904409,23.777641],[72.902767,23.778049],[72.902572,23.777883],[72.901414,23.778909],[72.900983,23.778258],[72.902084,23.777469],[72.901763,23.775512],[72.902346,23.775013],[72.902479,23.774478],[72.901939,23.770869],[72.902874,23.768732],[72.90258,23.767294],[72.901431,23.766132],[72.899703,23.762203],[72.899021,23.761011],[72.89795,23.759814],[72.896638,23.759115],[72.896979,23.757293],[72.896916,23.756324],[72.894579,23.754035],[72.893479,23.752193],[72.89288,23.750751],[72.892427,23.747448],[72.891434,23.746217],[72.891147,23.744744],[72.8905,23.743839],[72.889811,23.740676],[72.888813,23.739803],[72.888234,23.739508],[72.888466,23.737662],[72.88831,23.737512],[72.888184,23.736313],[72.887284,23.73546],[72.885524,23.734628],[72.885416,23.735784],[72.884237,23.73572],[72.88367,23.735341],[72.88239,23.734894],[72.881183,23.734708],[72.880444,23.736437],[72.879618,23.736488],[72.87864,23.735624],[72.877651,23.735938],[72.877013,23.735965],[72.877693,23.734008],[72.876337,23.733038],[72.875906,23.732496],[72.876158,23.731687],[72.876717,23.730898],[72.878503,23.729879],[72.877642,23.728818],[72.876503,23.728326],[72.875008,23.730127],[72.874516,23.73048],[72.873968,23.730071],[72.873586,23.729616],[72.874427,23.728704],[72.87482,23.727763],[72.874578,23.727198],[72.871775,23.727134],[72.871488,23.72681],[72.871388,23.726222],[72.8723,23.725233],[72.87136,23.723365],[72.870695,23.723044],[72.86911,23.722796],[72.868421,23.722485],[72.868451,23.721862],[72.868079,23.721282],[72.867848,23.721107],[72.867287,23.721128],[72.867204,23.720525],[72.867687,23.720503],[72.86752,23.719268],[72.866652,23.719026],[72.866348,23.718549],[72.866359,23.717904],[72.866842,23.717854],[72.867406,23.717497],[72.866988,23.716927],[72.863772,23.7155],[72.863067,23.715332],[72.861954,23.719081],[72.859932,23.718946],[72.859376,23.719655],[72.858449,23.718836],[72.859255,23.718958],[72.860001,23.717163],[72.858369,23.716982],[72.858354,23.718751],[72.857688,23.718162],[72.855782,23.7181],[72.855095,23.717302],[72.855911,23.716473],[72.855774,23.715757],[72.856186,23.715304],[72.856558,23.714478],[72.856515,23.714219],[72.856017,23.714212],[72.856277,23.713542],[72.856178,23.712968],[72.856391,23.712268],[72.856894,23.712475],[72.85698,23.711488],[72.856521,23.71098],[72.854612,23.711133],[72.852922,23.712148],[72.853312,23.709717],[72.853969,23.708865],[72.854358,23.709168],[72.854775,23.708858],[72.854942,23.708173],[72.854892,23.707455],[72.853444,23.707478],[72.85367,23.706951],[72.855291,23.706715],[72.855325,23.706167],[72.855139,23.7041],[72.853702,23.704042],[72.853835,23.703528],[72.853216,23.703347],[72.85387,23.702368],[72.854503,23.702692],[72.855016,23.702492],[72.855768,23.702464],[72.855384,23.698866],[72.855144,23.698811],[72.855162,23.697487],[72.854267,23.697127],[72.85438,23.696871],[72.854247,23.696468],[72.854334,23.695867],[72.853653,23.695628],[72.85345,23.694722],[72.853719,23.694497],[72.853366,23.694162],[72.852666,23.694153],[72.852249,23.693918],[72.851489,23.693778],[72.850488,23.693133],[72.85017,23.693559],[72.850422,23.694336],[72.850216,23.69452],[72.850237,23.695137],[72.85141,23.695726],[72.851681,23.696318],[72.85101,23.696394],[72.85172,23.697708],[72.851453,23.697862],[72.851505,23.698508],[72.851255,23.698562],[72.851217,23.698977],[72.852466,23.70005],[72.852539,23.700875],[72.853332,23.700797],[72.852642,23.702508],[72.852008,23.702415],[72.851913,23.70112],[72.850008,23.701186],[72.849253,23.699814],[72.848036,23.70033],[72.847461,23.699664],[72.84605,23.699932],[72.846073,23.700478],[72.8453,23.700195],[72.845165,23.699716],[72.844655,23.699656],[72.84416,23.700437],[72.843899,23.700204],[72.843491,23.699054],[72.842819,23.699395],[72.843269,23.700405],[72.841594,23.700525],[72.839878,23.703116],[72.839842,23.705337],[72.84026,23.705917],[72.841812,23.706225],[72.84412,23.705469],[72.843823,23.709334],[72.841958,23.709165],[72.839648,23.710029],[72.838814,23.708655],[72.838496,23.708633],[72.838745,23.708212],[72.839355,23.708034],[72.839088,23.707214],[72.838607,23.707135],[72.838165,23.707473],[72.838062,23.707156],[72.838653,23.705933],[72.838159,23.706083],[72.83851,23.703491],[72.838114,23.701551],[72.836657,23.700241],[72.835583,23.704024],[72.834694,23.708383],[72.833834,23.708664],[72.832843,23.709785],[72.832505,23.710586],[72.832193,23.713899],[72.831269,23.713991],[72.831082,23.714876],[72.831235,23.714887],[72.831163,23.715196],[72.832226,23.715211],[72.832323,23.715618],[72.831415,23.715629],[72.831117,23.716389],[72.830061,23.715945],[72.829352,23.715916],[72.829478,23.717273],[72.829066,23.718072],[72.829208,23.718252],[72.828497,23.718961],[72.827844,23.720117],[72.827748,23.720702],[72.828339,23.720754],[72.827783,23.722394],[72.82686,23.722928],[72.826495,23.72338],[72.826488,23.723623],[72.825273,23.723854],[72.825046,23.723478],[72.826006,23.723263],[72.826052,23.72232],[72.826445,23.722057],[72.825932,23.721751],[72.826439,23.720474],[72.828784,23.717909],[72.828965,23.716777],[72.828789,23.71567],[72.829321,23.714901],[72.829971,23.71519],[72.830401,23.715147],[72.830117,23.71372],[72.830208,23.712913],[72.829127,23.712898],[72.828921,23.713581],[72.827055,23.716571],[72.826699,23.716536],[72.826709,23.715969],[72.828344,23.713185],[72.826546,23.714026],[72.826178,23.714707],[72.824849,23.714689],[72.824994,23.713765],[72.827503,23.713054],[72.828393,23.712171],[72.82828,23.711154],[72.830374,23.711441],[72.830392,23.711279],[72.829975,23.71061],[72.82999,23.709715],[72.82968,23.708845],[72.828552,23.70847],[72.828437,23.707573],[72.829323,23.704958],[72.828901,23.705012],[72.827917,23.705655],[72.82852,23.704529],[72.829276,23.703882],[72.829053,23.70167],[72.828491,23.702319],[72.827719,23.70389],[72.827074,23.703672],[72.827542,23.702873],[72.827154,23.702778],[72.826536,23.702918],[72.826129,23.703958],[72.825311,23.704394],[72.824685,23.705012],[72.823875,23.705001],[72.823987,23.704107],[72.82453,23.702651],[72.824681,23.701339],[72.82271,23.702864],[72.819899,23.706169],[72.819031,23.70765],[72.818935,23.709529],[72.819476,23.710134],[72.819517,23.709627],[72.820197,23.709697],[72.820279,23.710653],[72.821997,23.710648],[72.820577,23.71218],[72.819549,23.711598],[72.818858,23.712216],[72.819564,23.712644],[72.819538,23.714256],[72.819243,23.714401],[72.819379,23.715985],[72.819257,23.717506],[72.817957,23.717667],[72.817441,23.717481],[72.817463,23.716137],[72.817207,23.715955],[72.816137,23.71591],[72.815892,23.717041],[72.815291,23.718077],[72.815338,23.719123],[72.814834,23.720161],[72.812669,23.721623],[72.812556,23.722607],[72.813077,23.724406],[72.813454,23.725128],[72.814618,23.725353],[72.814895,23.726223],[72.813558,23.728593],[72.811674,23.728775],[72.811433,23.73349],[72.810647,23.734632],[72.810774,23.734685],[72.810657,23.735127],[72.81187,23.735478],[72.811767,23.73703],[72.810602,23.73687],[72.81009,23.736456],[72.809738,23.737288],[72.809629,23.739197],[72.810964,23.740004],[72.809717,23.74013],[72.808673,23.740497],[72.80827,23.741327],[72.808063,23.742829],[72.809959,23.742737],[72.811083,23.742251],[72.811402,23.743307],[72.811278,23.744523],[72.810167,23.744269],[72.809839,23.744541],[72.809438,23.744402],[72.808581,23.744413],[72.808307,23.743741],[72.807052,23.74432],[72.807375,23.745665],[72.808244,23.745985],[72.808666,23.745537],[72.809491,23.745511],[72.809568,23.745908],[72.810814,23.745926],[72.810832,23.746404],[72.809633,23.746674],[72.809858,23.747226],[72.810766,23.747191],[72.811213,23.748416],[72.813248,23.7478],[72.813216,23.749686],[72.814612,23.749993],[72.81534,23.749907],[72.816652,23.749042],[72.817747,23.748723],[72.817864,23.749489],[72.818793,23.749837],[72.818815,23.750052],[72.817698,23.750108],[72.81751,23.750488],[72.817774,23.751805],[72.81732,23.752587],[72.817225,23.753613],[72.817843,23.753884],[72.81781,23.75429],[72.817214,23.754281],[72.817151,23.754902],[72.816214,23.755146],[72.816355,23.75587],[72.816612,23.755874],[72.816833,23.756114],[72.817051,23.757056],[72.816666,23.756806],[72.816308,23.75678],[72.81609,23.755895],[72.815669,23.755152],[72.81533,23.755186],[72.814762,23.754987],[72.815256,23.753418],[72.814655,23.752119],[72.813986,23.751775],[72.812882,23.752596],[72.810865,23.752161],[72.810074,23.752914],[72.808396,23.752365],[72.808404,23.751911],[72.809054,23.750296],[72.809086,23.749891],[72.807415,23.749693],[72.80652,23.747787],[72.805575,23.747309],[72.805123,23.747947],[72.805336,23.749145],[72.805976,23.749703],[72.806713,23.749976],[72.806745,23.750263],[72.8072,23.750939],[72.807956,23.750734],[72.807577,23.751685],[72.806903,23.751675],[72.806734,23.750908],[72.805936,23.750515],[72.805596,23.750677],[72.805748,23.752447],[72.8066,23.752674],[72.80649,23.753055],[72.8046,23.752837],[72.804348,23.753932],[72.804731,23.754296],[72.805257,23.755426],[72.806239,23.755631],[72.805964,23.756606],[72.807292,23.757843],[72.807157,23.7582],[72.806435,23.757903],[72.806015,23.758183],[72.805268,23.757838],[72.804663,23.758355],[72.803731,23.758223],[72.803441,23.756905],[72.80345,23.754827],[72.803118,23.754512],[72.80211,23.754258],[72.801454,23.754703],[72.801556,23.756376],[72.801421,23.75819],[72.802056,23.759011],[72.803683,23.759536],[72.803832,23.759896],[72.802712,23.760143],[72.80198,23.760491],[72.801073,23.758854],[72.800267,23.755856],[72.800583,23.754045],[72.800415,23.753207],[72.799749,23.75272],[72.799176,23.752807],[72.797673,23.7573],[72.797724,23.758925],[72.798211,23.760819],[72.798836,23.762262],[72.800035,23.763473],[72.801001,23.763198],[72.800986,23.763345],[72.801725,23.763306],[72.801767,23.763904],[72.80054,23.764292],[72.799907,23.764904],[72.799372,23.765876],[72.80006,23.766602],[72.800925,23.766113],[72.801821,23.76529],[72.802537,23.76745],[72.802037,23.767873],[72.802356,23.769],[72.801749,23.769588],[72.802019,23.772053],[72.801406,23.773023],[72.80209,23.774012],[72.802515,23.773397],[72.803497,23.773698],[72.804105,23.773038],[72.804399,23.773559],[72.805078,23.773792],[72.805279,23.774201],[72.805474,23.774944],[72.805329,23.775874],[72.806315,23.775864],[72.806736,23.775559],[72.806586,23.775175],[72.807494,23.775212],[72.807409,23.775641],[72.807983,23.777034],[72.808047,23.777847],[72.807736,23.777795],[72.807109,23.777967],[72.806726,23.778564],[72.807003,23.77874],[72.807135,23.779243],[72.807397,23.77939],[72.807885,23.779082],[72.808399,23.779224],[72.808223,23.779713],[72.808596,23.780698],[72.809004,23.78271],[72.81349,23.784517],[72.814052,23.785075],[72.815164,23.785305],[72.815529,23.78832],[72.815979,23.789378],[72.8181,23.789838],[72.819846,23.790985],[72.819971,23.792826],[72.820617,23.792955],[72.821945,23.792849],[72.822221,23.792786],[72.822748,23.792316],[72.823677,23.792616],[72.824597,23.792227],[72.82519,23.791586],[72.828387,23.790351],[72.828386,23.789204],[72.829774,23.789376],[72.830613,23.788891],[72.831069,23.787713],[72.832024,23.786484],[72.832868,23.789401],[72.83403,23.789436],[72.834518,23.789111],[72.834409,23.789739],[72.831065,23.790465],[72.830082,23.790871],[72.829725,23.791096],[72.829606,23.79203],[72.829344,23.792647],[72.830149,23.793089],[72.8307,23.79367],[72.831069,23.794497],[72.832204,23.794398],[72.832018,23.793058],[72.833266,23.792942],[72.833514,23.791799],[72.834063,23.792513],[72.834827,23.792773],[72.835706,23.792345],[72.835675,23.791733],[72.835957,23.790992],[72.835716,23.790511],[72.836715,23.790334],[72.836127,23.789485],[72.835752,23.789531],[72.836047,23.789083],[72.837178,23.788716],[72.837315,23.787973],[72.83909,23.787367],[72.8395,23.787736],[72.840316,23.787365],[72.840243,23.786752],[72.842226,23.78613],[72.843934,23.785829],[72.84413,23.786501],[72.842279,23.786704],[72.841937,23.787292],[72.841104,23.787414],[72.840976,23.787623],[72.840454,23.787768],[72.840029,23.788374],[72.84046,23.788647],[72.837932,23.789587],[72.838159,23.790966],[72.838963,23.791302],[72.839724,23.79051],[72.840227,23.79023],[72.841577,23.790173],[72.842192,23.790697],[72.842531,23.791524],[72.843009,23.79153],[72.842981,23.791931],[72.842649,23.791946],[72.842238,23.792915],[72.841319,23.793265],[72.840685,23.793887],[72.840615,23.794402],[72.840138,23.794357],[72.839458,23.793984],[72.838462,23.79397],[72.838085,23.794175],[72.838058,23.794538],[72.838876,23.795294],[72.83835,23.795707],[72.837717,23.795087],[72.836933,23.79477],[72.835715,23.795575],[72.834926,23.795676],[72.834161,23.795343],[72.833754,23.794821],[72.833113,23.794659],[72.832423,23.79548],[72.832905,23.795918],[72.833102,23.79657],[72.833132,23.797188],[72.832882,23.797312],[72.832879,23.798784],[72.833199,23.799495],[72.833176,23.799829],[72.834171,23.801446],[72.835123,23.802647],[72.835541,23.802236],[72.836062,23.802119],[72.836954,23.803403],[72.835578,23.804009],[72.836088,23.804829],[72.836061,23.805237],[72.835327,23.805628],[72.835398,23.806356],[72.835661,23.806799],[72.836072,23.807053],[72.836756,23.807139],[72.838563,23.805884],[72.838921,23.805897],[72.83896,23.805737],[72.837818,23.805125],[72.838099,23.805075],[72.839698,23.803855],[72.840112,23.803937],[72.839386,23.805131],[72.841646,23.805373],[72.841528,23.803671],[72.845148,23.803339],[72.846461,23.803032],[72.846187,23.804519],[72.845387,23.805215],[72.845414,23.806056],[72.845963,23.80679],[72.846893,23.807071],[72.847396,23.806768],[72.847577,23.806253],[72.847479,23.805621],[72.848169,23.805351],[72.847902,23.805956],[72.848231,23.806319],[72.847619,23.806716],[72.847238,23.807572],[72.847205,23.808317],[72.846463,23.809205],[72.846048,23.810441],[72.84663,23.811672],[72.848203,23.812038],[72.849599,23.812066],[72.849411,23.811991],[72.849304,23.809177],[72.850054,23.807829],[72.850293,23.807827],[72.850048,23.806764],[72.850184,23.806564],[72.849504,23.805024],[72.847695,23.803332],[72.846971,23.803205],[72.846206,23.801825],[72.845477,23.801111],[72.845203,23.799908],[72.846064,23.79932],[72.849039,23.798125],[72.850589,23.797161],[72.85351,23.795747],[72.855007,23.794671],[72.854353,23.793643],[72.853395,23.792698],[72.855157,23.792149],[72.856037,23.793913],[72.856638,23.793473],[72.858123,23.791242],[72.859197,23.790187],[72.859508,23.789648],[72.861214,23.788317],[72.8623,23.786324],[72.86038,23.785789],[72.860374,23.785187],[72.861759,23.784303],[72.862168,23.785025],[72.862977,23.78584],[72.864274,23.785085],[72.864829,23.785031],[72.866377,23.784482],[72.866933,23.784477],[72.868748,23.783608],[72.869998,23.783354],[72.870328,23.782654],[72.870181,23.782155],[72.869228,23.781358],[72.869394,23.78073],[72.870139,23.780893],[72.870355,23.78166],[72.871041,23.781603],[72.871714,23.781727],[72.870894,23.783005],[72.870822,23.783347],[72.872077,23.783556],[72.872239,23.783896],[72.873162,23.783596],[72.873154,23.782888],[72.874223,23.781339],[72.874337,23.781335],[72.87583,23.782244],[72.878066,23.784597],[72.879134,23.784909],[72.883826,23.787373],[72.88513,23.788704],[72.886618,23.789939],[72.888226,23.79088],[72.889378,23.791342],[72.890978,23.79148],[72.894804,23.791088],[72.895221,23.792615],[72.89492,23.795204],[72.894988,23.796559],[72.89649,23.799672],[72.898036,23.804555],[72.898592,23.80563],[72.899655,23.808458],[72.899804,23.809738],[72.900139,23.810564],[72.900093,23.810867],[72.9003,23.810895],[72.899562,23.811665],[72.898234,23.81246],[72.895247,23.812915],[72.895893,23.813214],[72.897252,23.813519],[72.897583,23.814706],[72.899921,23.81463],[72.898802,23.815343],[72.898569,23.815146],[72.897495,23.814905],[72.896447,23.813911],[72.895879,23.813712],[72.895729,23.81383],[72.89405,23.814013],[72.893594,23.813352],[72.892469,23.813688],[72.890753,23.813791],[72.890394,23.814111],[72.885336,23.815363],[72.883118,23.816353],[72.882857,23.817692],[72.883907,23.818964],[72.88179,23.82055],[72.883298,23.82139],[72.885232,23.822205],[72.886906,23.822264],[72.887201,23.821326],[72.887053,23.82077],[72.888057,23.820509],[72.888281,23.821046],[72.889256,23.821436],[72.890505,23.821274],[72.890925,23.821853],[72.892964,23.820949],[72.893244,23.820502],[72.893075,23.818499],[72.894101,23.818477],[72.893398,23.820362],[72.893858,23.821069],[72.893403,23.822747],[72.893965,23.824116],[72.892594,23.824599],[72.891813,23.824696],[72.891806,23.825152],[72.891281,23.824761],[72.891046,23.825573],[72.891175,23.826435],[72.891316,23.826536],[72.891407,23.82813],[72.892592,23.829508],[72.89555,23.829692],[72.897251,23.830467],[72.897535,23.831239],[72.896789,23.831545],[72.896512,23.830385],[72.895622,23.830015],[72.892858,23.829977],[72.891429,23.829205],[72.890375,23.826933],[72.890478,23.825358],[72.890144,23.82435],[72.889255,23.823944],[72.88689,23.823267],[72.883523,23.821931],[72.881423,23.820744],[72.879567,23.821078],[72.879543,23.821244],[72.878754,23.821904],[72.878056,23.821565],[72.877283,23.821501],[72.877008,23.820981],[72.875244,23.820889],[72.875015,23.822458],[72.874363,23.822843],[72.872251,23.822268],[72.871381,23.822845],[72.871098,23.824158],[72.871147,23.825203],[72.87026,23.82529],[72.869909,23.825057],[72.868953,23.823817],[72.869066,23.823516],[72.868896,23.822788],[72.868984,23.822251],[72.867888,23.821981],[72.866531,23.821199],[72.866395,23.821522],[72.862394,23.821513],[72.861165,23.821888],[72.859199,23.822174],[72.859245,23.819901],[72.858174,23.817754],[72.857044,23.816004],[72.856146,23.815191],[72.855651,23.81496],[72.855601,23.814755],[72.85353,23.814333],[72.853165,23.814424],[72.852622,23.814194],[72.851291,23.812401],[72.850277,23.812776],[72.85009,23.812542],[72.847965,23.812608],[72.846132,23.81196],[72.846377,23.814402],[72.847281,23.815007],[72.846738,23.81649],[72.848822,23.817321],[72.849244,23.818168],[72.847879,23.817805],[72.846752,23.818133],[72.846536,23.818646],[72.845491,23.817772],[72.845157,23.816639],[72.843799,23.817098],[72.84332,23.815888],[72.843584,23.815031],[72.844073,23.81435],[72.844553,23.814185],[72.845102,23.813638],[72.845285,23.812628],[72.8447,23.811569],[72.844037,23.811464],[72.844376,23.811049],[72.844979,23.811057],[72.844923,23.810636],[72.844198,23.810549],[72.844559,23.810076],[72.845418,23.810072],[72.845485,23.809306],[72.846177,23.808895],[72.846523,23.808078],[72.845865,23.807706],[72.844702,23.807709],[72.842632,23.80726],[72.842433,23.807983],[72.842752,23.808771],[72.841787,23.809369],[72.841432,23.808236],[72.8406,23.808301],[72.84039,23.809712],[72.838968,23.810285],[72.838565,23.809553],[72.838107,23.809623],[72.837735,23.809503],[72.837253,23.809745],[72.83734,23.810759],[72.836678,23.810635],[72.837141,23.811482],[72.835339,23.811209],[72.835422,23.809968],[72.834704,23.809422],[72.833797,23.809008],[72.833591,23.808336],[72.833724,23.808053],[72.83283,23.805918],[72.832811,23.805559],[72.833225,23.805886],[72.834754,23.8064],[72.834785,23.805793],[72.835334,23.805227],[72.835471,23.804465],[72.835021,23.803767],[72.834711,23.803785],[72.834291,23.804224],[72.834005,23.804084],[72.833953,23.804285],[72.833778,23.803964],[72.833087,23.80405],[72.832529,23.802818],[72.830926,23.803044],[72.830836,23.802202],[72.831064,23.800963],[72.830808,23.800138],[72.832464,23.800234],[72.832527,23.799304],[72.832255,23.797571],[72.832499,23.796657],[72.832195,23.796194],[72.830773,23.795506],[72.830243,23.794906],[72.83001,23.793909],[72.829345,23.793957],[72.828924,23.794333],[72.828009,23.794377],[72.827538,23.79395],[72.826663,23.794148],[72.826108,23.793796],[72.824198,23.793789],[72.823857,23.7943],[72.824179,23.794897],[72.824173,23.79654],[72.824103,23.79696],[72.823872,23.797147],[72.823665,23.795864],[72.823326,23.795882],[72.822986,23.795687],[72.822687,23.794943],[72.822247,23.794841],[72.821414,23.79502],[72.821404,23.795569],[72.820931,23.795945],[72.819974,23.795716],[72.819911,23.794856],[72.819484,23.793966],[72.817962,23.793395],[72.817691,23.792555],[72.816437,23.793015],[72.815529,23.793002],[72.815099,23.792303],[72.814141,23.79217],[72.813845,23.792763],[72.814253,23.793199],[72.814445,23.794181],[72.814926,23.794904],[72.814884,23.795859],[72.815897,23.795826],[72.815734,23.794701],[72.816901,23.794741],[72.816985,23.795937],[72.818432,23.796363],[72.818384,23.797677],[72.81742,23.797878],[72.817367,23.798604],[72.817992,23.800212],[72.818894,23.799721],[72.819576,23.801145],[72.818445,23.801195],[72.818881,23.802138],[72.819482,23.802185],[72.819635,23.801729],[72.820667,23.802125],[72.821372,23.803435],[72.821192,23.804235],[72.820862,23.804097],[72.820537,23.806175],[72.823508,23.807383],[72.822777,23.807582],[72.822642,23.808211],[72.822371,23.808303],[72.822316,23.807863],[72.821716,23.807682],[72.820864,23.807746],[72.820807,23.809905],[72.821378,23.810544],[72.822358,23.81029],[72.823584,23.81025],[72.825534,23.810411],[72.827998,23.810866],[72.8299,23.811409],[72.829516,23.811996],[72.82933,23.813236],[72.828774,23.812922],[72.826279,23.813097],[72.825486,23.813296],[72.825271,23.813752],[72.824105,23.81513],[72.824087,23.816219],[72.825073,23.816883],[72.825584,23.816126],[72.826138,23.816573],[72.826677,23.816619],[72.82898,23.815505],[72.829461,23.816582],[72.830559,23.816731],[72.830839,23.817349],[72.829553,23.81763],[72.828681,23.817618],[72.828301,23.816374],[72.827656,23.816422],[72.827302,23.816966],[72.826621,23.817221],[72.826088,23.817031],[72.825421,23.817626],[72.825005,23.817729],[72.82444,23.817466],[72.824573,23.81701],[72.823565,23.816422],[72.822928,23.816893],[72.823259,23.817249],[72.823132,23.81802],[72.822305,23.818934],[72.821836,23.819823],[72.821816,23.819076],[72.822188,23.818156],[72.822585,23.817714],[72.821963,23.816063],[72.821235,23.815007],[72.820879,23.813885],[72.820998,23.813619],[72.820322,23.812841],[72.819713,23.813234],[72.818538,23.812701],[72.818429,23.812986],[72.817114,23.813369],[72.81722,23.814003],[72.817106,23.814636],[72.816933,23.814479],[72.817255,23.815793],[72.816879,23.817328],[72.814927,23.822281],[72.813979,23.823056],[72.810575,23.823975],[72.810016,23.824827],[72.810408,23.825707],[72.810733,23.825718],[72.811717,23.826938],[72.812312,23.827289],[72.813613,23.827166],[72.813729,23.827655],[72.814822,23.828147],[72.81557,23.828192],[72.815564,23.828669],[72.816521,23.828439],[72.817808,23.82835],[72.818416,23.829254],[72.818778,23.830907],[72.820172,23.831393],[72.821771,23.831236],[72.822821,23.831359],[72.823127,23.831721],[72.823824,23.831946],[72.825615,23.831972],[72.825684,23.832546],[72.824027,23.833776],[72.824393,23.835215],[72.825781,23.836023],[72.82733,23.836618],[72.828599,23.837603],[72.830794,23.836738],[72.831473,23.834814],[72.830725,23.834665],[72.830009,23.834745],[72.828825,23.835683],[72.82809,23.834986],[72.827245,23.833093],[72.826332,23.832474],[72.826319,23.832184],[72.827062,23.830493],[72.830135,23.831134],[72.83178,23.831724],[72.833124,23.830907],[72.834667,23.831824],[72.835074,23.830815],[72.836173,23.831069],[72.837067,23.829977],[72.837843,23.830167],[72.838935,23.830869],[72.838562,23.831819],[72.838648,23.832507],[72.837372,23.833146],[72.835978,23.833007],[72.835963,23.833933],[72.835713,23.834588],[72.837238,23.835718],[72.838371,23.835555],[72.839517,23.834568],[72.839745,23.834155],[72.840584,23.833987],[72.841083,23.834161],[72.841003,23.83373],[72.841124,23.833349],[72.840893,23.833203],[72.840228,23.833291],[72.840557,23.832371],[72.841661,23.832848],[72.842946,23.833702],[72.845079,23.834269],[72.846891,23.834563],[72.849261,23.834567],[72.849317,23.835135],[72.847503,23.834871],[72.845866,23.835743],[72.845184,23.835734],[72.84412,23.835331],[72.843108,23.835645],[72.843406,23.836392],[72.844227,23.836694],[72.844232,23.837253],[72.843869,23.837594],[72.845362,23.840693],[72.846335,23.840766],[72.846304,23.842587],[72.847178,23.842779],[72.848575,23.842709],[72.848936,23.842829],[72.848402,23.843212],[72.85225,23.846633],[72.853485,23.847319],[72.854522,23.847453],[72.856254,23.846307],[72.856829,23.846124],[72.857887,23.846521],[72.858873,23.846582],[72.859507,23.845898],[72.859391,23.845108],[72.860549,23.844169],[72.861463,23.843871],[72.861773,23.841982],[72.861625,23.841514],[72.859903,23.841992],[72.8593,23.840766],[72.8597,23.840126],[72.861722,23.840298],[72.861855,23.839332],[72.861002,23.839105],[72.861056,23.838174],[72.859233,23.837683],[72.85828,23.836452],[72.858842,23.83542],[72.859834,23.834323],[72.85961,23.833711],[72.85766,23.833899],[72.857582,23.833331],[72.859149,23.832803],[72.860207,23.832856],[72.860709,23.832671],[72.86101,23.832045],[72.860626,23.83011],[72.861852,23.828846],[72.861381,23.828457],[72.860099,23.829338],[72.8592,23.829708],[72.858185,23.829502],[72.857752,23.829574],[72.858387,23.827531],[72.858528,23.826064],[72.860095,23.825548],[72.860286,23.825766],[72.860228,23.826948],[72.862505,23.828198],[72.864122,23.829367],[72.864871,23.828839],[72.865243,23.827483],[72.866123,23.828499],[72.866296,23.829827],[72.865625,23.830319],[72.865863,23.832472],[72.86717,23.833494],[72.866379,23.834271],[72.867232,23.836898],[72.868496,23.835769],[72.869672,23.83532],[72.86976,23.835481],[72.870196,23.834252],[72.869227,23.833988],[72.868854,23.832979],[72.86941,23.832306],[72.871749,23.83456],[72.869798,23.83555],[72.870574,23.837375],[72.868725,23.83846],[72.867247,23.838332],[72.866959,23.83998],[72.868191,23.840172],[72.869405,23.839795],[72.870569,23.840062],[72.870706,23.839939],[72.871301,23.840481],[72.872131,23.840531],[72.873632,23.839807],[72.874663,23.839832],[72.875552,23.840238],[72.876565,23.840216],[72.877378,23.84055],[72.878058,23.841849],[72.879575,23.841978],[72.881337,23.841393],[72.88483,23.842229],[72.885721,23.841681],[72.885592,23.841391],[72.88437,23.840801],[72.884072,23.83998],[72.884596,23.839356],[72.885131,23.839077],[72.885659,23.841076],[72.885988,23.841401],[72.886172,23.841208],[72.887188,23.8409],[72.888811,23.841746],[72.889279,23.844082],[72.889968,23.844843],[72.890197,23.84757],[72.890125,23.849575],[72.89089,23.850446],[72.893149,23.850477],[72.894462,23.851247],[72.894674,23.850139],[72.89495,23.849928],[72.894849,23.848959],[72.895976,23.849154],[72.896901,23.849776],[72.898506,23.851696],[72.898557,23.853381],[72.901569,23.854999],[72.903446,23.854559],[72.904676,23.855132],[72.905429,23.85479],[72.907655,23.852639],[72.907926,23.851976]],[[72.898214,23.847139],[72.897498,23.847043],[72.898071,23.844385],[72.898444,23.844397],[72.898214,23.847139]],[[72.901355,23.840552],[72.90118,23.840759],[72.900646,23.840859],[72.899647,23.840021],[72.89974,23.839067],[72.900159,23.838882],[72.90014,23.838451],[72.898921,23.836739],[72.899024,23.835964],[72.89785,23.834682],[72.897626,23.833765],[72.897959,23.833242],[72.898066,23.834183],[72.898318,23.834652],[72.899341,23.835669],[72.899324,23.836708],[72.899601,23.837238],[72.900165,23.837675],[72.900469,23.838157],[72.900602,23.838792],[72.901038,23.839085],[72.902008,23.839337],[72.902932,23.840818],[72.904498,23.841974],[72.904885,23.842923],[72.905429,23.843088],[72.905038,23.843367],[72.904829,23.843209],[72.904548,23.842895],[72.904326,23.842151],[72.902618,23.840981],[72.902331,23.840237],[72.901885,23.839753],[72.901287,23.839769],[72.901355,23.840552]],[[72.900049,23.834425],[72.899912,23.834053],[72.89938,23.833828],[72.899673,23.833596],[72.900786,23.834626],[72.900171,23.834904],[72.899915,23.834686],[72.900049,23.834425]],[[72.891793,23.8336],[72.891876,23.832946],[72.889764,23.833375],[72.889427,23.832706],[72.889736,23.83249],[72.889805,23.831706],[72.890617,23.831795],[72.890607,23.831061],[72.891489,23.831109],[72.891789,23.831854],[72.892289,23.832243],[72.892929,23.832001],[72.893175,23.832052],[72.893152,23.832673],[72.894195,23.832364],[72.894314,23.832675],[72.894421,23.832632],[72.894671,23.833981],[72.893049,23.833195],[72.891793,23.8336]],[[72.880632,23.832067],[72.882184,23.834847],[72.881085,23.835334],[72.880966,23.835342],[72.880091,23.834209],[72.879497,23.83241],[72.880632,23.832067]],[[72.875514,23.824298],[72.876398,23.824197],[72.878186,23.824365],[72.879383,23.825063],[72.880183,23.826113],[72.881783,23.82592],[72.881222,23.826723],[72.880871,23.826632],[72.879098,23.826917],[72.87907,23.827531],[72.878131,23.827769],[72.878075,23.828807],[72.876672,23.828895],[72.877061,23.8265],[72.876175,23.825878],[72.875721,23.824879],[72.875916,23.824853],[72.875514,23.824298]],[[72.849906,23.826932],[72.853196,23.827184],[72.853061,23.827841],[72.851221,23.827906],[72.849945,23.828515],[72.849906,23.826932]],[[72.849229,23.832432],[72.848321,23.832493],[72.847962,23.830667],[72.848936,23.830651],[72.849229,23.832432]],[[72.858035,23.831048],[72.858475,23.832105],[72.858365,23.832448],[72.857454,23.832391],[72.857306,23.831309],[72.858035,23.831048]],[[72.821864,23.823944],[72.820235,23.824309],[72.820175,23.822536],[72.820932,23.821482],[72.821808,23.821465],[72.821864,23.823944]],[[72.85188,23.822772],[72.851014,23.82169],[72.851432,23.821504],[72.853051,23.821603],[72.853377,23.82199],[72.85188,23.822772]],[[72.818829,23.823035],[72.817661,23.822989],[72.817729,23.821845],[72.819233,23.822145],[72.818829,23.823035]],[[72.83134,23.817921],[72.832257,23.81793],[72.832026,23.819341],[72.831156,23.818986],[72.83134,23.817921]],[[72.837014,23.815417],[72.836876,23.814976],[72.83716,23.813953],[72.839668,23.814403],[72.839558,23.814803],[72.838746,23.814906],[72.838406,23.815398],[72.837014,23.815417]],[[72.832407,23.812974],[72.830953,23.813067],[72.831119,23.81177],[72.832413,23.811971],[72.832407,23.812974]],[[72.903002,23.825915],[72.902943,23.824216],[72.903164,23.824563],[72.903207,23.825266],[72.903794,23.826213],[72.904149,23.826218],[72.904494,23.826545],[72.905671,23.826678],[72.905618,23.826883],[72.904826,23.82692],[72.904969,23.827674],[72.904255,23.827712],[72.904036,23.826777],[72.903246,23.826647],[72.903081,23.826394],[72.903446,23.826402],[72.903002,23.825915]],[[72.904533,23.824159],[72.90333,23.824415],[72.902983,23.824052],[72.903664,23.823947],[72.904277,23.823654],[72.904533,23.824159]],[[72.899656,23.824664],[72.89933,23.823931],[72.89982,23.82414],[72.899893,23.823663],[72.900166,23.823596],[72.900631,23.823781],[72.900834,23.82501],[72.900207,23.825077],[72.899656,23.824664]],[[72.908298,23.821833],[72.907281,23.821972],[72.905311,23.822543],[72.904571,23.822581],[72.905135,23.822242],[72.908198,23.821435],[72.908298,23.821833]],[[72.899267,23.819668],[72.899157,23.818749],[72.900334,23.818565],[72.900332,23.81932],[72.899608,23.819787],[72.899599,23.820322],[72.899404,23.820675],[72.899552,23.820753],[72.900803,23.820551],[72.901297,23.819834],[72.902934,23.819283],[72.903308,23.819317],[72.903513,23.819119],[72.903843,23.819446],[72.903815,23.819711],[72.902871,23.819856],[72.902771,23.82022],[72.902939,23.820568],[72.901299,23.820955],[72.899582,23.821147],[72.899686,23.821973],[72.898004,23.822451],[72.898619,23.820548],[72.899267,23.819668]],[[72.885736,23.817133],[72.885861,23.816645],[72.88629,23.816627],[72.886594,23.816249],[72.8869,23.816587],[72.885612,23.817573],[72.885697,23.817956],[72.886776,23.817863],[72.887258,23.817739],[72.888019,23.817271],[72.888102,23.81695],[72.888617,23.817184],[72.889247,23.816798],[72.889853,23.817022],[72.890317,23.816443],[72.891118,23.815904],[72.891095,23.816489],[72.890498,23.816469],[72.890364,23.816754],[72.890691,23.81738],[72.890246,23.8176],[72.889835,23.81732],[72.88842,23.817372],[72.886797,23.818138],[72.884809,23.818278],[72.884488,23.818835],[72.884064,23.818902],[72.8845,23.818107],[72.885009,23.817947],[72.885356,23.81733],[72.885736,23.817133]],[[72.901243,23.812319],[72.900784,23.810961],[72.900428,23.810913],[72.901243,23.810078],[72.902613,23.810491],[72.902338,23.812047],[72.901243,23.812319]],[[72.883038,23.782256],[72.880218,23.784069],[72.879718,23.782855],[72.883038,23.782256]],[[72.883421,23.780219],[72.882812,23.779386],[72.88184,23.779265],[72.881511,23.777971],[72.882502,23.776838],[72.883713,23.776639],[72.883921,23.775818],[72.883617,23.775312],[72.883657,23.77494],[72.885372,23.774982],[72.885618,23.773763],[72.887169,23.774143],[72.887564,23.773754],[72.888649,23.774127],[72.88864,23.774629],[72.887555,23.774363],[72.88686,23.775274],[72.887114,23.775332],[72.886993,23.776039],[72.888668,23.775991],[72.888578,23.776706],[72.89025,23.776836],[72.890516,23.778447],[72.889558,23.778726],[72.889428,23.779548],[72.888568,23.779787],[72.889613,23.780857],[72.889445,23.78091],[72.889357,23.781554],[72.888104,23.781967],[72.887895,23.782824],[72.88685,23.782487],[72.885731,23.781827],[72.887761,23.781496],[72.887499,23.780848],[72.88567,23.780787],[72.884978,23.780276],[72.883421,23.780219]],[[72.903349,23.781805],[72.902488,23.782051],[72.902283,23.781558],[72.902967,23.781341],[72.903349,23.781805]],[[72.840418,23.774482],[72.84015,23.775027],[72.839498,23.775162],[72.839051,23.773961],[72.838595,23.773284],[72.838201,23.773335],[72.83728,23.77279],[72.835491,23.772621],[72.835277,23.772115],[72.83614,23.772059],[72.836078,23.771425],[72.837962,23.772345],[72.838844,23.772358],[72.838593,23.771829],[72.839088,23.771766],[72.839315,23.772342],[72.839956,23.771993],[72.839744,23.771682],[72.840672,23.771667],[72.840823,23.770379],[72.841093,23.769761],[72.840773,23.76873],[72.841625,23.768957],[72.841813,23.770202],[72.842578,23.771024],[72.842644,23.771694],[72.84173,23.77204],[72.841979,23.772499],[72.84297,23.77208],[72.843485,23.773086],[72.843295,23.773184],[72.842261,23.772931],[72.841788,23.773259],[72.839909,23.773901],[72.840418,23.774482]],[[72.847732,23.77261],[72.846481,23.772102],[72.846492,23.77147],[72.846977,23.771918],[72.847546,23.772081],[72.847732,23.77261]],[[72.859448,23.770826],[72.859049,23.770602],[72.859582,23.766596],[72.859788,23.766002],[72.859723,23.765196],[72.859926,23.764845],[72.860172,23.764899],[72.860276,23.7646],[72.861241,23.763887],[72.86084,23.76238],[72.860258,23.761149],[72.860643,23.759836],[72.859973,23.758279],[72.85948,23.757976],[72.859378,23.757687],[72.859862,23.757639],[72.86012,23.757855],[72.860405,23.757596],[72.860812,23.757522],[72.861218,23.757713],[72.861338,23.757963],[72.861272,23.758201],[72.860576,23.758851],[72.860879,23.7594],[72.86093,23.76004],[72.860625,23.760953],[72.861794,23.763741],[72.861404,23.763934],[72.861279,23.765428],[72.861785,23.766075],[72.86306,23.76679],[72.861806,23.766677],[72.861328,23.767342],[72.861612,23.768631],[72.861279,23.770564],[72.860433,23.770745],[72.860443,23.771756],[72.860916,23.771716],[72.860973,23.772061],[72.860504,23.772131],[72.860414,23.771792],[72.860277,23.77196],[72.859853,23.771318],[72.859862,23.770794],[72.859448,23.770826]],[[72.878585,23.766048],[72.878403,23.765179],[72.878045,23.765209],[72.877803,23.764537],[72.876575,23.765046],[72.87609,23.76413],[72.875463,23.764147],[72.87497,23.763388],[72.875449,23.763093],[72.875807,23.763593],[72.876221,23.763874],[72.87632,23.763682],[72.876946,23.763331],[72.876866,23.762986],[72.878829,23.762314],[72.878764,23.761873],[72.879893,23.762032],[72.8795,23.761253],[72.879966,23.760844],[72.880642,23.760811],[72.880839,23.7613],[72.880364,23.761752],[72.880557,23.76206],[72.880367,23.762201],[72.880755,23.762627],[72.88138,23.762502],[72.881905,23.762207],[72.881989,23.762389],[72.881771,23.762698],[72.882695,23.764944],[72.881877,23.764969],[72.88186,23.766008],[72.881161,23.765927],[72.880969,23.764187],[72.880636,23.764183],[72.880217,23.764444],[72.879942,23.764785],[72.879996,23.76497],[72.87968,23.764877],[72.879435,23.765685],[72.878695,23.766242],[72.878646,23.767136],[72.877878,23.766975],[72.877523,23.766755],[72.878218,23.766148],[72.878585,23.766048]],[[72.878448,23.761487],[72.877017,23.76206],[72.877186,23.762463],[72.87668,23.762651],[72.876754,23.761602],[72.878306,23.761019],[72.878448,23.761487]],[[72.872051,23.765621],[72.871723,23.764766],[72.872622,23.764397],[72.87295,23.765177],[72.872051,23.765621]],[[72.88049,23.7572],[72.880697,23.757883],[72.880009,23.75806],[72.879783,23.757599],[72.87902,23.757631],[72.87881,23.757285],[72.879282,23.757213],[72.879996,23.757345],[72.88049,23.7572]],[[72.860612,23.757019],[72.859793,23.75687],[72.859326,23.757165],[72.85909,23.756798],[72.858537,23.756972],[72.857738,23.756932],[72.857571,23.756318],[72.857133,23.756465],[72.856467,23.756017],[72.8561,23.756585],[72.855743,23.756494],[72.855995,23.756312],[72.856169,23.755182],[72.856583,23.754628],[72.856766,23.753914],[72.857238,23.753932],[72.8573,23.753773],[72.857396,23.752414],[72.856742,23.752427],[72.85673,23.75194],[72.857443,23.751748],[72.857422,23.748687],[72.85795,23.747368],[72.858087,23.747747],[72.857913,23.748115],[72.858168,23.748386],[72.858867,23.750405],[72.859412,23.7504],[72.860077,23.751623],[72.860032,23.75188],[72.859641,23.751636],[72.859451,23.751184],[72.858873,23.751066],[72.858519,23.751697],[72.858667,23.753018],[72.859143,23.75354],[72.859539,23.75346],[72.859531,23.753937],[72.858846,23.75389],[72.858466,23.753375],[72.857678,23.753606],[72.8576,23.75456],[72.857733,23.754676],[72.857542,23.75497],[72.858548,23.755663],[72.859003,23.756376],[72.859344,23.756206],[72.859223,23.756041],[72.859454,23.756067],[72.860346,23.756758],[72.860887,23.756689],[72.860996,23.757044],[72.861475,23.757201],[72.861175,23.757304],[72.860612,23.757019]],[[72.862134,23.746208],[72.859745,23.74744],[72.859862,23.748411],[72.858252,23.747801],[72.857889,23.747151],[72.857968,23.745203],[72.85822,23.745005],[72.858759,23.745899],[72.860124,23.745356],[72.860094,23.744782],[72.859409,23.743841],[72.859857,23.742629],[72.861459,23.742221],[72.862174,23.743736],[72.863392,23.743072],[72.863165,23.742639],[72.863721,23.741966],[72.865237,23.744495],[72.864662,23.745441],[72.865521,23.747217],[72.865235,23.747367],[72.865524,23.747758],[72.865441,23.748115],[72.866293,23.750248],[72.867417,23.751136],[72.868853,23.754103],[72.868774,23.754745],[72.869511,23.754551],[72.870201,23.755206],[72.8709,23.755287],[72.871591,23.755906],[72.870496,23.756177],[72.870112,23.755885],[72.869165,23.756512],[72.868311,23.756535],[72.868317,23.756841],[72.867911,23.756893],[72.867648,23.756242],[72.867759,23.756216],[72.867218,23.755169],[72.867586,23.75501],[72.866765,23.752835],[72.866287,23.752957],[72.864102,23.745868],[72.862134,23.746208]],[[72.877452,23.747474],[72.876909,23.746457],[72.877488,23.745915],[72.878056,23.746079],[72.878089,23.746449],[72.877699,23.747292],[72.877452,23.747474]],[[72.828638,23.746106],[72.828227,23.747438],[72.82696,23.747133],[72.826818,23.746319],[72.826251,23.746096],[72.826668,23.74443],[72.825842,23.744483],[72.825504,23.7432],[72.826715,23.743165],[72.826181,23.742464],[72.826123,23.741293],[72.826277,23.740975],[72.826092,23.740802],[72.826209,23.740171],[72.827468,23.740517],[72.829201,23.741494],[72.828825,23.741623],[72.829908,23.743066],[72.828318,23.743522],[72.828941,23.745035],[72.828471,23.745244],[72.828638,23.746106]],[[72.832724,23.748047],[72.832614,23.747352],[72.832722,23.746602],[72.833151,23.746596],[72.833248,23.746991],[72.832815,23.747284],[72.833957,23.748052],[72.832724,23.748047]],[[72.831119,23.746269],[72.830292,23.745966],[72.830457,23.745507],[72.831012,23.745694],[72.831176,23.745947],[72.831119,23.746269]],[[72.836898,23.744415],[72.836085,23.744905],[72.835674,23.743884],[72.836539,23.743794],[72.836898,23.744415]],[[72.834858,23.742201],[72.835826,23.741829],[72.836122,23.742648],[72.834907,23.743145],[72.834858,23.742201]],[[72.823631,23.747981],[72.823961,23.748792],[72.822792,23.748823],[72.822883,23.748036],[72.823631,23.747981]],[[72.828003,23.748757],[72.828527,23.749194],[72.829038,23.748927],[72.829173,23.749395],[72.827841,23.7492],[72.828003,23.748757]],[[72.837462,23.750607],[72.8388,23.750519],[72.839204,23.750278],[72.839924,23.750158],[72.839237,23.74936],[72.840332,23.749017],[72.840707,23.749918],[72.842233,23.749437],[72.84263,23.751306],[72.84372,23.751321],[72.843912,23.752973],[72.844527,23.753097],[72.844228,23.753905],[72.843825,23.753935],[72.84373,23.753121],[72.841383,23.753687],[72.840968,23.753594],[72.840663,23.754008],[72.841009,23.755225],[72.840341,23.755574],[72.839748,23.756103],[72.838213,23.756038],[72.838033,23.755576],[72.83753,23.755161],[72.838128,23.754759],[72.838414,23.755561],[72.83933,23.755524],[72.840005,23.754709],[72.838133,23.752569],[72.835869,23.753311],[72.835764,23.753677],[72.835295,23.753754],[72.835322,23.752894],[72.835021,23.752305],[72.835004,23.750979],[72.836498,23.750845],[72.836269,23.749282],[72.837327,23.749297],[72.837151,23.749803],[72.837462,23.750607]],[[72.831152,23.751014],[72.831697,23.750974],[72.832514,23.751798],[72.831777,23.752782],[72.831409,23.75191],[72.831174,23.751846],[72.831152,23.751014]],[[72.830226,23.754084],[72.831306,23.754265],[72.831777,23.754009],[72.831966,23.755344],[72.826931,23.755159],[72.826818,23.754154],[72.82767,23.754405],[72.8283,23.753984],[72.827977,23.753119],[72.828322,23.752646],[72.827655,23.752207],[72.828038,23.751018],[72.828463,23.750765],[72.829197,23.749936],[72.829846,23.749969],[72.829963,23.750687],[72.82985,23.751719],[72.830709,23.751812],[72.830719,23.752083],[72.830058,23.75279],[72.830134,23.752982],[72.829922,23.753048],[72.829881,23.753649],[72.830183,23.753596],[72.830226,23.754084]],[[72.826575,23.749994],[72.825244,23.750453],[72.824855,23.748919],[72.825749,23.748971],[72.825759,23.749147],[72.826575,23.749994]],[[72.824673,23.755175],[72.825193,23.755111],[72.825624,23.75569],[72.825414,23.755854],[72.824768,23.755959],[72.824673,23.755175]],[[72.821206,23.7572],[72.820371,23.757346],[72.820209,23.757258],[72.820572,23.756962],[72.820283,23.756521],[72.820005,23.756402],[72.819622,23.756519],[72.81958,23.756224],[72.820438,23.756136],[72.82053,23.755722],[72.82084,23.755798],[72.82099,23.756187],[72.821573,23.756238],[72.821981,23.756701],[72.820836,23.756507],[72.821206,23.7572]],[[72.825968,23.756865],[72.826134,23.757823],[72.827435,23.757602],[72.828129,23.757994],[72.829607,23.758087],[72.830038,23.758738],[72.828613,23.758551],[72.828289,23.75931],[72.826776,23.758214],[72.825427,23.758175],[72.824968,23.757711],[72.823599,23.757333],[72.823978,23.756383],[72.824573,23.756463],[72.824437,23.756868],[72.824692,23.757158],[72.825968,23.756865]],[[72.834061,23.759997],[72.834045,23.760043],[72.834007,23.759972],[72.834061,23.759997]],[[72.834244,23.759478],[72.834785,23.759361],[72.834858,23.759983],[72.834471,23.760188],[72.834061,23.759997],[72.834244,23.759478]],[[72.826366,23.759498],[72.826484,23.760123],[72.825599,23.760208],[72.825307,23.759834],[72.825125,23.759819],[72.825418,23.759313],[72.826366,23.759498]],[[72.82615,23.760658],[72.826578,23.760621],[72.826795,23.761774],[72.825605,23.761566],[72.825178,23.762253],[72.825688,23.762809],[72.828505,23.763518],[72.826633,23.763706],[72.825941,23.764035],[72.826536,23.764129],[72.826592,23.76459],[72.82723,23.765243],[72.829396,23.764557],[72.82957,23.76499],[72.82892,23.765076],[72.828105,23.76571],[72.828528,23.76679],[72.829177,23.7668],[72.829457,23.767138],[72.830106,23.7687],[72.829301,23.768688],[72.828901,23.767775],[72.827941,23.767762],[72.826367,23.765661],[72.825822,23.765654],[72.825295,23.766148],[72.824391,23.765896],[72.823489,23.76703],[72.822365,23.76754],[72.822587,23.766683],[72.822392,23.765916],[72.822014,23.765218],[72.822559,23.765225],[72.823134,23.765019],[72.823428,23.764473],[72.823234,23.763658],[72.823325,23.762871],[72.822725,23.762313],[72.822462,23.7623],[72.820882,23.759947],[72.823194,23.759299],[72.823698,23.760727],[72.824309,23.761428],[72.824943,23.761503],[72.826153,23.761207],[72.82615,23.760658]],[[72.811007,23.763844],[72.810327,23.762592],[72.809626,23.762606],[72.80922,23.762051],[72.808623,23.762042],[72.808488,23.762165],[72.808097,23.761263],[72.809373,23.760599],[72.810245,23.761277],[72.811626,23.760938],[72.811943,23.763738],[72.811007,23.763844]],[[72.808864,23.76625],[72.807273,23.766729],[72.807294,23.767016],[72.806612,23.76746],[72.805926,23.76659],[72.806744,23.76579],[72.806517,23.763966],[72.805122,23.764115],[72.805569,23.763122],[72.807518,23.762934],[72.807971,23.763801],[72.807732,23.764132],[72.808783,23.764887],[72.808864,23.76625]],[[72.836601,23.76989],[72.83566,23.770259],[72.835642,23.771386],[72.834985,23.771327],[72.834745,23.770652],[72.835158,23.769272],[72.835907,23.768844],[72.836145,23.769371],[72.837513,23.769044],[72.837341,23.768435],[72.837909,23.767687],[72.838251,23.768981],[72.838223,23.770653],[72.837313,23.770783],[72.837038,23.770111],[72.836601,23.76989]],[[72.82989,23.773904],[72.829558,23.773541],[72.828833,23.773483],[72.828527,23.773121],[72.827907,23.772945],[72.827123,23.773292],[72.826828,23.773813],[72.82843,23.77502],[72.82763,23.775582],[72.825322,23.775163],[72.825393,23.774271],[72.825811,23.774157],[72.825978,23.773443],[72.827786,23.772441],[72.82808,23.771896],[72.828152,23.770679],[72.829009,23.770691],[72.829509,23.771844],[72.829492,23.772824],[72.82982,23.773425],[72.83039,23.773481],[72.830357,23.773887],[72.82989,23.773904]],[[72.836282,23.776598],[72.836662,23.777176],[72.836816,23.777171],[72.836648,23.777504],[72.836231,23.777593],[72.835704,23.777436],[72.835658,23.777689],[72.835242,23.777829],[72.835381,23.778281],[72.836748,23.777911],[72.837343,23.777153],[72.838218,23.777385],[72.83846,23.77671],[72.838595,23.777331],[72.838323,23.778104],[72.838938,23.778542],[72.838503,23.779004],[72.838177,23.778853],[72.838511,23.778512],[72.837906,23.778205],[72.837031,23.778501],[72.836483,23.778387],[72.83593,23.7788],[72.83492,23.778355],[72.834485,23.778423],[72.832806,23.776501],[72.83219,23.776062],[72.832198,23.775561],[72.834786,23.775008],[72.835177,23.775429],[72.835258,23.776015],[72.836282,23.776598]],[[72.830413,23.776802],[72.830428,23.77728],[72.830078,23.777686],[72.829235,23.777512],[72.828989,23.776567],[72.830035,23.776104],[72.830413,23.776802]],[[72.816306,23.780664],[72.816361,23.778945],[72.817837,23.779109],[72.817772,23.778367],[72.819021,23.778194],[72.820025,23.780215],[72.81901,23.780391],[72.818991,23.781514],[72.816553,23.781707],[72.816306,23.780664]],[[72.835906,23.780252],[72.836495,23.780455],[72.836457,23.780833],[72.835705,23.78109],[72.835693,23.781873],[72.834895,23.782378],[72.835003,23.783411],[72.835629,23.783229],[72.835265,23.783854],[72.834149,23.784775],[72.834014,23.784181],[72.83454,23.783768],[72.83467,23.783426],[72.834451,23.782868],[72.832671,23.78248],[72.832077,23.783256],[72.830853,23.783162],[72.830933,23.782131],[72.831864,23.782354],[72.832621,23.781734],[72.833141,23.781723],[72.833625,23.781347],[72.834609,23.782106],[72.835029,23.781787],[72.834543,23.781073],[72.835076,23.780202],[72.835906,23.780252]],[[72.839213,23.78498],[72.840135,23.784496],[72.841338,23.783309],[72.841895,23.784312],[72.840078,23.785393],[72.839537,23.785443],[72.839213,23.78498]],[[72.850029,23.781901],[72.85115,23.782455],[72.853103,23.782052],[72.853174,23.782447],[72.851918,23.783074],[72.852598,23.784338],[72.852043,23.784975],[72.849853,23.785554],[72.84927,23.785438],[72.848022,23.785564],[72.847687,23.784664],[72.84828,23.784099],[72.847548,23.783195],[72.849037,23.780705],[72.849368,23.781856],[72.850029,23.781901]],[[72.854536,23.785005],[72.8543,23.784214],[72.853535,23.784332],[72.853533,23.783783],[72.854919,23.78352],[72.855318,23.78483],[72.854536,23.785005]],[[72.83986,23.780665],[72.838292,23.781642],[72.838658,23.782106],[72.836954,23.782158],[72.837525,23.781593],[72.837264,23.781016],[72.838751,23.780234],[72.83986,23.780665]],[[72.841705,23.778426],[72.842094,23.778431],[72.842633,23.777997],[72.842977,23.779196],[72.843993,23.778983],[72.84423,23.77956],[72.843116,23.779401],[72.841334,23.77885],[72.841016,23.777723],[72.841422,23.777926],[72.841705,23.778426]],[[72.851144,23.778199],[72.851163,23.777805],[72.851461,23.777287],[72.851658,23.777716],[72.852137,23.777747],[72.852118,23.778129],[72.851144,23.778199]],[[72.871569,23.776365],[72.870977,23.776858],[72.870956,23.778148],[72.870292,23.778318],[72.869024,23.777261],[72.870169,23.776274],[72.869924,23.774965],[72.871749,23.774898],[72.871569,23.776365]],[[72.869139,23.775006],[72.867774,23.775094],[72.867238,23.774549],[72.868204,23.773854],[72.869151,23.774218],[72.869139,23.775006]],[[72.845814,23.774004],[72.845171,23.774449],[72.844653,23.774382],[72.84459,23.77397],[72.845298,23.773794],[72.845814,23.774004]],[[72.848253,23.776427],[72.847873,23.776637],[72.847244,23.775893],[72.84798,23.775671],[72.848338,23.775974],[72.848253,23.776427]],[[72.848966,23.76584],[72.851648,23.766567],[72.851939,23.766923],[72.853399,23.766731],[72.853899,23.768918],[72.851485,23.768921],[72.851331,23.771176],[72.848941,23.770973],[72.84843,23.770025],[72.847237,23.769184],[72.846119,23.766393],[72.846452,23.765776],[72.848966,23.76584]],[[72.841706,23.76521],[72.841443,23.765465],[72.840139,23.7658],[72.83966,23.765628],[72.84027,23.765439],[72.840393,23.764915],[72.841706,23.76521]],[[72.834527,23.766588],[72.834047,23.765817],[72.8338,23.765025],[72.834001,23.764561],[72.834956,23.764205],[72.836645,23.764062],[72.836757,23.76361],[72.835622,23.763164],[72.834198,23.762929],[72.834347,23.761784],[72.835747,23.761852],[72.836497,23.762053],[72.836879,23.762512],[72.836143,23.763052],[72.8372,23.763472],[72.83711,23.764236],[72.837335,23.76474],[72.837244,23.765293],[72.835569,23.766364],[72.834527,23.766588]],[[72.840684,23.758385],[72.839829,23.758278],[72.839328,23.758773],[72.839126,23.758435],[72.839135,23.757886],[72.83831,23.75754],[72.838146,23.757099],[72.838028,23.757105],[72.838609,23.756595],[72.839633,23.756645],[72.840111,23.756807],[72.840527,23.757533],[72.840708,23.756905],[72.842592,23.756],[72.842863,23.75595],[72.843402,23.75628],[72.843321,23.756494],[72.84311,23.756491],[72.842806,23.757149],[72.844811,23.760724],[72.844206,23.761466],[72.843801,23.760954],[72.843542,23.760957],[72.843417,23.760761],[72.843216,23.759839],[72.84198,23.760028],[72.842906,23.761798],[72.841584,23.762005],[72.841162,23.762453],[72.840563,23.762588],[72.839193,23.762258],[72.839366,23.761186],[72.840531,23.761345],[72.840192,23.759907],[72.841005,23.759369],[72.841195,23.75887],[72.840684,23.758385]],[[72.845533,23.760108],[72.845259,23.758269],[72.846008,23.758146],[72.846603,23.759836],[72.846557,23.760122],[72.845533,23.760108]],[[72.829677,23.763156],[72.830305,23.762842],[72.83032,23.763511],[72.830593,23.76385],[72.830319,23.763715],[72.829554,23.763781],[72.829422,23.762866],[72.829677,23.763156]],[[72.855738,23.788662],[72.854705,23.788895],[72.854487,23.789323],[72.853894,23.788425],[72.853742,23.78906],[72.853353,23.788773],[72.853026,23.788754],[72.852921,23.788523],[72.851556,23.789135],[72.851176,23.78857],[72.851755,23.788378],[72.852878,23.788307],[72.85293,23.787993],[72.853502,23.787818],[72.853134,23.787248],[72.854043,23.786868],[72.854135,23.786691],[72.854603,23.786626],[72.855508,23.787317],[72.85499,23.788335],[72.855591,23.788101],[72.855738,23.788662]],[[72.854807,23.789295],[72.854896,23.78958],[72.854459,23.789641],[72.854375,23.789353],[72.854807,23.789295]],[[72.856694,23.790209],[72.856513,23.789848],[72.857298,23.789458],[72.856865,23.789237],[72.857245,23.78887],[72.857958,23.789617],[72.857916,23.789782],[72.856694,23.790209]],[[72.842166,23.796179],[72.841893,23.796075],[72.841966,23.79484],[72.842278,23.794808],[72.8423,23.795812],[72.842166,23.796179]],[[72.845646,23.796002],[72.845989,23.797225],[72.845637,23.797316],[72.845289,23.796441],[72.845646,23.796002]],[[72.842909,23.799295],[72.844153,23.799484],[72.844034,23.800361],[72.843338,23.801001],[72.842613,23.800858],[72.84231,23.800376],[72.843104,23.800043],[72.842909,23.799295]],[[72.880105,23.738952],[72.879722,23.739389],[72.879223,23.738916],[72.880105,23.738952]],[[72.855205,23.734789],[72.855029,23.734156],[72.855069,23.733598],[72.855344,23.732957],[72.853931,23.732722],[72.852949,23.731891],[72.851557,23.731299],[72.849523,23.730969],[72.847873,23.730989],[72.847253,23.730766],[72.847102,23.730503],[72.846611,23.730305],[72.84505,23.730552],[72.84541,23.732378],[72.844017,23.732269],[72.843807,23.733192],[72.84322,23.733392],[72.84184,23.732477],[72.83953,23.732893],[72.839437,23.730914],[72.841885,23.729731],[72.84203,23.728807],[72.841753,23.727908],[72.843381,23.727542],[72.8434,23.726378],[72.845332,23.727211],[72.846358,23.726595],[72.845227,23.723979],[72.844278,23.723923],[72.8444,23.723122],[72.844002,23.722729],[72.844852,23.722139],[72.845316,23.723321],[72.846359,23.723293],[72.847439,23.722949],[72.847961,23.722455],[72.847828,23.722009],[72.848964,23.721996],[72.849407,23.722547],[72.850691,23.722837],[72.850911,23.723258],[72.851294,23.725592],[72.852034,23.725931],[72.85217,23.725604],[72.852627,23.725372],[72.852782,23.725822],[72.853498,23.725712],[72.853547,23.724668],[72.854491,23.724442],[72.855528,23.724516],[72.855942,23.72497],[72.857055,23.724358],[72.857114,23.722747],[72.857891,23.722817],[72.85846,23.723691],[72.85898,23.723668],[72.858895,23.722891],[72.860003,23.722578],[72.861592,23.7226],[72.861718,23.724811],[72.861446,23.725554],[72.859883,23.72595],[72.858892,23.725071],[72.858145,23.727121],[72.858948,23.72758],[72.860661,23.727932],[72.860326,23.728584],[72.86094,23.730742],[72.862115,23.732252],[72.860977,23.732445],[72.858881,23.729728],[72.857953,23.729985],[72.856422,23.726565],[72.855487,23.726624],[72.854652,23.727723],[72.855771,23.728312],[72.856534,23.729989],[72.854888,23.729942],[72.853742,23.730613],[72.852136,23.729605],[72.850201,23.728981],[72.849871,23.727334],[72.848288,23.726954],[72.846568,23.727019],[72.847,23.728339],[72.846757,23.729351],[72.848039,23.730235],[72.848045,23.730417],[72.848797,23.730644],[72.849333,23.730236],[72.849934,23.730603],[72.852944,23.731218],[72.853523,23.732],[72.854438,23.732199],[72.855031,23.732107],[72.855586,23.732473],[72.855856,23.733078],[72.855406,23.733961],[72.856504,23.735366],[72.856942,23.737092],[72.85753,23.738054],[72.857072,23.738116],[72.856414,23.737027],[72.856427,23.736239],[72.856251,23.735606],[72.855205,23.734789]],[[72.864449,23.734314],[72.865994,23.734939],[72.867193,23.73512],[72.867601,23.735555],[72.867803,23.736681],[72.866614,23.735602],[72.865979,23.735364],[72.86501,23.735755],[72.863905,23.735309],[72.863891,23.734754],[72.864449,23.734314]],[[72.859394,23.733168],[72.859626,23.733713],[72.858781,23.733833],[72.858493,23.733208],[72.859394,23.733168]],[[72.838724,23.725444],[72.838722,23.724317],[72.839592,23.724405],[72.839628,23.725389],[72.838724,23.725444]],[[72.836017,23.733181],[72.835686,23.731804],[72.836355,23.731609],[72.836696,23.732928],[72.836017,23.733181]],[[72.834549,23.737556],[72.833998,23.73756],[72.834466,23.736312],[72.83682,23.735772],[72.836871,23.736461],[72.836411,23.736683],[72.836585,23.737431],[72.8359,23.737422],[72.835501,23.73648],[72.835023,23.736492],[72.834549,23.737556]],[[72.821161,23.718041],[72.82199,23.718889],[72.821937,23.720112],[72.821127,23.720101],[72.820946,23.719262],[72.819937,23.719487],[72.820081,23.718166],[72.821161,23.718041]],[[72.842365,23.703863],[72.842713,23.703566],[72.843032,23.704044],[72.842453,23.704222],[72.842467,23.70434],[72.842358,23.704307],[72.842365,23.703863]],[[72.846838,23.703226],[72.846632,23.703453],[72.845873,23.703227],[72.846016,23.702097],[72.845286,23.701958],[72.845431,23.701659],[72.8461,23.701711],[72.846446,23.701472],[72.846796,23.701516],[72.846838,23.703226]]],[[[72.864132,23.843807],[72.864078,23.842862],[72.862337,23.844026],[72.863095,23.844309],[72.863658,23.844216],[72.864132,23.843807]]],[[[72.857079,23.847221],[72.854813,23.84814],[72.856879,23.847981],[72.858126,23.84881],[72.85897,23.848943],[72.859232,23.849533],[72.859284,23.850258],[72.859397,23.850392],[72.860197,23.85052],[72.860511,23.851637],[72.861471,23.852074],[72.8623,23.852938],[72.863401,23.852777],[72.863274,23.852409],[72.862402,23.851408],[72.861304,23.850949],[72.86104,23.849899],[72.860187,23.849686],[72.860307,23.848986],[72.860223,23.848454],[72.859906,23.848013],[72.859625,23.848301],[72.858486,23.847634],[72.857079,23.847221]]],[[[72.879242,23.861336],[72.878976,23.86144],[72.878811,23.860993],[72.878477,23.86096],[72.878402,23.860289],[72.878594,23.860078],[72.877852,23.858972],[72.877869,23.858542],[72.877522,23.858174],[72.877649,23.858004],[72.878318,23.859045],[72.878654,23.859338],[72.878637,23.859212],[72.878856,23.859206],[72.878964,23.85958],[72.879329,23.859521],[72.879287,23.859431],[72.87981,23.859678],[72.879933,23.860041],[72.880409,23.85996],[72.880915,23.860198],[72.881759,23.861836],[72.881883,23.861773],[72.88216,23.862296],[72.88234,23.862278],[72.883431,23.861847],[72.884779,23.861643],[72.884988,23.861384],[72.886047,23.861207],[72.886921,23.860725],[72.888005,23.858072],[72.892025,23.854581],[72.891613,23.85321],[72.890862,23.852884],[72.891044,23.85222],[72.890491,23.851471],[72.890903,23.851495],[72.889808,23.85069],[72.888744,23.851134],[72.887759,23.851334],[72.887828,23.851909],[72.887283,23.851901],[72.886565,23.85053],[72.886358,23.848879],[72.887101,23.848674],[72.887041,23.847562],[72.888507,23.847263],[72.888327,23.849131],[72.889354,23.849099],[72.889303,23.847414],[72.889483,23.845912],[72.889303,23.845013],[72.888735,23.844002],[72.888531,23.842172],[72.887098,23.841651],[72.886268,23.841843],[72.885134,23.842699],[72.884161,23.84265],[72.882495,23.842089],[72.880938,23.841996],[72.879645,23.842444],[72.878544,23.842366],[72.877512,23.841842],[72.876713,23.840684],[72.873486,23.840353],[72.872149,23.841123],[72.871256,23.840895],[72.869903,23.840268],[72.868262,23.840567],[72.866858,23.840363],[72.866781,23.840654],[72.86502,23.841096],[72.864834,23.842342],[72.864305,23.842792],[72.864707,23.843445],[72.864664,23.84385],[72.863754,23.844661],[72.862347,23.844964],[72.861204,23.845772],[72.86169,23.846997],[72.860357,23.847552],[72.860156,23.847758],[72.860504,23.848401],[72.860503,23.849404],[72.861277,23.84973],[72.861538,23.849992],[72.861558,23.850637],[72.861834,23.850899],[72.862686,23.851197],[72.863295,23.852065],[72.863682,23.852271],[72.866981,23.85223],[72.868028,23.852496],[72.868124,23.851422],[72.869177,23.851329],[72.869677,23.854095],[72.871345,23.854512],[72.871838,23.855343],[72.873667,23.855476],[72.873622,23.85587],[72.872529,23.855998],[72.872176,23.856273],[72.872423,23.856372],[72.874047,23.858049],[72.874152,23.858361],[72.874972,23.858271],[72.876015,23.85845],[72.878013,23.861308],[72.878655,23.861501],[72.879583,23.861493],[72.880693,23.862642],[72.881557,23.861939],[72.881342,23.861523],[72.880795,23.861325],[72.880422,23.860613],[72.879472,23.860934],[72.879204,23.860885],[72.879242,23.861336]],[[72.877041,23.84866],[72.876682,23.847747],[72.877132,23.847543],[72.877791,23.848224],[72.87826,23.848428],[72.878685,23.849141],[72.879447,23.848903],[72.880134,23.848865],[72.88033,23.849546],[72.879699,23.849394],[72.879144,23.849692],[72.879603,23.850167],[72.878465,23.850543],[72.87844,23.85081],[72.877868,23.850821],[72.877724,23.850093],[72.876923,23.850158],[72.876612,23.848864],[72.877041,23.84866]]],[[[72.891359,23.852045],[72.892474,23.854398],[72.893422,23.854203],[72.893798,23.853294],[72.894614,23.853798],[72.89764,23.854581],[72.898568,23.855363],[72.899839,23.856141],[72.9005,23.856274],[72.901399,23.855899],[72.900543,23.855809],[72.899964,23.855479],[72.898504,23.854205],[72.896492,23.853353],[72.894823,23.853008],[72.894064,23.851743],[72.89263,23.851294],[72.892047,23.851518],[72.891236,23.85149],[72.891359,23.852045]]],[[[72.868432,23.854394],[72.869754,23.855149],[72.870696,23.856017],[72.870785,23.855436],[72.870521,23.854895],[72.869174,23.853909],[72.868141,23.852712],[72.867703,23.853188],[72.867988,23.853439],[72.868432,23.854394]]],[[[72.903425,23.855408],[72.902692,23.855455],[72.90243,23.855576],[72.903192,23.855836],[72.903741,23.855559],[72.903425,23.855408]]],[[[72.958283,23.694828],[72.960449,23.693219],[72.960041,23.692711],[72.961613,23.691693],[72.961449,23.691404],[72.960678,23.691752],[72.960034,23.691493],[72.959844,23.691144],[72.959888,23.690858],[72.960692,23.690832],[72.961033,23.690598],[72.961129,23.690265],[72.960613,23.690127],[72.960372,23.689717],[72.960977,23.689176],[72.961693,23.688208],[72.961597,23.687703],[72.961018,23.687397],[72.960513,23.68733],[72.960016,23.685914],[72.959998,23.684588],[72.959811,23.684144],[72.959289,23.684292],[72.959231,23.683909],[72.958605,23.684116],[72.958803,23.68474],[72.958727,23.685455],[72.958068,23.68608],[72.9581,23.686546],[72.957794,23.68702],[72.957789,23.687354],[72.958318,23.68754],[72.958207,23.68804],[72.957833,23.687856],[72.957545,23.687196],[72.957778,23.68641],[72.957305,23.685974],[72.957336,23.685664],[72.957897,23.685421],[72.958129,23.684659],[72.958338,23.68459],[72.958463,23.684054],[72.958344,23.683384],[72.958506,23.682956],[72.95875,23.682963],[72.957475,23.682567],[72.957171,23.682903],[72.956503,23.683246],[72.956639,23.684278],[72.95515,23.684975],[72.952988,23.683907],[72.953013,23.683282],[72.953315,23.683174],[72.953315,23.682314],[72.952818,23.682238],[72.952449,23.681975],[72.95242,23.681514],[72.951144,23.681585],[72.951071,23.681088],[72.951947,23.68109],[72.952031,23.680697],[72.952631,23.6802],[72.952778,23.681017],[72.953115,23.680998],[72.953239,23.681417],[72.953641,23.681387],[72.953831,23.681652],[72.954624,23.681579],[72.955069,23.681202],[72.955825,23.681309],[72.955964,23.682146],[72.95655,23.681975],[72.956738,23.681535],[72.957669,23.681715],[72.957889,23.680965],[72.958222,23.68122],[72.958184,23.681972],[72.958448,23.682513],[72.959109,23.682558],[72.959255,23.682981],[72.959929,23.683226],[72.960025,23.683705],[72.960529,23.684619],[72.960377,23.685262],[72.9605,23.686542],[72.960829,23.687072],[72.961513,23.68726],[72.961894,23.68779],[72.961924,23.688109],[72.96262,23.688672],[72.962719,23.689796],[72.963204,23.69028],[72.963597,23.691367],[72.964257,23.69166],[72.964627,23.692262],[72.965201,23.691457],[72.965231,23.69025],[72.963475,23.69005],[72.963545,23.68862],[72.962724,23.686247],[72.9626,23.6852],[72.962886,23.684036],[72.96273,23.68274],[72.962338,23.681963],[72.961882,23.681757],[72.961522,23.681341],[72.961386,23.680523],[72.960857,23.680173],[72.960659,23.680254],[72.960526,23.678465],[72.960018,23.677381],[72.960007,23.676319],[72.960247,23.674921],[72.960473,23.674761],[72.961084,23.674821],[72.961447,23.674149],[72.962136,23.673553],[72.962148,23.67329],[72.961704,23.672953],[72.960724,23.672975],[72.959255,23.672399],[72.95849,23.672524],[72.957975,23.673291],[72.957385,23.673777],[72.954985,23.674288],[72.953515,23.674896],[72.953518,23.675228],[72.953295,23.675632],[72.95368,23.676223],[72.953614,23.676627],[72.951261,23.676855],[72.950653,23.677249],[72.950844,23.679149],[72.950991,23.684307],[72.950367,23.684452],[72.95055,23.688332],[72.950818,23.688322],[72.950578,23.688499],[72.950754,23.68955],[72.950829,23.692704],[72.950683,23.696056],[72.950865,23.70028],[72.951934,23.700002],[72.953877,23.699145],[72.956145,23.697374],[72.956123,23.696991],[72.958283,23.694828]],[[72.952917,23.697908],[72.95344,23.697605],[72.95341,23.697031],[72.953773,23.697072],[72.95406,23.697792],[72.952767,23.69836],[72.952917,23.697908]],[[72.955538,23.694491],[72.954748,23.695269],[72.954463,23.695229],[72.954481,23.694883],[72.954197,23.694808],[72.954447,23.69456],[72.955008,23.694377],[72.955275,23.693914],[72.95521,23.693065],[72.955424,23.692626],[72.956257,23.694487],[72.955792,23.694829],[72.955538,23.694491]]],[[[72.945247,23.689442],[72.946951,23.689238],[72.949416,23.688375],[72.950116,23.688348],[72.950116,23.684563],[72.949824,23.684635],[72.949735,23.679437],[72.949008,23.679626],[72.948705,23.678438],[72.946643,23.679676],[72.944533,23.6818],[72.93879,23.686857],[72.93703,23.691805],[72.937255,23.691864],[72.937261,23.692466],[72.936861,23.692349],[72.936793,23.69257],[72.936998,23.694946],[72.939152,23.696475],[72.941513,23.698679],[72.943941,23.702287],[72.946862,23.701713],[72.950406,23.700413],[72.950193,23.692567],[72.950055,23.692464],[72.949901,23.688999],[72.949007,23.689659],[72.946851,23.69067],[72.945255,23.69072],[72.945247,23.689442]]],[[[72.961789,23.688685],[72.961135,23.689871],[72.961415,23.690209],[72.961239,23.690696],[72.960598,23.691034],[72.960287,23.69103],[72.960204,23.691375],[72.960708,23.691513],[72.961452,23.691213],[72.961745,23.691515],[72.96174,23.69185],[72.960271,23.692917],[72.960641,23.693055],[72.962237,23.691661],[72.963327,23.691425],[72.963231,23.691033],[72.962211,23.689897],[72.962066,23.689226],[72.962244,23.688655],[72.961789,23.688685]]],[[[72.926525,23.728521],[72.929076,23.729365],[72.930171,23.730188],[72.930782,23.730453],[72.931056,23.72955],[72.929102,23.727971],[72.927036,23.727376],[72.925996,23.728013],[72.926362,23.728087],[72.926525,23.728521]]],[[[72.93416,23.732189],[72.932125,23.731684],[72.931243,23.732061],[72.930817,23.730949],[72.930439,23.73153],[72.930883,23.734193],[72.931259,23.734787],[72.931842,23.735251],[72.934088,23.73553],[72.933822,23.734444],[72.93405,23.734079],[72.934607,23.734288],[72.935285,23.734925],[72.934619,23.733927],[72.93416,23.732189]]],[[[72.966411,23.753878],[72.966599,23.754115],[72.967191,23.754055],[72.967374,23.754774],[72.967053,23.755379],[72.966617,23.755525],[72.966673,23.755723],[72.966471,23.756033],[72.966549,23.756908],[72.96773,23.75794],[72.968563,23.75739],[72.969102,23.757731],[72.96845,23.757974],[72.968624,23.758706],[72.968867,23.758915],[72.968836,23.760921],[72.968457,23.762195],[72.972072,23.761976],[72.971589,23.761734],[72.971657,23.761508],[72.9728,23.761463],[72.972717,23.760961],[72.976526,23.760521],[72.976893,23.761721],[72.977578,23.761736],[72.979947,23.760979],[72.980421,23.759653],[72.980429,23.757915],[72.980745,23.756288],[72.980761,23.755363],[72.980441,23.754322],[72.980237,23.752018],[72.979869,23.75187],[72.980116,23.751272],[72.979687,23.7512],[72.97952,23.750926],[72.979976,23.750617],[72.980247,23.750896],[72.981129,23.747987],[72.981288,23.745907],[72.98253,23.745328],[72.983833,23.745333],[72.984066,23.74513],[72.984078,23.744798],[72.982837,23.745142],[72.982599,23.74438],[72.984092,23.744348],[72.984217,23.74406],[72.983667,23.743475],[72.982117,23.743912],[72.981044,23.743853],[72.98104,23.743122],[72.982565,23.742573],[72.981937,23.739842],[72.981236,23.73989],[72.981258,23.739474],[72.98192,23.739241],[72.981753,23.738648],[72.980872,23.738734],[72.980786,23.738374],[72.980159,23.738529],[72.97947,23.738402],[72.977453,23.737586],[72.975696,23.737368],[72.974321,23.737005],[72.973719,23.736593],[72.973521,23.736645],[72.973156,23.736381],[72.97265,23.736386],[72.97234,23.736188],[72.971942,23.736209],[72.971741,23.735993],[72.970529,23.736004],[72.970038,23.735758],[72.969825,23.735837],[72.969885,23.734809],[72.97018,23.733965],[72.970055,23.732423],[72.969783,23.731284],[72.970118,23.730098],[72.969731,23.726281],[72.96712,23.726444],[72.96486,23.72706],[72.964722,23.727391],[72.963278,23.728328],[72.961875,23.730111],[72.959726,23.732],[72.958279,23.732628],[72.95723,23.732506],[72.956734,23.73295],[72.956504,23.733766],[72.954235,23.73485],[72.954449,23.735087],[72.954046,23.735608],[72.952874,23.73641],[72.953365,23.736489],[72.953368,23.736262],[72.953684,23.735955],[72.953995,23.735971],[72.954249,23.736357],[72.954368,23.737051],[72.955407,23.737782],[72.955738,23.73824],[72.955838,23.738456],[72.955406,23.738725],[72.95544,23.738989],[72.956749,23.739101],[72.957715,23.739556],[72.957859,23.739463],[72.957482,23.738705],[72.957539,23.738407],[72.958235,23.738655],[72.95856,23.73866],[72.958944,23.73845],[72.958963,23.738605],[72.958741,23.738662],[72.958594,23.738959],[72.957601,23.738539],[72.958133,23.739394],[72.957868,23.739713],[72.957541,23.739888],[72.956953,23.739367],[72.955917,23.73921],[72.955568,23.739958],[72.955015,23.739652],[72.955159,23.73871],[72.955501,23.738416],[72.955389,23.738116],[72.953981,23.736927],[72.954042,23.73633],[72.953784,23.736196],[72.953503,23.736777],[72.953048,23.736807],[72.952544,23.736642],[72.952365,23.736776],[72.952058,23.737609],[72.952635,23.738056],[72.952912,23.73773],[72.953325,23.738147],[72.95323,23.739128],[72.953714,23.73963],[72.954181,23.740736],[72.953862,23.741504],[72.954256,23.742325],[72.955965,23.743066],[72.957478,23.742783],[72.957449,23.744681],[72.957347,23.744415],[72.957062,23.74424],[72.95696,23.744379],[72.956384,23.744443],[72.956523,23.745365],[72.956193,23.745604],[72.95633,23.746781],[72.955714,23.74686],[72.955718,23.747292],[72.955335,23.747422],[72.955367,23.748603],[72.954736,23.748668],[72.954616,23.749782],[72.954786,23.74998],[72.954526,23.750381],[72.954043,23.752368],[72.954029,23.753321],[72.953721,23.753678],[72.95314,23.753262],[72.952926,23.753463],[72.952446,23.753423],[72.952179,23.753138],[72.951527,23.752834],[72.951385,23.75299],[72.950757,23.752818],[72.950547,23.753048],[72.951999,23.754607],[72.95223,23.754939],[72.952362,23.755603],[72.953437,23.756715],[72.953669,23.757389],[72.952799,23.759469],[72.952733,23.759956],[72.953614,23.760863],[72.954337,23.760915],[72.954667,23.76073],[72.954921,23.760268],[72.955013,23.759385],[72.955341,23.759115],[72.955862,23.759026],[72.95622,23.758565],[72.957137,23.758792],[72.957676,23.758346],[72.957941,23.757214],[72.958828,23.756916],[72.959392,23.756541],[72.960426,23.755109],[72.961543,23.75504],[72.960535,23.75646],[72.959989,23.756477],[72.958078,23.758363],[72.95548,23.760192],[72.955131,23.760972],[72.958197,23.761569],[72.959766,23.762103],[72.960866,23.762805],[72.962814,23.763032],[72.962944,23.762804],[72.964499,23.761903],[72.965913,23.758589],[72.965831,23.756366],[72.964712,23.755864],[72.96401,23.75579],[72.963682,23.755176],[72.964237,23.754792],[72.964134,23.754429],[72.963049,23.754164],[72.963567,23.753431],[72.966411,23.753878]],[[72.955009,23.755456],[72.956242,23.755436],[72.956026,23.756146],[72.955132,23.755935],[72.955009,23.755456]],[[72.975769,23.753167],[72.976235,23.754187],[72.976478,23.756065],[72.976089,23.75606],[72.975868,23.756941],[72.975661,23.756902],[72.975887,23.755699],[72.975653,23.753612],[72.974853,23.754514],[72.974222,23.752499],[72.974972,23.751828],[72.974716,23.750786],[72.975329,23.75003],[72.976165,23.750195],[72.976964,23.751388],[72.975784,23.752161],[72.975769,23.753167]],[[72.972363,23.750315],[72.972231,23.750786],[72.972029,23.75074],[72.971682,23.750055],[72.972004,23.749925],[72.972363,23.750315]],[[72.969415,23.748674],[72.970193,23.748627],[72.969903,23.749862],[72.968881,23.750458],[72.969415,23.748674]],[[72.963191,23.745904],[72.961394,23.745802],[72.961847,23.744704],[72.963007,23.745221],[72.963191,23.745904]],[[72.965466,23.741431],[72.964829,23.741337],[72.964619,23.741821],[72.963541,23.741719],[72.962682,23.741096],[72.962261,23.740589],[72.962115,23.739978],[72.962966,23.740138],[72.963673,23.740576],[72.964325,23.740728],[72.964557,23.739313],[72.964286,23.739177],[72.963829,23.738562],[72.963435,23.738855],[72.963046,23.73885],[72.962769,23.738333],[72.961743,23.738367],[72.961414,23.738649],[72.961407,23.739127],[72.960649,23.739475],[72.960611,23.738555],[72.960313,23.738516],[72.960424,23.738099],[72.962478,23.737827],[72.96306,23.737931],[72.963885,23.737694],[72.964541,23.736677],[72.965521,23.7319],[72.965821,23.728564],[72.965957,23.728882],[72.965867,23.731661],[72.965098,23.735733],[72.965787,23.736622],[72.965773,23.737553],[72.964903,23.738402],[72.965218,23.739209],[72.966175,23.739243],[72.96757,23.740634],[72.967399,23.740709],[72.967099,23.740549],[72.966639,23.74007],[72.965476,23.739754],[72.965254,23.740058],[72.965029,23.739732],[72.965108,23.740409],[72.966075,23.741296],[72.96798,23.740977],[72.969296,23.74129],[72.970802,23.742063],[72.972132,23.74165],[72.972188,23.740576],[72.973174,23.739729],[72.9739,23.740598],[72.973769,23.744037],[72.972718,23.743991],[72.972467,23.743672],[72.971665,23.743311],[72.971345,23.742852],[72.970907,23.742631],[72.970737,23.742869],[72.970341,23.742993],[72.970215,23.742879],[72.969828,23.74366],[72.970689,23.743815],[72.970539,23.744436],[72.969049,23.744656],[72.967071,23.744205],[72.967495,23.743143],[72.967451,23.742746],[72.965824,23.74241],[72.965068,23.74197],[72.965461,23.741761],[72.965466,23.741431]],[[72.977768,23.741244],[72.977379,23.741196],[72.977216,23.739646],[72.976048,23.739688],[72.976162,23.739346],[72.977681,23.739123],[72.977768,23.741244]],[[72.968902,23.736718],[72.969408,23.736713],[72.969332,23.73782],[72.968809,23.737734],[72.968458,23.737256],[72.968902,23.736718]],[[72.969241,23.732776],[72.968975,23.733308],[72.968497,23.733015],[72.968833,23.73246],[72.969241,23.732776]],[[72.960533,23.741074],[72.960909,23.741127],[72.961077,23.74136],[72.960881,23.742059],[72.959837,23.741615],[72.959791,23.741208],[72.958955,23.740779],[72.958987,23.740397],[72.96018,23.740389],[72.960533,23.741074]]],[[[72.965748,23.761293],[72.96656,23.761122],[72.967161,23.760808],[72.967834,23.7602],[72.968054,23.75945],[72.967671,23.759003],[72.965454,23.760143],[72.965748,23.761293]]],[[[72.972934,23.761941],[72.974792,23.761726],[72.975653,23.7617],[72.97545,23.761283],[72.972914,23.761668],[72.972934,23.761941]]],[[[72.968657,23.792066],[72.968637,23.791731],[72.968116,23.79182],[72.96808,23.791616],[72.967446,23.7915],[72.968697,23.790344],[72.967796,23.790548],[72.967775,23.790346],[72.967306,23.790471],[72.966778,23.790201],[72.966266,23.790589],[72.965698,23.790789],[72.965353,23.789833],[72.965486,23.789776],[72.965504,23.788629],[72.968974,23.789201],[72.96982,23.788208],[72.969974,23.784962],[72.968917,23.783711],[72.969406,23.783539],[72.970406,23.78391],[72.970681,23.782899],[72.970511,23.781344],[72.97066,23.780091],[72.971677,23.779388],[72.972393,23.781338],[72.973013,23.781138],[72.972807,23.779731],[72.9735,23.779024],[72.972779,23.775282],[72.972952,23.774597],[72.973838,23.773922],[72.974303,23.773241],[72.974184,23.772523],[72.974642,23.771615],[72.973077,23.769633],[72.97109,23.768292],[72.969655,23.768211],[72.96747,23.76863],[72.966671,23.76845],[72.966215,23.76644],[72.966488,23.766058],[72.964765,23.764845],[72.964663,23.763876],[72.964127,23.763295],[72.962566,23.763561],[72.961359,23.763546],[72.960216,23.763019],[72.959918,23.763643],[72.960619,23.764016],[72.961662,23.764985],[72.961844,23.765341],[72.96151,23.765451],[72.960699,23.764839],[72.959761,23.764406],[72.959381,23.764783],[72.959109,23.764282],[72.959163,23.764121],[72.959573,23.76382],[72.960075,23.762954],[72.95787,23.761849],[72.956959,23.761655],[72.956242,23.761703],[72.9557,23.762031],[72.954888,23.761937],[72.954916,23.762173],[72.955424,23.762275],[72.955316,23.7632],[72.955779,23.763445],[72.955798,23.76422],[72.956347,23.764378],[72.955645,23.76596],[72.953794,23.765559],[72.953474,23.76572],[72.953592,23.766005],[72.952941,23.766587],[72.95166,23.766355],[72.951979,23.765629],[72.951893,23.765121],[72.951034,23.764054],[72.951215,23.763854],[72.952484,23.764575],[72.952941,23.764418],[72.952892,23.762373],[72.953083,23.76205],[72.953509,23.762046],[72.953791,23.761811],[72.952756,23.761692],[72.952827,23.761426],[72.952265,23.760021],[72.952848,23.757592],[72.951979,23.755897],[72.950912,23.754317],[72.94951,23.755904],[72.949026,23.756961],[72.948949,23.767698],[72.949038,23.76883],[72.94951,23.770728],[72.950764,23.772885],[72.953429,23.776398],[72.964326,23.791795],[72.969677,23.799006],[72.970113,23.799197],[72.970329,23.798822],[72.970209,23.798598],[72.970326,23.798303],[72.969756,23.797598],[72.969814,23.797179],[72.969199,23.796703],[72.968867,23.796079],[72.969299,23.794653],[72.969474,23.79462],[72.969662,23.794265],[72.969462,23.792064],[72.969289,23.791501],[72.96903,23.791227],[72.969295,23.791934],[72.968657,23.792066]],[[72.951249,23.762532],[72.950604,23.761941],[72.952282,23.761486],[72.952618,23.76192],[72.952579,23.762354],[72.951747,23.763269],[72.95118,23.762942],[72.951249,23.762532]],[[72.956153,23.762801],[72.956687,23.76291],[72.956806,23.763378],[72.956557,23.763921],[72.956472,23.763598],[72.956183,23.763518],[72.956153,23.762801]]],[[[72.970911,23.785125],[72.970785,23.785465],[72.970637,23.787692],[72.970842,23.787342],[72.971188,23.787405],[72.971641,23.787219],[72.971668,23.78545],[72.971202,23.785437],[72.971071,23.785127],[72.970911,23.785125]]],[[[72.982506,23.794472],[72.981761,23.794129],[72.981373,23.793248],[72.981046,23.793001],[72.980624,23.792712],[72.980015,23.792655],[72.979511,23.792311],[72.978985,23.791094],[72.978217,23.790109],[72.97818,23.7892],[72.977579,23.788544],[72.976667,23.786832],[72.976423,23.786784],[72.974933,23.785252],[72.974841,23.784218],[72.975625,23.780414],[72.975871,23.778105],[72.97586,23.775842],[72.975629,23.774491],[72.975104,23.772972],[72.973653,23.775407],[72.974276,23.778759],[72.973784,23.78033],[72.973841,23.78334],[72.972983,23.785144],[72.97233,23.785019],[72.972262,23.785754],[72.973295,23.78571],[72.973623,23.786613],[72.974306,23.786746],[72.974099,23.787431],[72.973541,23.787252],[72.972969,23.785964],[72.97224,23.785999],[72.972135,23.787146],[72.972477,23.787651],[72.972637,23.788398],[72.97338,23.788709],[72.973539,23.789485],[72.973009,23.789521],[72.972801,23.788888],[72.971581,23.788198],[72.970736,23.788395],[72.970461,23.789101],[72.970955,23.78938],[72.970971,23.790355],[72.971232,23.790602],[72.97114,23.791518],[72.970609,23.791568],[72.971111,23.792363],[72.970422,23.792583],[72.970369,23.792998],[72.97122,23.793382],[72.971473,23.794131],[72.971844,23.794336],[72.971775,23.794765],[72.971524,23.794848],[72.970655,23.793676],[72.970096,23.793511],[72.970549,23.794477],[72.970228,23.79506],[72.970457,23.795364],[72.971302,23.795117],[72.971529,23.79555],[72.972115,23.795945],[72.973004,23.798577],[72.974153,23.798757],[72.974827,23.799531],[72.974875,23.800019],[72.9793,23.798186],[72.979931,23.797768],[72.982532,23.795681],[72.98274,23.794906],[72.982506,23.794472]],[[72.979652,23.795203],[72.980744,23.795134],[72.980896,23.795304],[72.98079,23.795481],[72.980019,23.795853],[72.979652,23.795203]]],[[[72.972826,23.799685],[72.973328,23.799867],[72.97389,23.800635],[72.974557,23.800161],[72.974311,23.799314],[72.972149,23.798715],[72.971006,23.798914],[72.970674,23.799465],[72.972826,23.799685]]],[[[72.92707,23.819345],[72.926765,23.819747],[72.926324,23.819777],[72.926355,23.820204],[72.926848,23.820244],[72.928717,23.822049],[72.9297,23.822596],[72.930599,23.822813],[72.930786,23.82244],[72.930467,23.822114],[72.929709,23.82159],[72.928711,23.821505],[72.928418,23.821166],[72.928506,23.820511],[72.928316,23.820186],[72.927972,23.819811],[72.92707,23.819345]]]]}},{"type":"Feature","properties":{"source_id":2,"lulc_class":"Habitat"},"geometry":{"type":"MultiPolygon","coordinates":[[[[72.845959,23.626351],[72.84528,23.626003],[72.844369,23.626241],[72.844826,23.626785],[72.845592,23.626901],[72.845959,23.626351]]],[[[72.842985,23.62961],[72.841657,23.629562],[72.84154,23.630784],[72.840916,23.631313],[72.840996,23.632329],[72.840824,23.632924],[72.842312,23.633154],[72.842384,23.632677],[72.843015,23.632658],[72.843248,23.631375],[72.842985,23.62961]]],[[[72.850877,23.634477],[72.850806,23.63361],[72.849473,23.632379],[72.84971,23.63182],[72.84958,23.631664],[72.850046,23.62927],[72.849632,23.62844],[72.84767,23.629523],[72.846599,23.630798],[72.848394,23.632794],[72.848522,23.634524],[72.848797,23.63434],[72.849137,23.634918],[72.850877,23.634477]]],[[[72.84771,23.6397],[72.845911,23.639675],[72.845372,23.640618],[72.844473,23.641095],[72.844431,23.642055],[72.846983,23.642986],[72.846861,23.640942],[72.84771,23.6397]]],[[[72.867554,23.645547],[72.867498,23.645392],[72.866657,23.647159],[72.865908,23.647264],[72.865291,23.648211],[72.865753,23.649192],[72.866823,23.649485],[72.867691,23.649221],[72.867962,23.648957],[72.868081,23.647618],[72.867924,23.647062],[72.867946,23.645708],[72.867554,23.645547]]],[[[72.847675,23.650628],[72.845477,23.64705],[72.846018,23.644908],[72.845163,23.64486],[72.845025,23.646184],[72.844505,23.647073],[72.843469,23.647523],[72.842826,23.649844],[72.845698,23.650207],[72.847675,23.650628]],[[72.844128,23.649307],[72.844614,23.649162],[72.844494,23.649767],[72.844073,23.649844],[72.844128,23.649307]]],[[[72.877746,23.66163],[72.877905,23.660671],[72.877343,23.660554],[72.875881,23.66062],[72.875932,23.661146],[72.877297,23.661159],[72.877746,23.66163]]],[[[72.914482,23.663435],[72.914941,23.662042],[72.914384,23.661984],[72.914537,23.660333],[72.914143,23.6601],[72.913875,23.660464],[72.91375,23.660402],[72.913463,23.660625],[72.913269,23.661632],[72.911418,23.662041],[72.911271,23.660958],[72.909911,23.660942],[72.910453,23.662377],[72.910699,23.664064],[72.911707,23.664257],[72.911956,23.663257],[72.913268,23.663956],[72.913567,23.664712],[72.914727,23.665158],[72.916424,23.666112],[72.91759,23.667103],[72.917576,23.666522],[72.918084,23.666285],[72.91736,23.665946],[72.915093,23.664195],[72.914482,23.663435]]],[[[72.841463,23.670159],[72.842132,23.669667],[72.841755,23.668945],[72.84231,23.668308],[72.844112,23.667544],[72.844713,23.668843],[72.846616,23.669084],[72.846727,23.667007],[72.848788,23.667108],[72.848868,23.66693],[72.850313,23.666591],[72.849869,23.665188],[72.846582,23.666396],[72.846335,23.664816],[72.844988,23.663938],[72.844469,23.664755],[72.846162,23.665925],[72.84511,23.665982],[72.843575,23.664706],[72.843168,23.663447],[72.842434,23.663114],[72.84219,23.663755],[72.842482,23.664978],[72.841787,23.664646],[72.841619,23.665396],[72.841262,23.665785],[72.841082,23.665698],[72.841132,23.666643],[72.840061,23.667882],[72.839767,23.669204],[72.839291,23.66977],[72.837838,23.668209],[72.836514,23.668298],[72.835353,23.668918],[72.835386,23.669442],[72.837292,23.670638],[72.837898,23.67165],[72.840043,23.671384],[72.840135,23.670499],[72.841463,23.670159]]],[[[72.875266,23.677616],[72.877668,23.676694],[72.878906,23.676361],[72.879271,23.675586],[72.876906,23.675656],[72.876028,23.677006],[72.875064,23.677279],[72.873224,23.67712],[72.873258,23.677854],[72.875266,23.677616]]],[[[72.950844,23.679149],[72.950653,23.677249],[72.948705,23.678438],[72.949008,23.679626],[72.950844,23.679149]]],[[[72.956387,23.682359],[72.956349,23.682072],[72.955964,23.682146],[72.955825,23.681309],[72.955069,23.681202],[72.954624,23.681579],[72.953831,23.681652],[72.953641,23.681387],[72.953239,23.681417],[72.953115,23.680998],[72.952778,23.681017],[72.952631,23.6802],[72.952031,23.680697],[72.951947,23.68109],[72.951071,23.681088],[72.951144,23.681585],[72.95242,23.681514],[72.952449,23.681975],[72.952818,23.682238],[72.953315,23.682314],[72.953315,23.683174],[72.953013,23.683282],[72.952988,23.683907],[72.95515,23.684975],[72.956639,23.684278],[72.956509,23.683287],[72.956326,23.683178],[72.956128,23.682612],[72.956204,23.682403],[72.956387,23.682359]]],[[[72.855222,23.68389],[72.854529,23.682656],[72.855033,23.681618],[72.856017,23.680885],[72.854926,23.680183],[72.853613,23.678774],[72.853797,23.678709],[72.853631,23.678282],[72.853823,23.678196],[72.853441,23.677834],[72.852332,23.678236],[72.852503,23.679123],[72.852449,23.680985],[72.851793,23.681454],[72.850921,23.681262],[72.85044,23.68136],[72.85123,23.682162],[72.852922,23.681798],[72.853384,23.683174],[72.852706,23.683242],[72.852704,23.683391],[72.852444,23.683454],[72.853242,23.684072],[72.85354,23.683658],[72.854477,23.68388],[72.856307,23.68501],[72.855222,23.68389]]],[[[72.82599,23.694296],[72.825064,23.693878],[72.82392,23.695641],[72.824482,23.695866],[72.824704,23.696825],[72.824367,23.697465],[72.825033,23.697661],[72.825681,23.696108],[72.82599,23.694296]]],[[[72.863761,23.701197],[72.863762,23.700515],[72.864351,23.700535],[72.864222,23.69991],[72.863528,23.699471],[72.862051,23.699415],[72.861485,23.698332],[72.86322,23.698037],[72.862688,23.696747],[72.862245,23.697017],[72.861561,23.695296],[72.861045,23.695316],[72.861024,23.695645],[72.859895,23.696175],[72.85944,23.695908],[72.858481,23.696427],[72.859121,23.697273],[72.859664,23.697521],[72.859609,23.69805],[72.859971,23.69827],[72.859469,23.698948],[72.860128,23.699686],[72.861454,23.70034],[72.862283,23.700391],[72.863063,23.701349],[72.863761,23.701197]]],[[[72.826647,23.702084],[72.825038,23.701315],[72.824641,23.701684],[72.824507,23.702712],[72.826143,23.703923],[72.826536,23.702918],[72.826665,23.702889],[72.826647,23.702084]]],[[[72.870021,23.705173],[72.87106,23.70511],[72.871356,23.705482],[72.872557,23.70464],[72.871869,23.702635],[72.870863,23.702884],[72.87055,23.703374],[72.866968,23.703504],[72.866163,23.702671],[72.866018,23.702904],[72.86498,23.703492],[72.866054,23.70471],[72.866415,23.706399],[72.867059,23.707519],[72.868492,23.707897],[72.869524,23.706657],[72.870591,23.706013],[72.869929,23.705745],[72.870021,23.705173]]],[[[72.874082,23.70995],[72.874722,23.708496],[72.871693,23.709265],[72.872237,23.709746],[72.874082,23.70995]]],[[[72.839509,23.709068],[72.84023,23.708734],[72.840211,23.709818],[72.841958,23.709165],[72.843823,23.709334],[72.84412,23.705469],[72.841812,23.706225],[72.84026,23.705917],[72.839982,23.705531],[72.838653,23.705933],[72.838062,23.707156],[72.838165,23.707473],[72.838607,23.707135],[72.839088,23.707214],[72.839355,23.708034],[72.838745,23.708212],[72.838496,23.708633],[72.838814,23.708655],[72.839648,23.710029],[72.839799,23.709972],[72.839509,23.709068]]],[[[72.818858,23.712216],[72.819549,23.711598],[72.820577,23.71218],[72.821997,23.710648],[72.820279,23.710653],[72.820197,23.709697],[72.819517,23.709627],[72.819476,23.710134],[72.818935,23.709529],[72.818939,23.709321],[72.818485,23.709314],[72.817768,23.709543],[72.817902,23.711187],[72.816726,23.711708],[72.816812,23.712426],[72.81638,23.713017],[72.816033,23.714415],[72.816466,23.715923],[72.817207,23.715955],[72.817463,23.716137],[72.817441,23.717481],[72.817957,23.717667],[72.819257,23.717506],[72.819379,23.715985],[72.819243,23.714401],[72.819538,23.714256],[72.819564,23.712644],[72.818858,23.712216]]],[[[72.945748,23.726109],[72.945996,23.725338],[72.945395,23.725202],[72.945287,23.725858],[72.944024,23.725751],[72.944226,23.727367],[72.944838,23.727843],[72.945899,23.727179],[72.945748,23.726109]]],[[[72.907279,23.724613],[72.908181,23.724231],[72.908786,23.72464],[72.908759,23.724562],[72.907679,23.723938],[72.903298,23.722911],[72.902464,23.721538],[72.902442,23.720226],[72.903442,23.720956],[72.904694,23.720816],[72.903071,23.720077],[72.903591,23.719189],[72.904919,23.718884],[72.905044,23.718348],[72.907037,23.717874],[72.907112,23.718017],[72.907361,23.717772],[72.907119,23.717624],[72.907806,23.716021],[72.904169,23.717118],[72.903759,23.718403],[72.901264,23.718655],[72.899812,23.717872],[72.899116,23.717944],[72.899194,23.718962],[72.899734,23.719055],[72.90014,23.719535],[72.900589,23.719546],[72.900528,23.719924],[72.900727,23.720216],[72.900606,23.720444],[72.898291,23.721152],[72.898676,23.722347],[72.900916,23.723416],[72.903894,23.724603],[72.90613,23.725924],[72.9066,23.727008],[72.906887,23.727224],[72.908231,23.727515],[72.90929,23.726724],[72.908725,23.726675],[72.907279,23.724613]]],[[[72.811646,23.729077],[72.811674,23.728775],[72.812589,23.728762],[72.812928,23.725539],[72.810946,23.723711],[72.810159,23.725046],[72.810732,23.728881],[72.811646,23.729077]]],[[[72.934744,23.725986],[72.932834,23.725811],[72.932337,23.726461],[72.933052,23.728412],[72.933882,23.729289],[72.933615,23.729763],[72.93386,23.731283],[72.934927,23.731892],[72.935607,23.730954],[72.935494,23.729848],[72.93453,23.729327],[72.934929,23.728676],[72.934744,23.725986]]],[[[72.86094,23.730742],[72.860326,23.728584],[72.860661,23.727932],[72.858948,23.72758],[72.858145,23.727121],[72.858697,23.725605],[72.857057,23.724341],[72.855942,23.72497],[72.855528,23.724516],[72.854491,23.724442],[72.853547,23.724668],[72.853498,23.725712],[72.852782,23.725822],[72.852627,23.725372],[72.85217,23.725604],[72.852034,23.725931],[72.851294,23.725592],[72.851259,23.725381],[72.849995,23.725794],[72.849849,23.726707],[72.849495,23.726711],[72.849566,23.727261],[72.849871,23.727334],[72.850201,23.728981],[72.852136,23.729605],[72.853742,23.730613],[72.854888,23.729942],[72.856534,23.729989],[72.855771,23.728312],[72.854652,23.727723],[72.855487,23.726624],[72.856422,23.726565],[72.857953,23.729985],[72.858881,23.729728],[72.860977,23.732445],[72.862115,23.732252],[72.86094,23.730742]]],[[[72.836696,23.732928],[72.836355,23.731609],[72.835686,23.731804],[72.836017,23.733181],[72.836696,23.732928]]],[[[72.859626,23.733713],[72.859394,23.733168],[72.858493,23.733208],[72.858781,23.733833],[72.859626,23.733713]]],[[[72.981345,23.738605],[72.981278,23.738269],[72.980786,23.738374],[72.980872,23.738734],[72.981345,23.738605]]],[[[72.910586,23.739734],[72.911353,23.738837],[72.91026,23.739013],[72.909851,23.738625],[72.908974,23.738351],[72.907936,23.738313],[72.908103,23.739247],[72.907228,23.738781],[72.907291,23.738065],[72.906201,23.738074],[72.904861,23.737531],[72.9023,23.737042],[72.900959,23.736522],[72.897207,23.735643],[72.897375,23.735311],[72.896113,23.735065],[72.893844,23.734155],[72.89388,23.7332],[72.892537,23.732799],[72.891823,23.732018],[72.891736,23.73243],[72.891119,23.73224],[72.890832,23.732967],[72.889164,23.733422],[72.889207,23.734665],[72.889992,23.734886],[72.890433,23.735524],[72.890749,23.735148],[72.891188,23.735011],[72.891253,23.735814],[72.890854,23.735974],[72.891207,23.737469],[72.891971,23.737785],[72.89209,23.73736],[72.892967,23.737067],[72.893589,23.735833],[72.894254,23.735747],[72.894529,23.735464],[72.895316,23.735532],[72.897119,23.735817],[72.899114,23.736664],[72.901753,23.737178],[72.906032,23.738932],[72.909206,23.74005],[72.910586,23.739734]]],[[[72.977768,23.741244],[72.977681,23.739123],[72.976162,23.739346],[72.976048,23.739688],[72.977216,23.739646],[72.977379,23.741196],[72.977768,23.741244]]],[[[72.973817,23.743127],[72.973887,23.741429],[72.973009,23.741989],[72.972341,23.741908],[72.97209,23.741663],[72.971025,23.741994],[72.971451,23.742895],[72.973817,23.743127]]],[[[72.983667,23.743475],[72.98192,23.739241],[72.981258,23.739474],[72.981236,23.73989],[72.981937,23.739842],[72.982565,23.742573],[72.98104,23.743122],[72.981044,23.743853],[72.982117,23.743912],[72.983667,23.743475]]],[[[72.801049,23.742203],[72.80227,23.741672],[72.802944,23.741706],[72.803779,23.741407],[72.803363,23.73992],[72.801989,23.739853],[72.801047,23.740441],[72.801049,23.742203]]],[[[72.969828,23.74366],[72.970286,23.742737],[72.968618,23.741277],[72.968785,23.741159],[72.96798,23.740977],[72.966075,23.741296],[72.965108,23.740409],[72.965029,23.739732],[72.964652,23.739189],[72.964325,23.740728],[72.963673,23.740576],[72.962966,23.740138],[72.962115,23.739978],[72.962261,23.740589],[72.962682,23.741096],[72.963541,23.741719],[72.964619,23.741821],[72.964829,23.741337],[72.965466,23.741431],[72.965461,23.741761],[72.965068,23.74197],[72.965824,23.74241],[72.967451,23.742746],[72.967495,23.743143],[72.967071,23.744205],[72.969049,23.744656],[72.970539,23.744436],[72.970689,23.743815],[72.969828,23.74366]]],[[[72.957449,23.744681],[72.957478,23.742783],[72.955965,23.743066],[72.957347,23.744415],[72.957449,23.744681]]],[[[72.98408,23.744763],[72.984092,23.744348],[72.982599,23.74438],[72.982837,23.745142],[72.98408,23.744763]]],[[[72.963007,23.745221],[72.961847,23.744704],[72.961394,23.745802],[72.963191,23.745904],[72.963007,23.745221]]],[[[72.956523,23.745365],[72.956384,23.744443],[72.956097,23.744475],[72.955868,23.745518],[72.956019,23.746204],[72.955707,23.746206],[72.955714,23.74686],[72.95633,23.746781],[72.956193,23.745604],[72.956523,23.745365]]],[[[72.955335,23.747422],[72.954687,23.747412],[72.954736,23.748668],[72.955367,23.748603],[72.955335,23.747422]]],[[[72.817648,23.75021],[72.815588,23.749744],[72.81532,23.74991],[72.815128,23.751768],[72.814691,23.752199],[72.814744,23.752313],[72.816677,23.752196],[72.817732,23.75156],[72.81751,23.750488],[72.817648,23.75021]]],[[[72.976165,23.750195],[72.975329,23.75003],[72.974716,23.750786],[72.974972,23.751828],[72.974222,23.752499],[72.974853,23.754514],[72.975764,23.753487],[72.975784,23.752161],[72.976964,23.751388],[72.976165,23.750195]]],[[[72.810074,23.752914],[72.810865,23.752161],[72.810998,23.75219],[72.811081,23.751663],[72.811667,23.750739],[72.812765,23.750277],[72.813364,23.749719],[72.813216,23.749686],[72.813248,23.7478],[72.811213,23.748416],[72.810766,23.747191],[72.809858,23.747226],[72.809633,23.746674],[72.810832,23.746404],[72.810814,23.745926],[72.809568,23.745908],[72.809491,23.745511],[72.808666,23.745537],[72.808244,23.745985],[72.807367,23.745662],[72.806364,23.746627],[72.806476,23.747704],[72.807415,23.749693],[72.809086,23.749891],[72.809054,23.750296],[72.808404,23.751911],[72.808396,23.752365],[72.810074,23.752914]]],[[[72.898161,23.753976],[72.8991,23.753667],[72.900268,23.753682],[72.900843,23.754228],[72.902262,23.7531],[72.902636,23.751672],[72.902219,23.75095],[72.904251,23.75044],[72.903914,23.749647],[72.904337,23.747539],[72.903542,23.747395],[72.902794,23.749059],[72.902331,23.748837],[72.902303,23.74812],[72.901881,23.747756],[72.902121,23.747139],[72.901542,23.747035],[72.900393,23.748309],[72.899411,23.748833],[72.896468,23.747898],[72.896297,23.748827],[72.899553,23.749695],[72.898175,23.751277],[72.899202,23.752199],[72.897315,23.75332],[72.896174,23.751656],[72.896228,23.751159],[72.894632,23.750703],[72.894224,23.75021],[72.894265,23.751773],[72.895516,23.753833],[72.897026,23.754319],[72.897655,23.755414],[72.898217,23.755339],[72.898161,23.753976]]],[[[72.967374,23.754774],[72.967191,23.754055],[72.966599,23.754115],[72.966411,23.753878],[72.963852,23.753438],[72.964517,23.755776],[72.965835,23.75647],[72.966509,23.75633],[72.966617,23.755525],[72.967053,23.755379],[72.967374,23.754774]]],[[[72.839748,23.756103],[72.840341,23.755574],[72.841009,23.755225],[72.840663,23.754008],[72.840968,23.753594],[72.841383,23.753687],[72.84373,23.753121],[72.843825,23.753935],[72.844228,23.753905],[72.844527,23.753097],[72.843912,23.752973],[72.84372,23.751321],[72.84263,23.751306],[72.842233,23.749437],[72.840707,23.749918],[72.840332,23.749017],[72.839237,23.74936],[72.839924,23.750158],[72.839188,23.750355],[72.840062,23.750321],[72.840441,23.750948],[72.840178,23.751147],[72.839124,23.751347],[72.83913,23.751777],[72.839461,23.752164],[72.839505,23.75263],[72.83883,23.753297],[72.840005,23.754709],[72.83933,23.755524],[72.838005,23.755577],[72.838213,23.756038],[72.839748,23.756103]]],[[[72.868311,23.756535],[72.869165,23.756512],[72.870112,23.755885],[72.870496,23.756177],[72.871591,23.755906],[72.8709,23.755287],[72.870201,23.755206],[72.869511,23.754551],[72.868119,23.754774],[72.867957,23.754227],[72.868796,23.753986],[72.868372,23.753109],[72.867801,23.753279],[72.867507,23.752228],[72.867902,23.752138],[72.867417,23.751136],[72.866293,23.750248],[72.865441,23.748115],[72.865524,23.747758],[72.865235,23.747367],[72.865521,23.747217],[72.864662,23.745441],[72.865237,23.744495],[72.863721,23.741966],[72.863165,23.742639],[72.863392,23.743072],[72.862174,23.743736],[72.861459,23.742221],[72.859857,23.742629],[72.859409,23.743841],[72.860094,23.744782],[72.860124,23.745356],[72.858321,23.746073],[72.858303,23.74723],[72.858954,23.747848],[72.862134,23.746208],[72.864102,23.745868],[72.866287,23.752957],[72.866765,23.752835],[72.867586,23.75501],[72.867218,23.755169],[72.867759,23.756216],[72.867648,23.756242],[72.867911,23.756893],[72.868317,23.756841],[72.868311,23.756535]]],[[[72.807157,23.7582],[72.807292,23.757843],[72.806165,23.756797],[72.805125,23.75712],[72.805184,23.75791],[72.805268,23.757838],[72.806015,23.758183],[72.806435,23.757903],[72.807157,23.7582]]],[[[72.957016,23.758769],[72.95622,23.758565],[72.955862,23.759026],[72.955341,23.759115],[72.955013,23.759385],[72.954921,23.760268],[72.954667,23.76073],[72.954337,23.760915],[72.955131,23.760972],[72.95548,23.760192],[72.95711,23.759076],[72.957016,23.758769]]],[[[72.972556,23.761958],[72.972386,23.76148],[72.971657,23.761508],[72.971589,23.761734],[72.972072,23.761976],[72.972556,23.761958]]],[[[72.878448,23.761487],[72.878306,23.761019],[72.876754,23.761602],[72.87668,23.762651],[72.877186,23.762463],[72.877017,23.76206],[72.878448,23.761487]]],[[[72.956687,23.76291],[72.956153,23.762801],[72.956183,23.763518],[72.956472,23.763598],[72.956557,23.763921],[72.956806,23.763378],[72.956687,23.76291]]],[[[72.955645,23.76596],[72.956347,23.764378],[72.955798,23.76422],[72.955779,23.763445],[72.955316,23.7632],[72.955424,23.762275],[72.954916,23.762173],[72.954888,23.761937],[72.953791,23.761811],[72.953509,23.762046],[72.953083,23.76205],[72.952892,23.762373],[72.953036,23.765107],[72.953474,23.76572],[72.953794,23.765559],[72.955645,23.76596]]],[[[72.952473,23.764555],[72.951215,23.763854],[72.951034,23.764054],[72.951893,23.765121],[72.951979,23.765629],[72.95166,23.766355],[72.952654,23.766536],[72.952715,23.765008],[72.952473,23.764555]]],[[[72.87295,23.765177],[72.872622,23.764397],[72.871723,23.764766],[72.872051,23.765621],[72.87295,23.765177]]],[[[72.928698,23.766068],[72.928136,23.765577],[72.927413,23.764574],[72.927964,23.764209],[72.928562,23.76479],[72.929098,23.764396],[72.927198,23.76149],[72.927967,23.76107],[72.927577,23.760176],[72.927891,23.760073],[72.927648,23.759609],[72.925851,23.760005],[72.926077,23.760457],[72.924652,23.760954],[72.924221,23.760515],[72.923464,23.760771],[72.92386,23.762102],[72.924599,23.762315],[72.926208,23.765994],[72.92707,23.765587],[72.927944,23.766487],[72.928698,23.766068]]],[[[72.879435,23.765685],[72.87968,23.764877],[72.879996,23.76497],[72.879942,23.764785],[72.880217,23.764444],[72.880636,23.764183],[72.880969,23.764187],[72.881161,23.765927],[72.88186,23.766008],[72.881877,23.764969],[72.882695,23.764944],[72.881771,23.762698],[72.881989,23.762389],[72.881905,23.762207],[72.88138,23.762502],[72.880755,23.762627],[72.880367,23.762201],[72.880557,23.76206],[72.880364,23.761752],[72.880839,23.7613],[72.880642,23.760811],[72.879966,23.760844],[72.8795,23.761253],[72.879893,23.762032],[72.878764,23.761873],[72.878829,23.762314],[72.876866,23.762986],[72.876946,23.763331],[72.87632,23.763682],[72.876221,23.763874],[72.875807,23.763593],[72.875449,23.763093],[72.87497,23.763388],[72.875463,23.764147],[72.87609,23.76413],[72.876575,23.765046],[72.877803,23.764537],[72.878045,23.765209],[72.878403,23.765179],[72.878674,23.766258],[72.879435,23.765685]]],[[[72.823489,23.76703],[72.824391,23.765896],[72.825295,23.766148],[72.825822,23.765654],[72.826367,23.765661],[72.827233,23.76678],[72.828507,23.766735],[72.828105,23.76571],[72.828224,23.765617],[72.827467,23.765153],[72.82723,23.765243],[72.826592,23.76459],[72.826536,23.764129],[72.825941,23.764035],[72.826633,23.763706],[72.828505,23.763518],[72.825688,23.762809],[72.825178,23.762253],[72.82548,23.761766],[72.824905,23.761484],[72.824309,23.761428],[72.823698,23.760727],[72.823194,23.759299],[72.820882,23.759947],[72.822462,23.7623],[72.822725,23.762313],[72.823325,23.762871],[72.823234,23.763658],[72.823428,23.764473],[72.823134,23.765019],[72.822559,23.765225],[72.822014,23.765218],[72.822392,23.765916],[72.822587,23.766683],[72.822365,23.76754],[72.823489,23.76703]]],[[[72.808783,23.764887],[72.807732,23.764132],[72.807971,23.763801],[72.807518,23.762934],[72.805569,23.763122],[72.805122,23.764115],[72.806517,23.763966],[72.806744,23.76579],[72.805926,23.76659],[72.806612,23.76746],[72.807294,23.767016],[72.807273,23.766729],[72.808864,23.76625],[72.808783,23.764887]]],[[[72.850236,23.766966],[72.849201,23.766741],[72.849139,23.767352],[72.850085,23.767938],[72.850054,23.769199],[72.849385,23.769486],[72.849571,23.770148],[72.850238,23.769995],[72.850331,23.769365],[72.851459,23.769299],[72.851485,23.768921],[72.852352,23.76892],[72.852269,23.768313],[72.851748,23.767187],[72.85116,23.766979],[72.850236,23.766966]]],[[[72.860973,23.772061],[72.860916,23.771716],[72.860443,23.771756],[72.860433,23.770745],[72.861279,23.770564],[72.861612,23.768631],[72.861177,23.766654],[72.861419,23.763755],[72.860276,23.7646],[72.860168,23.76491],[72.860743,23.764991],[72.860924,23.765987],[72.860203,23.766321],[72.859799,23.76597],[72.859582,23.766596],[72.859049,23.770602],[72.859448,23.770826],[72.859862,23.770794],[72.859853,23.771318],[72.860277,23.77196],[72.860414,23.771792],[72.860504,23.772131],[72.860973,23.772061]]],[[[72.869151,23.774218],[72.868204,23.773854],[72.867238,23.774549],[72.867774,23.775094],[72.869139,23.775006],[72.869151,23.774218]]],[[[72.906966,23.779907],[72.906942,23.778384],[72.90604,23.778566],[72.906175,23.779834],[72.906966,23.779907]]],[[[72.909085,23.780536],[72.909236,23.779864],[72.910717,23.780056],[72.910865,23.779087],[72.910123,23.778959],[72.910053,23.778456],[72.910309,23.778001],[72.910999,23.778092],[72.911123,23.776622],[72.910463,23.776138],[72.909277,23.776324],[72.909272,23.776668],[72.90835,23.776856],[72.908404,23.777387],[72.907656,23.777492],[72.90779,23.778769],[72.90764,23.77963],[72.908191,23.779979],[72.908274,23.779636],[72.908742,23.779614],[72.908666,23.780472],[72.909085,23.780536]]],[[[72.820025,23.780215],[72.819021,23.778194],[72.817772,23.778367],[72.817837,23.779109],[72.816361,23.778945],[72.816306,23.780664],[72.816553,23.781707],[72.818991,23.781514],[72.81901,23.780391],[72.820025,23.780215]]],[[[72.888578,23.776706],[72.888668,23.775991],[72.886993,23.776039],[72.887114,23.775332],[72.88686,23.775274],[72.887555,23.774363],[72.88864,23.774629],[72.888649,23.774127],[72.887564,23.773754],[72.887169,23.774143],[72.885618,23.773763],[72.885372,23.774982],[72.885055,23.774947],[72.884743,23.775543],[72.883747,23.775529],[72.883921,23.775818],[72.883713,23.776639],[72.882502,23.776838],[72.881511,23.777971],[72.88184,23.779265],[72.882812,23.779386],[72.883421,23.780219],[72.884978,23.780276],[72.88567,23.780787],[72.887499,23.780848],[72.887761,23.781496],[72.885731,23.781827],[72.88685,23.782487],[72.887895,23.782824],[72.888104,23.781967],[72.889357,23.781554],[72.889445,23.78091],[72.889613,23.780857],[72.888568,23.779787],[72.889428,23.779548],[72.889558,23.778726],[72.890516,23.778447],[72.89025,23.776836],[72.888578,23.776706]]],[[[72.94596,23.780153],[72.944747,23.779489],[72.942768,23.780648],[72.942784,23.78206],[72.942987,23.782694],[72.943453,23.783078],[72.944573,23.783513],[72.945183,23.784082],[72.946529,23.783553],[72.94596,23.780153]]],[[[72.907544,23.780871],[72.90708,23.780742],[72.906594,23.782873],[72.905665,23.783747],[72.906381,23.784053],[72.906607,23.784079],[72.907292,23.783026],[72.907544,23.780871]]],[[[72.880218,23.784069],[72.883038,23.782256],[72.879718,23.782855],[72.880218,23.784069]]],[[[72.970955,23.784363],[72.971282,23.784339],[72.972026,23.784607],[72.972898,23.784632],[72.973222,23.78398],[72.973392,23.782214],[72.973265,23.781592],[72.972938,23.781162],[72.972393,23.781338],[72.971677,23.779388],[72.97066,23.780091],[72.970511,23.781344],[72.970681,23.782899],[72.970406,23.78391],[72.969406,23.783539],[72.968917,23.783711],[72.969974,23.784962],[72.970005,23.785748],[72.970349,23.785885],[72.97064,23.784603],[72.970955,23.784363]]],[[[72.851918,23.783074],[72.853174,23.782447],[72.853103,23.782052],[72.85115,23.782455],[72.850029,23.781901],[72.849368,23.781856],[72.849037,23.780705],[72.84795,23.782603],[72.848693,23.783683],[72.849278,23.784049],[72.850441,23.784381],[72.852071,23.783358],[72.851918,23.783074]]],[[[72.942492,23.783191],[72.941996,23.780114],[72.940063,23.780805],[72.939427,23.781525],[72.939116,23.782301],[72.941145,23.782621],[72.940485,23.785608],[72.941139,23.786252],[72.944418,23.784437],[72.94405,23.783885],[72.943189,23.783397],[72.942492,23.783191]]],[[[72.973623,23.786613],[72.973295,23.78571],[72.972262,23.785754],[72.97233,23.785019],[72.971057,23.78462],[72.970911,23.785125],[72.971071,23.785127],[72.971202,23.785437],[72.971668,23.78545],[72.971641,23.787219],[72.972066,23.787044],[72.972135,23.787146],[72.97224,23.785999],[72.972969,23.785964],[72.973541,23.787252],[72.974099,23.787431],[72.974306,23.786746],[72.973623,23.786613]]],[[[72.938814,23.785593],[72.938,23.783812],[72.936671,23.786479],[72.937003,23.78849],[72.935813,23.789047],[72.937096,23.788947],[72.937215,23.788012],[72.938052,23.787709],[72.937869,23.786208],[72.938814,23.785593]]],[[[72.966266,23.790589],[72.966778,23.790201],[72.967306,23.790471],[72.967775,23.790346],[72.967796,23.790548],[72.96863,23.790359],[72.968864,23.790129],[72.96852,23.789144],[72.965504,23.788629],[72.965486,23.789776],[72.965353,23.789833],[72.965698,23.790789],[72.966266,23.790589]]],[[[72.854705,23.788895],[72.855738,23.788662],[72.855591,23.788101],[72.85499,23.788335],[72.855508,23.787317],[72.854603,23.786626],[72.854135,23.786691],[72.854043,23.786868],[72.853134,23.787248],[72.853502,23.787818],[72.85293,23.787993],[72.852903,23.788158],[72.853623,23.788005],[72.854487,23.789323],[72.854705,23.788895]]],[[[72.854896,23.78958],[72.854807,23.789295],[72.854375,23.789353],[72.854459,23.789641],[72.854896,23.78958]]],[[[72.85795,23.78961],[72.857245,23.78887],[72.856865,23.789237],[72.857298,23.789458],[72.856513,23.789848],[72.856694,23.790209],[72.857916,23.789782],[72.85795,23.78961]]],[[[72.963234,23.792919],[72.96405,23.791964],[72.962728,23.790166],[72.962385,23.790385],[72.962697,23.791392],[72.962137,23.792034],[72.962162,23.792341],[72.962367,23.792592],[72.962914,23.79247],[72.963234,23.792919]]],[[[72.843009,23.79153],[72.842597,23.791525],[72.842708,23.791943],[72.842981,23.791931],[72.843009,23.79153]]],[[[72.823277,23.792935],[72.824673,23.792649],[72.825015,23.792119],[72.825393,23.791837],[72.825893,23.791768],[72.828625,23.792303],[72.829344,23.792647],[72.829606,23.79203],[72.829725,23.791096],[72.831065,23.790465],[72.832511,23.790223],[72.832791,23.789155],[72.832024,23.786484],[72.831069,23.787713],[72.830613,23.788891],[72.829774,23.789376],[72.828386,23.789204],[72.828387,23.790351],[72.82519,23.791586],[72.824597,23.792227],[72.823677,23.792616],[72.822748,23.792316],[72.822221,23.792786],[72.82193,23.792782],[72.821958,23.79291],[72.823277,23.792935]]],[[[72.933673,23.796004],[72.935184,23.792992],[72.933642,23.793296],[72.933119,23.792223],[72.931075,23.793676],[72.933298,23.796228],[72.933673,23.796004]]],[[[72.8423,23.795812],[72.842278,23.794808],[72.841966,23.79484],[72.841893,23.796075],[72.842166,23.796179],[72.8423,23.795812]]],[[[72.932173,23.796707],[72.931332,23.795851],[72.931452,23.79779],[72.932333,23.797849],[72.932173,23.796707]]],[[[72.845989,23.797225],[72.845646,23.796002],[72.845289,23.796441],[72.845637,23.797316],[72.845989,23.797225]]],[[[72.844153,23.799484],[72.842909,23.799295],[72.843104,23.800043],[72.84231,23.800376],[72.842613,23.800858],[72.843338,23.801001],[72.844034,23.800361],[72.844153,23.799484]]],[[[72.930664,23.801601],[72.931528,23.799558],[72.929009,23.798736],[72.928671,23.799592],[72.928648,23.80026],[72.92918,23.800243],[72.929249,23.800818],[72.929879,23.801173],[72.930175,23.802335],[72.930731,23.802319],[72.930664,23.801601]]],[[[72.833096,23.802481],[72.832938,23.802085],[72.830847,23.802311],[72.830926,23.803044],[72.832427,23.802832],[72.833096,23.802481]]],[[[72.936507,23.806008],[72.936178,23.80414],[72.934926,23.804317],[72.935229,23.806034],[72.936507,23.806008]]],[[[72.909647,23.806792],[72.909307,23.806676],[72.907764,23.807372],[72.907755,23.807955],[72.909647,23.806792]]],[[[72.846187,23.804519],[72.846461,23.803032],[72.845099,23.803343],[72.845219,23.804047],[72.844812,23.804825],[72.844037,23.805215],[72.843035,23.805378],[72.84389,23.80657],[72.844837,23.807042],[72.845664,23.807264],[72.846081,23.806826],[72.845414,23.806056],[72.845387,23.805215],[72.846187,23.804519]]],[[[72.912091,23.806196],[72.912871,23.806099],[72.91376,23.806505],[72.914678,23.80617],[72.914291,23.805095],[72.914717,23.804492],[72.915502,23.804096],[72.91551,23.803583],[72.916068,23.802754],[72.916061,23.802396],[72.91472,23.801828],[72.914519,23.801607],[72.913527,23.801593],[72.912582,23.799789],[72.910252,23.799399],[72.910946,23.801194],[72.911857,23.80132],[72.912364,23.803691],[72.909383,23.803491],[72.909521,23.803725],[72.909502,23.804871],[72.910021,23.806562],[72.909782,23.806709],[72.910216,23.80893],[72.911786,23.808163],[72.912091,23.806196]]],[[[72.820537,23.806175],[72.820862,23.804097],[72.821192,23.804235],[72.821372,23.803435],[72.820667,23.802125],[72.819635,23.801729],[72.819482,23.802185],[72.8189,23.80214],[72.818544,23.803605],[72.818704,23.805251],[72.819512,23.806619],[72.820852,23.807857],[72.820976,23.807738],[72.821025,23.806416],[72.820537,23.806175]]],[[[72.811014,23.811163],[72.810638,23.810776],[72.810593,23.811291],[72.809602,23.812039],[72.809752,23.812134],[72.810664,23.811603],[72.811014,23.811163]]],[[[72.918687,23.813919],[72.918731,23.813108],[72.917459,23.812746],[72.917094,23.813696],[72.917308,23.813576],[72.91773,23.814012],[72.918687,23.813919]]],[[[72.924838,23.813479],[72.924206,23.813311],[72.924376,23.812382],[72.925501,23.812683],[72.926344,23.811118],[72.925974,23.809895],[72.924029,23.809761],[72.924516,23.81095],[72.925173,23.811281],[72.923518,23.812478],[72.922503,23.812607],[72.922179,23.811731],[72.921932,23.811846],[72.921727,23.811665],[72.92174,23.810783],[72.92151,23.81043],[72.921214,23.810439],[72.921075,23.810222],[72.92088,23.810268],[72.920809,23.810613],[72.920368,23.810583],[72.920256,23.810295],[72.920649,23.810085],[72.919764,23.809907],[72.919569,23.810226],[72.919771,23.810563],[72.919739,23.810981],[72.919245,23.811034],[72.919342,23.811453],[72.91972,23.811363],[72.919832,23.811615],[72.9194,23.811896],[72.919383,23.812111],[72.919088,23.812392],[72.919537,23.812927],[72.92044,23.813415],[72.920769,23.813945],[72.921355,23.813809],[72.921378,23.813946],[72.921984,23.813424],[72.924435,23.814174],[72.924838,23.813479]]],[[[72.823858,23.8107],[72.822648,23.810382],[72.821939,23.810888],[72.821707,23.811585],[72.820982,23.811618],[72.820863,23.812045],[72.821053,23.812528],[72.822624,23.812837],[72.823548,23.812532],[72.823719,23.811967],[72.824094,23.811854],[72.824011,23.81159],[72.824286,23.811208],[72.823858,23.8107]]],[[[72.832413,23.811971],[72.831119,23.81177],[72.830953,23.813067],[72.832407,23.812974],[72.832413,23.811971]]],[[[72.839668,23.814403],[72.83716,23.813953],[72.836876,23.814976],[72.837014,23.815417],[72.838406,23.815398],[72.838746,23.814906],[72.839558,23.814803],[72.839668,23.814403]]],[[[72.811471,23.815527],[72.811648,23.815199],[72.81205,23.815349],[72.812389,23.81468],[72.81188,23.814343],[72.811686,23.814784],[72.811173,23.814691],[72.811382,23.814321],[72.810968,23.813957],[72.810606,23.813961],[72.810398,23.814465],[72.810183,23.814319],[72.809924,23.814903],[72.810555,23.815313],[72.811471,23.815527]]],[[[72.813711,23.815702],[72.813219,23.815308],[72.812758,23.815889],[72.812907,23.81608],[72.813711,23.815702]]],[[[72.843799,23.817098],[72.845157,23.816639],[72.845224,23.816868],[72.846117,23.816328],[72.846781,23.816376],[72.847281,23.815007],[72.846377,23.814402],[72.846373,23.81354],[72.846167,23.813664],[72.845545,23.813607],[72.845781,23.813094],[72.846188,23.812943],[72.846132,23.81196],[72.845941,23.811892],[72.845357,23.810776],[72.845418,23.810072],[72.844559,23.810076],[72.844198,23.810549],[72.844923,23.810636],[72.844979,23.811057],[72.844376,23.811049],[72.844037,23.811464],[72.8447,23.811569],[72.845285,23.812628],[72.845102,23.813638],[72.844553,23.814185],[72.844073,23.81435],[72.843584,23.815031],[72.84332,23.815888],[72.843799,23.817098]]],[[[72.832257,23.81793],[72.831337,23.817904],[72.831156,23.818986],[72.832026,23.819341],[72.832257,23.81793]]],[[[72.931813,23.822955],[72.933517,23.822785],[72.933914,23.822554],[72.934941,23.822424],[72.934843,23.822077],[72.933178,23.822258],[72.931748,23.822187],[72.931955,23.822456],[72.931813,23.822955]]],[[[72.946122,23.823608],[72.94485,23.823233],[72.944703,23.824082],[72.945997,23.824504],[72.946122,23.823608]]],[[[72.817777,23.821856],[72.817661,23.822989],[72.818829,23.823035],[72.819233,23.822145],[72.817777,23.821856]]],[[[72.893403,23.822747],[72.893858,23.821069],[72.893364,23.82031],[72.892964,23.820949],[72.890925,23.821853],[72.890505,23.821274],[72.889256,23.821436],[72.888763,23.821239],[72.888688,23.822861],[72.891806,23.825152],[72.891813,23.824696],[72.892594,23.824599],[72.893965,23.824116],[72.893403,23.822747]]],[[[72.821864,23.823944],[72.821808,23.821465],[72.820932,23.821482],[72.820175,23.822536],[72.820235,23.824309],[72.821864,23.823944]]],[[[72.803074,23.826465],[72.802164,23.825225],[72.800315,23.826345],[72.801041,23.82718],[72.803074,23.826465]]],[[[72.806992,23.826325],[72.806848,23.825606],[72.807247,23.82271],[72.808006,23.82161],[72.80987,23.819594],[72.808724,23.818252],[72.808054,23.819723],[72.806721,23.819403],[72.806663,23.819697],[72.807912,23.820033],[72.807228,23.821527],[72.806447,23.821623],[72.806749,23.819908],[72.80546,23.820104],[72.805302,23.824867],[72.80478,23.826511],[72.805731,23.826269],[72.80544,23.82747],[72.806526,23.827916],[72.807262,23.827014],[72.807539,23.826863],[72.806992,23.826325]]],[[[72.866296,23.829827],[72.866123,23.828499],[72.865243,23.827483],[72.864871,23.828839],[72.864116,23.829362],[72.864187,23.830156],[72.865661,23.830646],[72.865625,23.830319],[72.866296,23.829827]]],[[[72.904439,23.833874],[72.904375,23.833159],[72.903897,23.833295],[72.904197,23.831639],[72.904768,23.831602],[72.905419,23.831223],[72.903897,23.831418],[72.903204,23.830871],[72.903476,23.82938],[72.903204,23.829286],[72.903267,23.828559],[72.901285,23.829081],[72.90292,23.829151],[72.9031,23.829411],[72.902871,23.829403],[72.903015,23.830022],[72.902558,23.830195],[72.902353,23.831602],[72.901567,23.831641],[72.900532,23.832304],[72.902039,23.833076],[72.903632,23.833313],[72.903907,23.834003],[72.904439,23.833874]]],[[[72.813284,23.831009],[72.812442,23.830137],[72.811444,23.82957],[72.810615,23.831024],[72.810831,23.830974],[72.811163,23.832054],[72.811709,23.832061],[72.812249,23.832944],[72.813095,23.832977],[72.813465,23.831835],[72.813284,23.831009]]],[[[72.832603,23.834438],[72.835713,23.834588],[72.835963,23.833933],[72.835978,23.833007],[72.837372,23.833146],[72.838648,23.832507],[72.838562,23.831819],[72.838935,23.830869],[72.837843,23.830167],[72.837067,23.829977],[72.836173,23.831069],[72.835074,23.830815],[72.834667,23.831824],[72.833124,23.830907],[72.831938,23.831628],[72.832177,23.833223],[72.832603,23.834438]]],[[[72.882184,23.834847],[72.880632,23.832067],[72.879497,23.83241],[72.880091,23.834209],[72.880966,23.835342],[72.882184,23.834847]]],[[[72.845866,23.835743],[72.847503,23.834871],[72.849317,23.835135],[72.849261,23.834567],[72.846891,23.834563],[72.845079,23.834269],[72.843216,23.833774],[72.844108,23.835335],[72.845184,23.835734],[72.845866,23.835743]]],[[[72.913441,23.83926],[72.912884,23.837794],[72.912353,23.838448],[72.91242,23.83913],[72.913441,23.83926]]],[[[72.859903,23.841992],[72.861625,23.841514],[72.861771,23.841994],[72.864903,23.841879],[72.86502,23.841096],[72.866781,23.840654],[72.867247,23.838332],[72.866288,23.837423],[72.86443,23.836716],[72.862404,23.83676],[72.860874,23.838125],[72.861056,23.838174],[72.861002,23.839105],[72.861855,23.839332],[72.861722,23.840298],[72.8597,23.840126],[72.8593,23.840766],[72.859903,23.841992]]],[[[72.887759,23.851334],[72.888744,23.851134],[72.889808,23.85069],[72.889449,23.850426],[72.889156,23.849105],[72.888327,23.849131],[72.888507,23.847263],[72.887041,23.847562],[72.887101,23.848674],[72.886358,23.848879],[72.886565,23.85053],[72.887283,23.851901],[72.887828,23.851909],[72.887759,23.851334]]],[[[72.895976,23.849154],[72.894849,23.848959],[72.89495,23.849928],[72.894674,23.850139],[72.894484,23.851128],[72.895107,23.852295],[72.898555,23.853334],[72.898506,23.851696],[72.896901,23.849776],[72.895976,23.849154]]],[[[72.879204,23.860885],[72.878472,23.86072],[72.878477,23.86096],[72.878811,23.860993],[72.878976,23.86144],[72.879242,23.861336],[72.879204,23.860885]]]]}},{"type":"Feature","properties":{"source_id":3,"lulc_class":"River Bed"},"geometry":{"type":"MultiPolygon","coordinates":[[[[72.837455,23.619485],[72.833218,23.617005],[72.830452,23.619673],[72.827501,23.623559],[72.825339,23.62503],[72.824874,23.625504],[72.823657,23.628474],[72.82138,23.632219],[72.822751,23.632719],[72.823618,23.63134],[72.825991,23.629539],[72.82667,23.628631],[72.826866,23.626818],[72.829252,23.624253],[72.830513,23.621996],[72.830511,23.620869],[72.833374,23.620775],[72.837679,23.620142],[72.837455,23.619485]]],[[[72.865355,23.632527],[72.86405,23.631506],[72.863424,23.631712],[72.86273,23.636146],[72.862294,23.636641],[72.861556,23.636559],[72.861531,23.635735],[72.862209,23.634705],[72.861233,23.632542],[72.860261,23.632528],[72.859416,23.631872],[72.859015,23.630086],[72.858364,23.629689],[72.858691,23.631002],[72.85863,23.632327],[72.86114,23.633472],[72.861545,23.634839],[72.860663,23.636475],[72.861348,23.637416],[72.862557,23.637218],[72.863234,23.636224],[72.863375,23.634721],[72.863882,23.632256],[72.864346,23.632441],[72.864914,23.633381],[72.864127,23.636344],[72.865164,23.637147],[72.866408,23.637199],[72.866561,23.638399],[72.86738,23.638459],[72.867527,23.637717],[72.866961,23.636634],[72.86479,23.63621],[72.864963,23.635137],[72.865447,23.634069],[72.865355,23.632527]]],[[[72.9071,23.675052],[72.907486,23.674202],[72.908372,23.674491],[72.908896,23.674828],[72.91009,23.675102],[72.911129,23.675288],[72.911165,23.675031],[72.910248,23.674961],[72.909849,23.674597],[72.909088,23.674487],[72.908446,23.673761],[72.907524,23.673878],[72.907092,23.673117],[72.905357,23.671897],[72.904894,23.672413],[72.905214,23.672471],[72.905794,23.672235],[72.906238,23.672685],[72.905995,23.67327],[72.906486,23.673706],[72.906889,23.673783],[72.90707,23.674173],[72.906605,23.674998],[72.906863,23.675446],[72.906485,23.675698],[72.906481,23.675985],[72.907227,23.676038],[72.907308,23.676816],[72.908502,23.677412],[72.908516,23.67654],[72.908334,23.67575],[72.9071,23.675052]]],[[[72.961745,23.691515],[72.961452,23.691213],[72.960708,23.691513],[72.960204,23.691375],[72.960287,23.69103],[72.960598,23.691034],[72.961239,23.690696],[72.961415,23.690209],[72.961135,23.689871],[72.961789,23.688685],[72.962244,23.688655],[72.962066,23.689226],[72.962211,23.689897],[72.963231,23.691033],[72.963327,23.691425],[72.963597,23.691367],[72.963204,23.69028],[72.962719,23.689796],[72.96262,23.688672],[72.961924,23.688109],[72.961894,23.68779],[72.961513,23.68726],[72.960829,23.687072],[72.9605,23.686542],[72.960377,23.685262],[72.960529,23.684619],[72.960025,23.683705],[72.959929,23.683226],[72.959255,23.682981],[72.959109,23.682558],[72.958448,23.682513],[72.958184,23.681972],[72.958222,23.68122],[72.957889,23.680965],[72.957669,23.681715],[72.956738,23.681535],[72.95655,23.681975],[72.956341,23.682012],[72.956386,23.682352],[72.957056,23.68228],[72.957475,23.682567],[72.95875,23.682963],[72.958506,23.682956],[72.958344,23.683384],[72.958463,23.684054],[72.958338,23.68459],[72.958129,23.684659],[72.957897,23.685421],[72.957336,23.685664],[72.957305,23.685974],[72.957778,23.68641],[72.957545,23.687196],[72.957833,23.687856],[72.958207,23.68804],[72.958318,23.68754],[72.957789,23.687354],[72.957794,23.68702],[72.9581,23.686546],[72.958068,23.68608],[72.958727,23.685455],[72.958803,23.68474],[72.958605,23.684116],[72.959231,23.683909],[72.959289,23.684292],[72.959811,23.684144],[72.959998,23.684588],[72.960016,23.685914],[72.960513,23.68733],[72.961018,23.687397],[72.961597,23.687703],[72.961693,23.688208],[72.960977,23.689176],[72.960372,23.689717],[72.960613,23.690127],[72.961129,23.690265],[72.961033,23.690598],[72.960692,23.690832],[72.959888,23.690858],[72.959844,23.691144],[72.960034,23.691493],[72.960678,23.691752],[72.961449,23.691404],[72.961613,23.691693],[72.960041,23.692711],[72.960449,23.693219],[72.960641,23.693055],[72.960271,23.692917],[72.96174,23.69185],[72.961745,23.691515]]],[[[72.882402,23.701563],[72.88304,23.701413],[72.883926,23.701511],[72.883198,23.701271],[72.883685,23.701006],[72.883395,23.700629],[72.883742,23.700376],[72.883311,23.700055],[72.882754,23.700792],[72.882206,23.701014],[72.882402,23.701563]]],[[[72.880244,23.701991],[72.880256,23.701303],[72.881443,23.701018],[72.881257,23.700027],[72.881302,23.699153],[72.880576,23.698799],[72.880504,23.699443],[72.880833,23.70025],[72.880763,23.700751],[72.880386,23.700946],[72.879387,23.701119],[72.876883,23.70111],[72.876567,23.701671],[72.878308,23.701419],[72.879621,23.702039],[72.880244,23.701991]]],[[[72.872868,23.716995],[72.871037,23.716531],[72.86789,23.716201],[72.865065,23.715266],[72.862138,23.714588],[72.86046,23.714776],[72.859687,23.714627],[72.858506,23.713373],[72.858213,23.712236],[72.8588,23.710625],[72.858293,23.709764],[72.858031,23.709784],[72.85709,23.709143],[72.856546,23.707598],[72.856418,23.706851],[72.856659,23.703515],[72.856198,23.701373],[72.856344,23.699787],[72.856751,23.700184],[72.858789,23.700852],[72.858694,23.700203],[72.85807,23.700112],[72.85647,23.698012],[72.85585,23.695495],[72.854522,23.693434],[72.853062,23.688981],[72.852012,23.687562],[72.851888,23.687998],[72.849257,23.687808],[72.847069,23.688763],[72.845792,23.689552],[72.845053,23.69051],[72.845679,23.690844],[72.844276,23.691999],[72.843287,23.692025],[72.840333,23.694223],[72.838604,23.694856],[72.836652,23.695217],[72.836061,23.695681],[72.837336,23.696087],[72.840158,23.69463],[72.840791,23.69526],[72.844997,23.692943],[72.846189,23.691455],[72.847043,23.689915],[72.847347,23.689674],[72.848735,23.689059],[72.850785,23.689173],[72.85124,23.688676],[72.851988,23.688992],[72.852849,23.69101],[72.853553,23.69317],[72.854729,23.695014],[72.855024,23.696057],[72.855144,23.698811],[72.855384,23.698866],[72.855439,23.700239],[72.855859,23.703088],[72.855715,23.70557],[72.855783,23.707721],[72.856427,23.709171],[72.856302,23.709194],[72.857951,23.710212],[72.858157,23.710888],[72.857792,23.712288],[72.858234,23.713799],[72.858951,23.71474],[72.859799,23.715225],[72.862894,23.715291],[72.863772,23.7155],[72.866988,23.716927],[72.867277,23.71732],[72.868075,23.717574],[72.869106,23.718276],[72.869292,23.718619],[72.870015,23.718855],[72.869955,23.718457],[72.869294,23.717659],[72.867642,23.716978],[72.867803,23.716827],[72.871638,23.717118],[72.872668,23.717586],[72.871975,23.718723],[72.87119,23.719139],[72.871559,23.719327],[72.873121,23.718429],[72.873186,23.717617],[72.872868,23.716995]]],[[[72.873966,23.721934],[72.874873,23.720913],[72.875454,23.720812],[72.876282,23.71947],[72.877275,23.718229],[72.878944,23.718503],[72.879764,23.718883],[72.880254,23.718397],[72.879404,23.718181],[72.878833,23.717417],[72.877179,23.717288],[72.876186,23.718208],[72.873696,23.721399],[72.873205,23.721249],[72.871634,23.720058],[72.871529,23.720308],[72.87171,23.720742],[72.87221,23.721306],[72.87348,23.722105],[72.873966,23.721934]]],[[[72.828339,23.720754],[72.827143,23.720608],[72.826767,23.722609],[72.82686,23.722928],[72.827783,23.722394],[72.828187,23.721483],[72.828339,23.720754]]],[[[72.845757,23.72388],[72.847872,23.723084],[72.84896,23.723214],[72.849092,23.723718],[72.849549,23.72387],[72.849712,23.722623],[72.848894,23.722336],[72.847935,23.72237],[72.847439,23.722949],[72.846359,23.723293],[72.845615,23.723313],[72.845167,23.723594],[72.845121,23.723973],[72.845636,23.724687],[72.846358,23.726595],[72.846789,23.726374],[72.846472,23.725917],[72.846187,23.724797],[72.845723,23.724371],[72.845757,23.72388]]],[[[72.934982,23.733574],[72.934584,23.732046],[72.936137,23.733913],[72.937788,23.734067],[72.938091,23.734278],[72.939269,23.734182],[72.94198,23.732515],[72.94211,23.731615],[72.941426,23.73159],[72.940902,23.732458],[72.939868,23.732265],[72.939116,23.732643],[72.938437,23.732455],[72.935844,23.732391],[72.934877,23.73196],[72.93386,23.731283],[72.933881,23.731409],[72.932748,23.731245],[72.931524,23.730721],[72.93139,23.728897],[72.930496,23.72799],[72.927405,23.726604],[72.923956,23.727798],[72.923341,23.727451],[72.92332,23.727015],[72.92202,23.727175],[72.920509,23.728095],[72.919695,23.72837],[72.918985,23.727182],[72.920159,23.72726],[72.9204,23.726996],[72.919539,23.727108],[72.917926,23.725725],[72.917914,23.724004],[72.916889,23.723756],[72.916087,23.723872],[72.914188,23.723345],[72.913273,23.722186],[72.912385,23.721744],[72.910848,23.722942],[72.908973,23.723382],[72.908317,23.722952],[72.907927,23.723046],[72.905874,23.722444],[72.903775,23.722308],[72.902978,23.721008],[72.903442,23.720956],[72.902442,23.720226],[72.902464,23.721538],[72.903298,23.722911],[72.906788,23.723675],[72.907679,23.723938],[72.908563,23.724448],[72.909121,23.72385],[72.910834,23.723837],[72.912405,23.722927],[72.913065,23.723043],[72.913985,23.723916],[72.915653,23.724225],[72.916976,23.724279],[72.916795,23.725889],[72.916951,23.726635],[72.91805,23.727044],[72.91875,23.728422],[72.919781,23.728974],[72.922654,23.727581],[72.924923,23.728555],[72.925734,23.72848],[72.926208,23.728056],[72.925996,23.728013],[72.927036,23.727376],[72.929102,23.727971],[72.931056,23.72955],[72.930782,23.730453],[72.930817,23.730949],[72.931243,23.732061],[72.932125,23.731684],[72.93416,23.732189],[72.934619,23.733927],[72.935377,23.734985],[72.935532,23.734367],[72.934982,23.733574]]],[[[72.810732,23.728881],[72.810549,23.72779],[72.809918,23.729049],[72.808908,23.733457],[72.809752,23.733919],[72.81011,23.731172],[72.810885,23.728914],[72.810732,23.728881]]],[[[72.855586,23.732473],[72.855031,23.732107],[72.854438,23.732199],[72.853523,23.732],[72.852944,23.731218],[72.849934,23.730603],[72.849333,23.730236],[72.848797,23.730644],[72.848045,23.730417],[72.848061,23.730892],[72.847102,23.730503],[72.847253,23.730766],[72.847873,23.730989],[72.849523,23.730969],[72.851557,23.731299],[72.852949,23.731891],[72.853931,23.732722],[72.855344,23.732957],[72.855069,23.733598],[72.855029,23.734156],[72.855205,23.734789],[72.856251,23.735606],[72.856427,23.736239],[72.856414,23.737027],[72.857072,23.738116],[72.85753,23.738054],[72.856942,23.737092],[72.856504,23.735366],[72.855406,23.733961],[72.855856,23.733078],[72.855586,23.732473]]],[[[72.957541,23.739888],[72.958133,23.739394],[72.957601,23.738539],[72.958594,23.738959],[72.958741,23.738662],[72.958963,23.738605],[72.958944,23.73845],[72.95856,23.73866],[72.958235,23.738655],[72.957539,23.738407],[72.957482,23.738705],[72.957859,23.739463],[72.957715,23.739556],[72.956749,23.739101],[72.95544,23.738989],[72.955406,23.738725],[72.955838,23.738456],[72.955738,23.73824],[72.955407,23.737782],[72.954368,23.737051],[72.954249,23.736357],[72.953995,23.735971],[72.953684,23.735955],[72.953368,23.736262],[72.953365,23.736489],[72.952874,23.73641],[72.952544,23.736642],[72.953048,23.736807],[72.953503,23.736777],[72.953653,23.736301],[72.953784,23.736196],[72.954042,23.73633],[72.953981,23.736927],[72.955389,23.738116],[72.955501,23.738416],[72.955159,23.73871],[72.955155,23.739005],[72.95558,23.739194],[72.956953,23.739367],[72.957541,23.739888]]],[[[72.96757,23.740634],[72.966175,23.739243],[72.965218,23.739209],[72.964903,23.738402],[72.965773,23.737553],[72.965787,23.736622],[72.964833,23.735391],[72.964541,23.736677],[72.963885,23.737694],[72.96306,23.737931],[72.962478,23.737827],[72.960424,23.738099],[72.960313,23.738516],[72.960611,23.738555],[72.960649,23.739475],[72.961407,23.739127],[72.961414,23.738649],[72.961743,23.738367],[72.962769,23.738333],[72.963046,23.73885],[72.963435,23.738855],[72.963829,23.738562],[72.964286,23.739177],[72.964557,23.739313],[72.964652,23.739189],[72.965254,23.740058],[72.965476,23.739754],[72.966128,23.739892],[72.966639,23.74007],[72.967399,23.740709],[72.96757,23.740634]]],[[[72.859862,23.748411],[72.859745,23.74744],[72.858954,23.747848],[72.858303,23.74723],[72.858321,23.746073],[72.858759,23.745899],[72.85822,23.745005],[72.857968,23.745203],[72.857889,23.747151],[72.858252,23.747801],[72.859862,23.748411]]],[[[72.975868,23.756941],[72.976089,23.75606],[72.976478,23.756065],[72.976235,23.754187],[72.975769,23.753167],[72.975653,23.753612],[72.975887,23.755699],[72.975661,23.756902],[72.975868,23.756941]]],[[[72.860996,23.757044],[72.860887,23.756689],[72.860346,23.756758],[72.859454,23.756067],[72.859223,23.756041],[72.859344,23.756206],[72.859003,23.756376],[72.858548,23.755663],[72.857542,23.75497],[72.857733,23.754676],[72.8576,23.75456],[72.857678,23.753606],[72.858434,23.753432],[72.858715,23.752933],[72.858519,23.751697],[72.858859,23.751224],[72.858908,23.750642],[72.858168,23.748386],[72.857913,23.748115],[72.858087,23.747747],[72.85795,23.747368],[72.857422,23.748687],[72.857503,23.750909],[72.8573,23.753773],[72.856568,23.755662],[72.856618,23.756205],[72.857133,23.756465],[72.857571,23.756318],[72.857738,23.756932],[72.858537,23.756972],[72.85909,23.756798],[72.859326,23.757165],[72.859793,23.75687],[72.860612,23.757019],[72.861175,23.757304],[72.861475,23.757201],[72.860996,23.757044]]],[[[72.861404,23.763934],[72.861794,23.763741],[72.860625,23.760953],[72.86093,23.76004],[72.860879,23.7594],[72.860496,23.758697],[72.860529,23.757952],[72.860265,23.757724],[72.86012,23.757855],[72.859862,23.757639],[72.859378,23.757687],[72.85948,23.757976],[72.859973,23.758279],[72.860643,23.759836],[72.860258,23.761149],[72.86084,23.76238],[72.861241,23.763887],[72.861419,23.763755],[72.861404,23.763934]]],[[[72.965189,23.764516],[72.965085,23.763176],[72.964481,23.762653],[72.963297,23.7626],[72.962814,23.763032],[72.962139,23.763033],[72.960866,23.762805],[72.959766,23.762103],[72.958197,23.761569],[72.955442,23.760995],[72.953298,23.760785],[72.952807,23.76032],[72.952733,23.759956],[72.952799,23.759469],[72.953669,23.757389],[72.953437,23.756715],[72.952362,23.755603],[72.95223,23.754939],[72.951999,23.754607],[72.950547,23.753048],[72.950265,23.753359],[72.951979,23.755897],[72.952848,23.757592],[72.952265,23.760021],[72.952827,23.761426],[72.952756,23.761692],[72.9557,23.762031],[72.956242,23.761703],[72.956959,23.761655],[72.95787,23.761849],[72.961359,23.763546],[72.962566,23.763561],[72.964127,23.763295],[72.964663,23.763876],[72.964765,23.764845],[72.966488,23.766058],[72.967116,23.765192],[72.965867,23.764993],[72.965189,23.764516]]],[[[72.941719,23.762],[72.941845,23.761368],[72.942286,23.761386],[72.942601,23.761187],[72.942229,23.760095],[72.941797,23.759516],[72.941689,23.758908],[72.941689,23.759179],[72.9415,23.759224],[72.941601,23.759609],[72.94211,23.760237],[72.942318,23.76104],[72.941692,23.761211],[72.941674,23.762357],[72.941363,23.763189],[72.940821,23.763803],[72.941572,23.765533],[72.942081,23.766221],[72.942749,23.76666],[72.943322,23.767324],[72.942877,23.768393],[72.942341,23.768798],[72.942903,23.7687],[72.943761,23.767473],[72.943268,23.766643],[72.942086,23.765898],[72.94118,23.764083],[72.941185,23.76376],[72.941888,23.76279],[72.941934,23.762337],[72.941719,23.762]]],[[[72.83611,23.769294],[72.835907,23.768844],[72.835158,23.769272],[72.834745,23.770652],[72.834985,23.771327],[72.835642,23.771386],[72.835655,23.769985],[72.83611,23.769294]]],[[[72.944558,23.78853],[72.945074,23.787462],[72.945501,23.787009],[72.945576,23.78625],[72.945451,23.785231],[72.945052,23.784133],[72.945183,23.784082],[72.944573,23.783513],[72.943453,23.783078],[72.942987,23.782694],[72.942784,23.78206],[72.942768,23.780648],[72.942628,23.78073],[72.941981,23.778327],[72.941674,23.778647],[72.942492,23.783191],[72.943189,23.783397],[72.94405,23.783885],[72.945031,23.785226],[72.945186,23.786231],[72.944988,23.786959],[72.944253,23.788125],[72.943989,23.788078],[72.944147,23.788969],[72.944025,23.789784],[72.944872,23.791387],[72.945069,23.793711],[72.94498,23.794312],[72.945342,23.794223],[72.945412,23.792712],[72.945108,23.791232],[72.944784,23.790998],[72.944244,23.789687],[72.944558,23.78853]]],[[[72.974153,23.798757],[72.971796,23.798406],[72.970841,23.798723],[72.970577,23.798648],[72.970627,23.798448],[72.971193,23.798097],[72.971496,23.797671],[72.971135,23.796864],[72.970612,23.796441],[72.970432,23.795966],[72.969661,23.795469],[72.969542,23.795137],[72.970035,23.794484],[72.970058,23.793997],[72.969908,23.793637],[72.969793,23.791959],[72.96922,23.790776],[72.969275,23.790218],[72.970101,23.789211],[72.970568,23.788297],[72.970752,23.788402],[72.971581,23.788198],[72.972801,23.788888],[72.973009,23.789521],[72.973539,23.789485],[72.97338,23.788709],[72.972637,23.788398],[72.972477,23.787651],[72.972066,23.787044],[72.971188,23.787405],[72.970842,23.787342],[72.970637,23.787692],[72.970672,23.786896],[72.970785,23.785465],[72.971057,23.78462],[72.972983,23.785144],[72.973841,23.78334],[72.973784,23.78033],[72.974276,23.778759],[72.973653,23.775407],[72.975104,23.772972],[72.974642,23.771615],[72.974184,23.772523],[72.974303,23.773241],[72.973838,23.773922],[72.972952,23.774597],[72.972779,23.775282],[72.9735,23.779024],[72.972807,23.779731],[72.972938,23.781162],[72.973265,23.781592],[72.973392,23.782214],[72.973222,23.78398],[72.972898,23.784632],[72.972026,23.784607],[72.971282,23.784339],[72.970955,23.784363],[72.97064,23.784603],[72.970412,23.785259],[72.970016,23.78875],[72.969673,23.789335],[72.96863,23.790359],[72.969462,23.792064],[72.969459,23.793067],[72.96967,23.793751],[72.969662,23.794265],[72.969474,23.79462],[72.969299,23.794653],[72.968867,23.796079],[72.969199,23.796703],[72.969814,23.797179],[72.969756,23.797598],[72.970326,23.798303],[72.970209,23.798598],[72.970431,23.799014],[72.972149,23.798715],[72.973712,23.799057],[72.974311,23.799314],[72.974557,23.800161],[72.974875,23.800019],[72.974827,23.799531],[72.974153,23.798757]]],[[[72.806637,23.817291],[72.806931,23.816714],[72.806714,23.815846],[72.807924,23.814113],[72.808187,23.81312],[72.810593,23.811291],[72.81069,23.810182],[72.811912,23.806975],[72.812607,23.806579],[72.812468,23.806393],[72.812773,23.80595],[72.813085,23.806138],[72.813829,23.805597],[72.814419,23.803653],[72.815445,23.802401],[72.816069,23.800697],[72.815799,23.79905],[72.815403,23.798292],[72.815133,23.798238],[72.815094,23.797272],[72.810966,23.789522],[72.809671,23.787807],[72.809911,23.787405],[72.813496,23.788793],[72.815825,23.790833],[72.818984,23.791283],[72.819835,23.793159],[72.821155,23.793416],[72.822055,23.793275],[72.82302,23.79339],[72.824982,23.792844],[72.825303,23.792256],[72.826071,23.792267],[72.82704,23.792701],[72.828552,23.792933],[72.830035,23.793661],[72.830243,23.794906],[72.830508,23.795206],[72.831686,23.795538],[72.832365,23.795967],[72.832624,23.796583],[72.832258,23.797602],[72.832709,23.800212],[72.834491,23.802196],[72.834814,23.802755],[72.834823,23.803462],[72.835471,23.804465],[72.835334,23.805227],[72.834785,23.805793],[72.834754,23.806404],[72.835858,23.80747],[72.836501,23.807498],[72.837651,23.807056],[72.838682,23.806249],[72.839945,23.806458],[72.840562,23.806848],[72.842058,23.806831],[72.844954,23.80754],[72.845023,23.807708],[72.845865,23.807706],[72.846523,23.808078],[72.846177,23.808895],[72.845485,23.809306],[72.845357,23.810776],[72.845941,23.811892],[72.847965,23.812608],[72.85009,23.812542],[72.849599,23.812066],[72.848203,23.812038],[72.84663,23.811672],[72.846048,23.810441],[72.846463,23.809205],[72.846902,23.80868],[72.84694,23.807969],[72.846533,23.807467],[72.845793,23.807128],[72.845664,23.807264],[72.844521,23.806885],[72.840281,23.806252],[72.839456,23.805916],[72.838563,23.805884],[72.836756,23.807139],[72.836072,23.807053],[72.835661,23.806799],[72.835398,23.806356],[72.835327,23.805628],[72.836061,23.805237],[72.836088,23.804829],[72.835341,23.803546],[72.835108,23.802587],[72.834171,23.801446],[72.833176,23.799829],[72.833199,23.799495],[72.832879,23.798784],[72.832882,23.797312],[72.833132,23.797188],[72.832905,23.795918],[72.8326,23.795569],[72.831198,23.794938],[72.8307,23.79367],[72.830149,23.793089],[72.828625,23.792303],[72.825893,23.791768],[72.825393,23.791837],[72.825015,23.792119],[72.824673,23.792649],[72.823277,23.792935],[72.821945,23.792849],[72.820617,23.792955],[72.819971,23.792826],[72.819846,23.790985],[72.819283,23.790634],[72.818838,23.790684],[72.81571,23.789899],[72.815232,23.788985],[72.814941,23.78781],[72.814354,23.787205],[72.813368,23.787143],[72.812531,23.787537],[72.810933,23.78687],[72.809458,23.78661],[72.80871,23.786313],[72.807487,23.78491],[72.806865,23.783324],[72.806609,23.781553],[72.806774,23.781006],[72.806765,23.780003],[72.806082,23.778942],[72.805317,23.778143],[72.803343,23.776658],[72.80317,23.776248],[72.802922,23.776276],[72.802557,23.775548],[72.801487,23.774362],[72.800039,23.770973],[72.799678,23.769248],[72.796299,23.763877],[72.79599,23.761695],[72.79604,23.758758],[72.79646,23.756901],[72.796497,23.754704],[72.797374,23.751969],[72.798092,23.750952],[72.799482,23.750065],[72.800835,23.748292],[72.801744,23.746681],[72.80174,23.745415],[72.801289,23.744453],[72.800953,23.741295],[72.801289,23.738266],[72.80122,23.736187],[72.801935,23.733785],[72.80326,23.732132],[72.804506,23.731595],[72.804336,23.731501],[72.806175,23.729832],[72.807668,23.727883],[72.809947,23.725407],[72.811115,23.723423],[72.812659,23.718369],[72.813726,23.716622],[72.815519,23.710198],[72.818919,23.702692],[72.822245,23.697662],[72.823804,23.695594],[72.82392,23.695641],[72.825064,23.693878],[72.82599,23.694296],[72.826825,23.693473],[72.827819,23.693949],[72.828693,23.696021],[72.829885,23.696486],[72.831406,23.696627],[72.83281,23.696049],[72.834126,23.694933],[72.83504,23.696172],[72.835456,23.695489],[72.835329,23.69484],[72.834566,23.693934],[72.833726,23.693773],[72.832349,23.69471],[72.832217,23.695031],[72.831008,23.695525],[72.829833,23.695809],[72.829539,23.695702],[72.829206,23.69526],[72.82806,23.69344],[72.826978,23.692728],[72.829421,23.690235],[72.831037,23.689004],[72.831962,23.687154],[72.832059,23.686044],[72.831421,23.684602],[72.831799,23.682923],[72.832778,23.680142],[72.833325,23.677677],[72.834467,23.674469],[72.835463,23.670684],[72.83534,23.668712],[72.8355,23.666063],[72.835373,23.664341],[72.834929,23.662973],[72.833685,23.660555],[72.832206,23.658277],[72.830178,23.656495],[72.829119,23.657366],[72.830767,23.658945],[72.83377,23.663352],[72.834563,23.668377],[72.834042,23.673564],[72.832825,23.67611],[72.831746,23.679378],[72.831182,23.680502],[72.830803,23.683355],[72.830802,23.686371],[72.830571,23.687621],[72.830101,23.688574],[72.829443,23.68935],[72.825643,23.692591],[72.824451,23.693791],[72.820071,23.69992],[72.818285,23.702728],[72.816926,23.705919],[72.814816,23.709169],[72.813593,23.714139],[72.811953,23.718079],[72.810715,23.722589],[72.809022,23.725396],[72.807943,23.726606],[72.807428,23.727472],[72.805862,23.729449],[72.805014,23.73027],[72.802055,23.732517],[72.801025,23.73407],[72.800558,23.735532],[72.800459,23.737045],[72.800758,23.746065],[72.798082,23.750358],[72.797465,23.750792],[72.796772,23.751753],[72.796153,23.75364],[72.795832,23.757134],[72.794845,23.759391],[72.794761,23.760993],[72.795402,23.763991],[72.796264,23.765409],[72.797591,23.769663],[72.798174,23.77104],[72.798541,23.771731],[72.799483,23.772679],[72.799624,23.773329],[72.800693,23.774919],[72.802632,23.778343],[72.804158,23.779154],[72.804957,23.781004],[72.805387,23.784808],[72.809971,23.790057],[72.811642,23.792565],[72.812362,23.794558],[72.81208,23.795389],[72.814413,23.798007],[72.814432,23.798549],[72.813701,23.799727],[72.812861,23.80207],[72.810911,23.80578],[72.804901,23.813095],[72.803173,23.814467],[72.80094,23.815265],[72.799753,23.815359],[72.796951,23.815069],[72.795862,23.815606],[72.796123,23.816581],[72.797771,23.816519],[72.799448,23.816865],[72.799363,23.816793],[72.802403,23.816657],[72.804418,23.817259],[72.806637,23.817291]]],[[[72.93074,23.822081],[72.929751,23.821399],[72.928832,23.821232],[72.928606,23.819963],[72.92781,23.819367],[72.927102,23.818987],[72.92659,23.819374],[72.92624,23.81931],[72.925369,23.818557],[72.92426,23.818089],[72.923081,23.817141],[72.921617,23.81693],[72.920183,23.816505],[72.919584,23.815792],[72.919735,23.815244],[72.920802,23.81443],[72.919098,23.812405],[72.918936,23.812606],[72.918604,23.812575],[72.917843,23.812192],[72.917911,23.810676],[72.917598,23.810352],[72.916878,23.810143],[72.916857,23.809707],[72.91571,23.807989],[72.915907,23.807867],[72.915982,23.807363],[72.917621,23.806311],[72.918135,23.806379],[72.917799,23.804804],[72.916056,23.804207],[72.916597,23.802029],[72.91532,23.801695],[72.914826,23.800751],[72.916617,23.798338],[72.91691,23.797052],[72.916794,23.794543],[72.917273,23.793797],[72.917448,23.792581],[72.916648,23.791495],[72.91663,23.789882],[72.916219,23.788314],[72.91433,23.786612],[72.914572,23.785139],[72.914049,23.784688],[72.912465,23.784422],[72.911977,23.783785],[72.91176,23.783104],[72.909672,23.781355],[72.90752,23.780027],[72.90779,23.778769],[72.907655,23.777478],[72.90691,23.77658],[72.90669,23.776418],[72.905679,23.776376],[72.904645,23.776805],[72.904249,23.777159],[72.903361,23.777176],[72.902835,23.776954],[72.902189,23.776414],[72.902883,23.773959],[72.903521,23.772855],[72.902961,23.771652],[72.902436,23.771856],[72.902325,23.771017],[72.902825,23.770896],[72.90332,23.769318],[72.904226,23.769036],[72.902287,23.766143],[72.901726,23.762266],[72.900112,23.760954],[72.899812,23.760269],[72.897613,23.758985],[72.897626,23.758197],[72.898193,23.756843],[72.897242,23.755469],[72.897655,23.755414],[72.897026,23.754319],[72.895516,23.753833],[72.894265,23.751773],[72.894224,23.75021],[72.893792,23.749689],[72.893147,23.746204],[72.892218,23.745905],[72.892045,23.744577],[72.891526,23.742957],[72.892658,23.742758],[72.890818,23.741013],[72.890561,23.740042],[72.889941,23.739093],[72.889636,23.739083],[72.889481,23.738223],[72.889507,23.736656],[72.888407,23.735323],[72.885625,23.734052],[72.88577,23.734259],[72.885549,23.734384],[72.885524,23.734628],[72.887284,23.73546],[72.888184,23.736313],[72.88831,23.737512],[72.888466,23.737662],[72.888234,23.739508],[72.888813,23.739803],[72.889811,23.740676],[72.8905,23.743839],[72.891147,23.744744],[72.891434,23.746217],[72.892427,23.747448],[72.89288,23.750751],[72.893479,23.752193],[72.894579,23.754035],[72.896916,23.756324],[72.896979,23.757293],[72.896638,23.759115],[72.89795,23.759814],[72.899021,23.761011],[72.899703,23.762203],[72.901431,23.766132],[72.90258,23.767294],[72.902874,23.768732],[72.901939,23.770869],[72.902479,23.774478],[72.902346,23.775013],[72.901763,23.775512],[72.902038,23.77743],[72.902767,23.778049],[72.904409,23.777641],[72.905589,23.776905],[72.906984,23.777318],[72.907008,23.780722],[72.908636,23.781174],[72.910555,23.78292],[72.911482,23.783363],[72.912048,23.784517],[72.913711,23.78522],[72.913723,23.786869],[72.916064,23.78905],[72.915987,23.79145],[72.916979,23.792718],[72.915856,23.794781],[72.916298,23.796363],[72.915339,23.797855],[72.915397,23.79911],[72.914403,23.800387],[72.914384,23.801605],[72.916061,23.802396],[72.916068,23.802754],[72.91551,23.803583],[72.915502,23.80409],[72.91613,23.804578],[72.916556,23.80472],[72.917064,23.805455],[72.916911,23.806062],[72.915623,23.806889],[72.915536,23.808098],[72.916232,23.809039],[72.916388,23.809973],[72.917136,23.810907],[72.916768,23.810977],[72.917496,23.811536],[72.917204,23.812681],[72.918728,23.813173],[72.919561,23.81328],[72.92013,23.813926],[72.919201,23.815295],[72.919521,23.816472],[72.920034,23.816861],[72.923255,23.817645],[72.923813,23.818429],[72.925048,23.819162],[72.925835,23.81946],[72.925902,23.820168],[72.926355,23.820204],[72.926324,23.819777],[72.926765,23.819747],[72.92707,23.819345],[72.927972,23.819811],[72.928506,23.820511],[72.928418,23.821166],[72.928711,23.821505],[72.929709,23.82159],[72.930467,23.822114],[72.930786,23.82244],[72.930599,23.822813],[72.931813,23.822955],[72.931955,23.822456],[72.931748,23.822187],[72.93074,23.822081]]],[[[72.883298,23.82139],[72.88179,23.82055],[72.881423,23.820744],[72.883523,23.821931],[72.88689,23.823267],[72.889255,23.823944],[72.890144,23.82435],[72.890478,23.825358],[72.890375,23.826933],[72.891429,23.829205],[72.892858,23.829977],[72.895622,23.830015],[72.896512,23.830385],[72.896789,23.831545],[72.897535,23.831239],[72.897251,23.830467],[72.89555,23.829692],[72.892592,23.829508],[72.891407,23.82813],[72.891316,23.826536],[72.891175,23.826435],[72.891046,23.825573],[72.891281,23.824761],[72.888822,23.822959],[72.887365,23.8228],[72.886377,23.822245],[72.885232,23.822205],[72.883298,23.82139]]],[[[72.910093,23.838025],[72.910151,23.837382],[72.909371,23.837404],[72.907285,23.836986],[72.906654,23.837095],[72.906119,23.836431],[72.905999,23.835627],[72.905706,23.835169],[72.905408,23.834999],[72.90465,23.83493],[72.90478,23.834313],[72.904439,23.833874],[72.903907,23.834003],[72.904681,23.835943],[72.90498,23.836244],[72.905564,23.836244],[72.905626,23.836893],[72.906579,23.837759],[72.910173,23.838383],[72.911084,23.838076],[72.910093,23.838025]]],[[[72.79089,23.824025],[72.792774,23.818509],[72.789552,23.821904],[72.788695,23.825746],[72.788562,23.826897],[72.788772,23.828956],[72.788613,23.831416],[72.788696,23.833226],[72.789488,23.840619],[72.792427,23.839042],[72.792423,23.836946],[72.791864,23.835469],[72.791204,23.830765],[72.791196,23.826645],[72.79089,23.824025]]],[[[72.902932,23.840818],[72.902008,23.839337],[72.901038,23.839085],[72.900602,23.838792],[72.900469,23.838157],[72.900165,23.837675],[72.899601,23.837238],[72.899324,23.836708],[72.899341,23.835669],[72.898318,23.834652],[72.898066,23.834183],[72.897959,23.833242],[72.897626,23.833765],[72.89785,23.834682],[72.899024,23.835964],[72.898921,23.836739],[72.90014,23.838451],[72.900157,23.838852],[72.900477,23.839292],[72.901364,23.839767],[72.901885,23.839753],[72.902331,23.840237],[72.902618,23.840981],[72.904326,23.842151],[72.904548,23.842895],[72.904829,23.843209],[72.905038,23.843367],[72.905429,23.843088],[72.904885,23.842923],[72.904498,23.841974],[72.902932,23.840818]]],[[[72.911629,23.847518],[72.913707,23.84756],[72.913853,23.847418],[72.913381,23.847241],[72.911785,23.847183],[72.911451,23.84614],[72.910377,23.845122],[72.909091,23.84514],[72.907494,23.842682],[72.906649,23.841954],[72.905815,23.843],[72.906107,23.843264],[72.906828,23.842888],[72.908463,23.845382],[72.910059,23.845476],[72.910314,23.845383],[72.910811,23.845882],[72.911064,23.846316],[72.911156,23.847057],[72.911629,23.847518]]],[[[72.863401,23.852777],[72.863876,23.85267],[72.863897,23.852298],[72.863295,23.852065],[72.862686,23.851197],[72.861834,23.850899],[72.861558,23.850637],[72.861538,23.849992],[72.861277,23.84973],[72.860503,23.849404],[72.860504,23.848401],[72.860156,23.847758],[72.860357,23.847552],[72.86169,23.846997],[72.861204,23.845772],[72.862347,23.844964],[72.863754,23.844661],[72.864664,23.84385],[72.864707,23.843445],[72.864305,23.842792],[72.864834,23.842342],[72.864903,23.841879],[72.864154,23.841907],[72.861953,23.843634],[72.86188,23.844335],[72.860337,23.845288],[72.859066,23.846775],[72.856829,23.846124],[72.856254,23.846307],[72.854522,23.847453],[72.853485,23.847319],[72.85225,23.846633],[72.850614,23.845058],[72.848023,23.842962],[72.847554,23.843056],[72.847015,23.842743],[72.846304,23.842587],[72.846309,23.842332],[72.845052,23.8408],[72.844146,23.839038],[72.843916,23.837696],[72.843437,23.836398],[72.842631,23.83574],[72.842673,23.835215],[72.842052,23.834669],[72.841083,23.834161],[72.840584,23.833987],[72.839745,23.834155],[72.839517,23.834568],[72.838371,23.835555],[72.837238,23.835718],[72.835661,23.834549],[72.834764,23.834608],[72.83282,23.834366],[72.831371,23.834847],[72.830794,23.836738],[72.828599,23.837603],[72.82733,23.836618],[72.825781,23.836023],[72.824393,23.835215],[72.824027,23.833776],[72.824211,23.83364],[72.823652,23.831891],[72.823127,23.831721],[72.822821,23.831359],[72.821771,23.831236],[72.820172,23.831393],[72.818778,23.830907],[72.818416,23.829254],[72.817808,23.82835],[72.816521,23.828439],[72.815112,23.828807],[72.814474,23.828755],[72.81342,23.827943],[72.811717,23.826938],[72.810733,23.825718],[72.810408,23.825707],[72.810016,23.824827],[72.810575,23.823975],[72.813979,23.823056],[72.814927,23.822281],[72.816879,23.817328],[72.817255,23.815793],[72.816933,23.814479],[72.81679,23.81435],[72.816547,23.814402],[72.816713,23.815606],[72.816215,23.817462],[72.815156,23.820242],[72.814115,23.821911],[72.812777,23.822752],[72.809995,23.823716],[72.809355,23.824746],[72.810458,23.826677],[72.812383,23.828023],[72.813505,23.829435],[72.815541,23.829557],[72.816376,23.829457],[72.816862,23.829035],[72.817509,23.829164],[72.818171,23.830338],[72.818344,23.831594],[72.818739,23.832153],[72.820128,23.831709],[72.821426,23.831727],[72.822623,23.831953],[72.823296,23.83244],[72.823419,23.834801],[72.823829,23.835523],[72.82874,23.838259],[72.82995,23.837552],[72.829985,23.838244],[72.831222,23.837411],[72.832032,23.837321],[72.831508,23.836378],[72.831553,23.835602],[72.832403,23.835256],[72.835103,23.834906],[72.835907,23.835365],[72.83657,23.836479],[72.837246,23.836817],[72.837896,23.836766],[72.839839,23.835092],[72.840328,23.834949],[72.841388,23.835621],[72.842371,23.837068],[72.842672,23.837645],[72.843077,23.839467],[72.843988,23.841361],[72.844845,23.842537],[72.847417,23.844063],[72.847644,23.843843],[72.849442,23.845209],[72.85041,23.846393],[72.853843,23.848161],[72.854339,23.847999],[72.854813,23.84814],[72.857079,23.847221],[72.858486,23.847634],[72.859625,23.848301],[72.859906,23.848013],[72.860223,23.848454],[72.860307,23.848986],[72.860187,23.849686],[72.86104,23.849899],[72.861304,23.850949],[72.862402,23.851408],[72.863274,23.852409],[72.863401,23.852777]],[[72.862337,23.844026],[72.864078,23.842862],[72.864132,23.843807],[72.863658,23.844216],[72.863095,23.844309],[72.862337,23.844026]]],[[[72.901399,23.855899],[72.902692,23.855455],[72.903425,23.855408],[72.903741,23.855559],[72.904676,23.855132],[72.903446,23.854559],[72.901569,23.854999],[72.898555,23.853334],[72.895107,23.852295],[72.894484,23.851128],[72.894462,23.851247],[72.893149,23.850477],[72.89089,23.850446],[72.890125,23.849575],[72.890197,23.84757],[72.889968,23.844843],[72.889279,23.844082],[72.888811,23.841746],[72.887188,23.8409],[72.886172,23.841208],[72.885497,23.841916],[72.88483,23.842229],[72.881337,23.841393],[72.879575,23.841978],[72.878058,23.841849],[72.877378,23.84055],[72.876565,23.840216],[72.875552,23.840238],[72.874663,23.839832],[72.873632,23.839807],[72.872131,23.840531],[72.871301,23.840481],[72.870706,23.839939],[72.870569,23.840062],[72.869405,23.839795],[72.868191,23.840172],[72.866959,23.83998],[72.866858,23.840363],[72.868262,23.840567],[72.869903,23.840268],[72.871256,23.840895],[72.872149,23.841123],[72.873486,23.840353],[72.876713,23.840684],[72.877512,23.841842],[72.878544,23.842366],[72.879645,23.842444],[72.880938,23.841996],[72.882495,23.842089],[72.884161,23.84265],[72.885134,23.842699],[72.886268,23.841843],[72.887098,23.841651],[72.888531,23.842172],[72.888735,23.844002],[72.889303,23.845013],[72.889483,23.845912],[72.889303,23.847414],[72.889354,23.849099],[72.889156,23.849105],[72.889449,23.850426],[72.890903,23.851495],[72.892047,23.851518],[72.89263,23.851294],[72.894064,23.851743],[72.894823,23.853008],[72.896492,23.853353],[72.898504,23.854205],[72.899964,23.855479],[72.900543,23.855809],[72.901399,23.855899]]],[[[72.871389,23.85648],[72.871888,23.856158],[72.872176,23.856273],[72.872529,23.855998],[72.873622,23.85587],[72.873667,23.855476],[72.871838,23.855343],[72.871345,23.854512],[72.869677,23.854095],[72.869422,23.852684],[72.868921,23.852705],[72.868044,23.852312],[72.867666,23.853156],[72.868141,23.852712],[72.869174,23.853909],[72.870521,23.854895],[72.870785,23.855436],[72.870696,23.856017],[72.871389,23.85648]]],[[[72.878654,23.859338],[72.877649,23.858004],[72.877522,23.858174],[72.877869,23.858542],[72.877852,23.858972],[72.878594,23.860078],[72.87873,23.85993],[72.878654,23.859338]]],[[[72.881759,23.861836],[72.880915,23.860198],[72.880409,23.85996],[72.879933,23.860041],[72.87981,23.859678],[72.879287,23.859431],[72.879918,23.860769],[72.880422,23.860613],[72.880795,23.861325],[72.881342,23.861523],[72.881557,23.861939],[72.881759,23.861836]]]]}},{"type":"Feature","properties":{"source_id":4,"lulc_class":"Rocks"},"geometry":{"type":"MultiPolygon","coordinates":[[[[72.840761,23.622529],[72.840342,23.622019],[72.839932,23.622453],[72.840068,23.622861],[72.84045,23.623297],[72.841084,23.623389],[72.841032,23.622569],[72.840761,23.622529]]],[[[72.857078,23.635351],[72.857265,23.634073],[72.856415,23.63408],[72.855801,23.634817],[72.855985,23.635614],[72.857078,23.635351]]],[[[72.868804,23.646923],[72.868967,23.646126],[72.870629,23.646545],[72.871067,23.646058],[72.870317,23.645727],[72.869808,23.645165],[72.870899,23.644812],[72.871377,23.644424],[72.871308,23.64406],[72.870999,23.64378],[72.870516,23.643744],[72.869756,23.644377],[72.868904,23.644525],[72.868419,23.643738],[72.867708,23.643753],[72.867157,23.644452],[72.867554,23.645547],[72.867946,23.645708],[72.867924,23.647062],[72.868071,23.647728],[72.868643,23.647907],[72.868692,23.647407],[72.868966,23.647344],[72.868804,23.646923]]],[[[72.854852,23.688919],[72.854223,23.687463],[72.853833,23.687486],[72.853794,23.689039],[72.854852,23.688919]]],[[[72.885232,23.690999],[72.885341,23.690284],[72.885856,23.69053],[72.886277,23.689882],[72.886015,23.689884],[72.885983,23.689535],[72.885371,23.689621],[72.885338,23.689271],[72.885023,23.689208],[72.884413,23.689857],[72.884583,23.69105],[72.885232,23.690999]]],[[[72.875914,23.718579],[72.876819,23.717572],[72.877179,23.717288],[72.87609,23.717148],[72.875844,23.71748],[72.87495,23.717898],[72.875087,23.7181],[72.875884,23.717882],[72.875733,23.718596],[72.875914,23.718579]]],[[[72.845308,23.723301],[72.844852,23.722139],[72.844002,23.722729],[72.844391,23.723184],[72.84517,23.723414],[72.845308,23.723301]]],[[[72.836122,23.742648],[72.835826,23.741829],[72.834858,23.742201],[72.834907,23.743145],[72.836122,23.742648]]],[[[72.804003,23.743963],[72.805017,23.743382],[72.805053,23.743167],[72.803971,23.743066],[72.803841,23.743408],[72.80313,23.743386],[72.803182,23.743722],[72.803628,23.744029],[72.804003,23.743963]]],[[[72.82362,23.748214],[72.823631,23.747981],[72.822883,23.748036],[72.822792,23.748823],[72.823961,23.748792],[72.82362,23.748214]]],[[[72.829173,23.749395],[72.829038,23.748927],[72.828527,23.749194],[72.828003,23.748757],[72.827841,23.7492],[72.829173,23.749395]]],[[[72.825749,23.748971],[72.824855,23.748919],[72.825244,23.750453],[72.826575,23.749994],[72.825759,23.749147],[72.825749,23.748971]]],[[[72.831966,23.755344],[72.831777,23.754009],[72.831306,23.754265],[72.830226,23.754084],[72.830183,23.753596],[72.829881,23.753649],[72.829922,23.753048],[72.830134,23.752982],[72.830058,23.75279],[72.830719,23.752083],[72.830709,23.751812],[72.82985,23.751719],[72.829963,23.750687],[72.829846,23.749969],[72.829197,23.749936],[72.828463,23.750765],[72.828038,23.751018],[72.827655,23.752207],[72.828322,23.752646],[72.827977,23.753119],[72.8283,23.753984],[72.828147,23.754086],[72.828871,23.755059],[72.8277,23.754947],[72.827663,23.754403],[72.826818,23.754154],[72.826931,23.755159],[72.831966,23.755344]]],[[[72.825624,23.75569],[72.825193,23.755111],[72.824673,23.755175],[72.824768,23.755959],[72.825414,23.755854],[72.825624,23.75569]]],[[[72.821206,23.7572],[72.820836,23.756507],[72.821981,23.756701],[72.821573,23.756238],[72.82099,23.756187],[72.82084,23.755798],[72.82053,23.755722],[72.820438,23.756136],[72.81958,23.756224],[72.819622,23.756519],[72.820005,23.756402],[72.820283,23.756521],[72.820572,23.756962],[72.820209,23.757258],[72.820371,23.757346],[72.821206,23.7572]]],[[[72.846603,23.759836],[72.846008,23.758146],[72.845259,23.758269],[72.845533,23.760108],[72.846557,23.760122],[72.846603,23.759836]]],[[[72.834061,23.759997],[72.834007,23.759972],[72.834045,23.760043],[72.834061,23.759997]]],[[[72.834061,23.759997],[72.834471,23.760188],[72.834858,23.759983],[72.834785,23.759361],[72.834244,23.759478],[72.834061,23.759997]]],[[[72.826366,23.759498],[72.825418,23.759313],[72.825125,23.759819],[72.825307,23.759834],[72.825599,23.760208],[72.826484,23.760123],[72.826366,23.759498]]],[[[72.82548,23.761766],[72.825605,23.761566],[72.826795,23.761774],[72.826578,23.760621],[72.82615,23.760658],[72.826153,23.761207],[72.824943,23.761503],[72.82548,23.761766]]],[[[72.842906,23.761798],[72.84198,23.760028],[72.843216,23.759839],[72.843417,23.760761],[72.843542,23.760957],[72.843801,23.760954],[72.844206,23.761466],[72.844811,23.760724],[72.842806,23.757149],[72.84311,23.756491],[72.843321,23.756494],[72.843402,23.75628],[72.842863,23.75595],[72.842592,23.756],[72.840708,23.756905],[72.840527,23.757533],[72.840111,23.756807],[72.839633,23.756645],[72.838609,23.756595],[72.838028,23.757105],[72.838146,23.757099],[72.83831,23.75754],[72.839135,23.757886],[72.839126,23.758435],[72.839328,23.758773],[72.839829,23.758278],[72.840684,23.758385],[72.841195,23.75887],[72.841005,23.759369],[72.840192,23.759907],[72.840531,23.761345],[72.839366,23.761186],[72.839193,23.762258],[72.840563,23.762588],[72.841162,23.762453],[72.841584,23.762005],[72.842906,23.761798]],[[72.841172,23.758518],[72.840872,23.757869],[72.841221,23.757589],[72.840948,23.757575],[72.841245,23.757241],[72.841673,23.757259],[72.841878,23.757405],[72.841978,23.758434],[72.841172,23.758518]]],[[[72.841706,23.76521],[72.840393,23.764915],[72.84027,23.765439],[72.83966,23.765628],[72.840139,23.7658],[72.841443,23.765465],[72.841706,23.76521]]],[[[72.836932,23.765547],[72.837145,23.765267],[72.836824,23.765336],[72.835966,23.764885],[72.834819,23.764807],[72.834415,23.764528],[72.834001,23.764561],[72.8338,23.765025],[72.834047,23.765817],[72.834527,23.766588],[72.835569,23.766364],[72.836932,23.765547]]],[[[72.838223,23.770653],[72.838251,23.768981],[72.837909,23.767687],[72.837341,23.768435],[72.837513,23.769044],[72.83611,23.769294],[72.835655,23.769985],[72.835706,23.770241],[72.836601,23.76989],[72.837038,23.770111],[72.837313,23.770783],[72.838223,23.770653]]],[[[72.845814,23.774004],[72.845298,23.773794],[72.84459,23.77397],[72.844653,23.774382],[72.845171,23.774449],[72.845814,23.774004]]],[[[72.839909,23.773901],[72.841788,23.773259],[72.842261,23.772931],[72.843295,23.773184],[72.843485,23.773086],[72.84297,23.77208],[72.841979,23.772499],[72.84173,23.77204],[72.842644,23.771694],[72.842578,23.771024],[72.841813,23.770202],[72.841625,23.768957],[72.840773,23.76873],[72.841093,23.769761],[72.840823,23.770379],[72.840672,23.771667],[72.839744,23.771682],[72.839956,23.771993],[72.839315,23.772342],[72.839088,23.771766],[72.838593,23.771829],[72.838844,23.772358],[72.837962,23.772345],[72.836078,23.771425],[72.83614,23.772059],[72.835277,23.772115],[72.835491,23.772621],[72.83728,23.77279],[72.838201,23.773335],[72.838595,23.773284],[72.839051,23.773961],[72.839498,23.775162],[72.84015,23.775027],[72.840334,23.774839],[72.840418,23.774482],[72.839909,23.773901]]],[[[72.827123,23.773292],[72.827907,23.772945],[72.828527,23.773121],[72.828833,23.773483],[72.829558,23.773541],[72.82989,23.773904],[72.830357,23.773887],[72.83039,23.773481],[72.82982,23.773425],[72.829492,23.772824],[72.829509,23.771844],[72.829009,23.770691],[72.828152,23.770679],[72.82808,23.771896],[72.827786,23.772441],[72.825978,23.773443],[72.825811,23.774157],[72.825393,23.774271],[72.825322,23.775163],[72.82763,23.775582],[72.82843,23.77502],[72.826828,23.773813],[72.827123,23.773292]]],[[[72.830413,23.776802],[72.830035,23.776104],[72.828989,23.776567],[72.829235,23.777512],[72.830078,23.777686],[72.830428,23.77728],[72.830413,23.776802]]],[[[72.835704,23.777436],[72.836231,23.777593],[72.836648,23.777504],[72.836816,23.777171],[72.836662,23.777176],[72.836263,23.776542],[72.835976,23.776515],[72.835258,23.776015],[72.835177,23.775429],[72.834786,23.775008],[72.834055,23.775099],[72.834314,23.775799],[72.834263,23.777291],[72.834878,23.777801],[72.835046,23.778335],[72.835381,23.778281],[72.835242,23.777829],[72.835658,23.777689],[72.835704,23.777436]]],[[[72.838938,23.778542],[72.838323,23.778104],[72.838595,23.777331],[72.83846,23.77671],[72.838218,23.777385],[72.837343,23.777153],[72.836748,23.777911],[72.83585,23.778205],[72.837031,23.778501],[72.837906,23.778205],[72.838511,23.778512],[72.838177,23.778853],[72.838503,23.779004],[72.838938,23.778542]]],[[[72.903349,23.781805],[72.902967,23.781341],[72.902283,23.781558],[72.902488,23.782051],[72.903349,23.781805]]],[[[72.83986,23.780665],[72.838751,23.780234],[72.837264,23.781016],[72.837525,23.781593],[72.836954,23.782158],[72.838658,23.782106],[72.838292,23.781642],[72.83986,23.780665]]],[[[72.835265,23.783854],[72.835629,23.783229],[72.835003,23.783411],[72.834895,23.782378],[72.835693,23.781873],[72.835705,23.78109],[72.836457,23.780833],[72.836495,23.780455],[72.835906,23.780252],[72.835076,23.780202],[72.834543,23.781073],[72.835029,23.781787],[72.834609,23.782106],[72.833625,23.781347],[72.833141,23.781723],[72.832621,23.781734],[72.831864,23.782354],[72.830933,23.782131],[72.830853,23.783162],[72.832077,23.783256],[72.832671,23.78248],[72.834451,23.782868],[72.83467,23.783426],[72.83454,23.783768],[72.834014,23.784181],[72.834149,23.784775],[72.835265,23.783854]]],[[[72.841895,23.784312],[72.841338,23.783309],[72.840135,23.784496],[72.839213,23.78498],[72.839537,23.785443],[72.840078,23.785393],[72.841895,23.784312]]],[[[72.853742,23.78906],[72.853894,23.788425],[72.853623,23.788005],[72.852903,23.788158],[72.853026,23.788754],[72.853353,23.788773],[72.853742,23.78906]]],[[[72.961273,23.792821],[72.960435,23.792609],[72.960059,23.792748],[72.958798,23.793706],[72.959435,23.7938],[72.961371,23.79302],[72.961273,23.792821]]],[[[72.980896,23.795304],[72.980744,23.795134],[72.979652,23.795203],[72.980019,23.795853],[72.98079,23.795481],[72.980896,23.795304]]],[[[72.856037,23.793913],[72.855157,23.792149],[72.853395,23.792698],[72.854353,23.793643],[72.855007,23.794671],[72.856037,23.793913]]],[[[72.816297,23.817156],[72.816713,23.815606],[72.816547,23.814402],[72.816016,23.814388],[72.815706,23.814601],[72.815714,23.815403],[72.815079,23.816082],[72.814086,23.815839],[72.814883,23.816634],[72.815607,23.816797],[72.816297,23.817156]]],[[[72.858475,23.832105],[72.858035,23.831048],[72.857306,23.831309],[72.857454,23.832391],[72.858365,23.832448],[72.858475,23.832105]]],[[[72.879603,23.850167],[72.879144,23.849692],[72.879699,23.849394],[72.88033,23.849546],[72.880134,23.848865],[72.879447,23.848903],[72.878685,23.849141],[72.87826,23.848428],[72.877791,23.848224],[72.877132,23.847543],[72.876682,23.847747],[72.877041,23.84866],[72.876612,23.848864],[72.876923,23.850158],[72.877724,23.850093],[72.877868,23.850821],[72.87844,23.85081],[72.878465,23.850543],[72.879603,23.850167]]],[[[72.869422,23.852684],[72.869177,23.851329],[72.868124,23.851422],[72.868044,23.852312],[72.868921,23.852705],[72.869422,23.852684]]],[[[72.867242,23.853319],[72.866791,23.852735],[72.867457,23.852351],[72.866981,23.85223],[72.863904,23.852188],[72.863876,23.85267],[72.866174,23.852967],[72.866035,23.853642],[72.866858,23.853925],[72.867242,23.853319]]]]}},{"type":"Feature","properties":{"source_id":5,"lulc_class":"Shrubs"},"geometry":{"type":"MultiPolygon","coordinates":[[[[72.833495,23.626636],[72.833189,23.626317],[72.833817,23.625668],[72.833173,23.62602],[72.832729,23.625947],[72.83275,23.62653],[72.832355,23.626582],[72.831591,23.626361],[72.832545,23.627645],[72.832837,23.628834],[72.833327,23.628679],[72.832865,23.627755],[72.832979,23.627116],[72.833495,23.626636]]],[[[72.870177,23.633382],[72.869597,23.632406],[72.867919,23.632705],[72.867892,23.631988],[72.868255,23.631205],[72.86893,23.630928],[72.867543,23.630367],[72.867311,23.630412],[72.866596,23.629986],[72.865791,23.630027],[72.864433,23.629792],[72.863536,23.629469],[72.8625,23.629511],[72.862427,23.629313],[72.861682,23.62998],[72.860043,23.630489],[72.859015,23.630086],[72.859416,23.631872],[72.860261,23.632528],[72.861233,23.632542],[72.862209,23.634705],[72.861531,23.635735],[72.861556,23.636559],[72.862294,23.636641],[72.86273,23.636146],[72.863424,23.631712],[72.86405,23.631506],[72.865355,23.632527],[72.865447,23.634069],[72.864963,23.635137],[72.86479,23.63621],[72.866961,23.636634],[72.867527,23.637717],[72.86738,23.638459],[72.868298,23.638525],[72.868623,23.638239],[72.868747,23.637419],[72.867431,23.634984],[72.869057,23.633372],[72.870177,23.633382]]],[[[72.827147,23.636913],[72.827287,23.636259],[72.826811,23.635655],[72.827144,23.635122],[72.827298,23.633631],[72.828465,23.633618],[72.829021,23.633327],[72.829824,23.631755],[72.831353,23.631448],[72.83124,23.630402],[72.830392,23.628778],[72.830893,23.627889],[72.830944,23.626755],[72.827869,23.628503],[72.827303,23.62745],[72.828201,23.62606],[72.829093,23.625027],[72.829907,23.62477],[72.830052,23.623846],[72.830904,23.623261],[72.830694,23.622243],[72.831259,23.621414],[72.831862,23.622169],[72.832651,23.621464],[72.833165,23.62174],[72.83512,23.62114],[72.836221,23.621185],[72.835851,23.621986],[72.835707,23.62288],[72.835341,23.623442],[72.834194,23.624202],[72.83376,23.624973],[72.834137,23.625695],[72.834883,23.625705],[72.835188,23.624843],[72.835804,23.624882],[72.836013,23.62593],[72.837147,23.625946],[72.837594,23.62637],[72.838833,23.625939],[72.840518,23.625903],[72.840728,23.62498],[72.841772,23.624577],[72.842428,23.624078],[72.842958,23.622717],[72.841032,23.622569],[72.841084,23.623389],[72.84045,23.623297],[72.840068,23.622861],[72.839932,23.622453],[72.840342,23.622019],[72.84008,23.621701],[72.840466,23.621256],[72.83998,23.620885],[72.838761,23.621504],[72.838287,23.621218],[72.837679,23.620142],[72.833374,23.620775],[72.830511,23.620869],[72.830513,23.621996],[72.829252,23.624253],[72.826866,23.626818],[72.82667,23.628631],[72.825991,23.629539],[72.823618,23.63134],[72.822751,23.632719],[72.823107,23.632848],[72.824412,23.634192],[72.824895,23.63373],[72.825582,23.63416],[72.825723,23.634468],[72.824866,23.634611],[72.825737,23.637395],[72.825245,23.637663],[72.825251,23.638278],[72.825893,23.638269],[72.826165,23.637467],[72.82649,23.637412],[72.827147,23.636913]],[[72.825589,23.636272],[72.825697,23.635824],[72.825762,23.635825],[72.826015,23.63622],[72.825589,23.636272]],[[72.827325,23.631643],[72.827598,23.631446],[72.827917,23.631565],[72.82788,23.631947],[72.827534,23.632142],[72.827506,23.632601],[72.827078,23.632805],[72.826925,23.632631],[72.827325,23.631643]]],[[[72.838856,23.640592],[72.838865,23.638796],[72.839778,23.63879],[72.839326,23.638516],[72.83913,23.637825],[72.839474,23.637104],[72.840126,23.63652],[72.84037,23.638091],[72.840724,23.638038],[72.84077,23.63651],[72.841002,23.636246],[72.841289,23.636479],[72.841827,23.636544],[72.842081,23.636204],[72.841155,23.635751],[72.840564,23.635112],[72.840073,23.630901],[72.840356,23.628841],[72.839631,23.628812],[72.83869,23.629277],[72.838242,23.628755],[72.837808,23.628672],[72.837773,23.630774],[72.83583,23.630345],[72.835827,23.630536],[72.836004,23.631131],[72.837042,23.631107],[72.837278,23.631894],[72.838449,23.63256],[72.838946,23.632586],[72.839242,23.633527],[72.838985,23.634001],[72.838118,23.633779],[72.837961,23.633222],[72.837563,23.633446],[72.837028,23.633209],[72.837492,23.633999],[72.836658,23.634274],[72.836527,23.634636],[72.836111,23.634706],[72.836391,23.63536],[72.835496,23.635519],[72.835738,23.635962],[72.835318,23.636262],[72.8356,23.636763],[72.836472,23.636737],[72.83763,23.638244],[72.838265,23.63873],[72.838564,23.639442],[72.838489,23.640243],[72.838275,23.640622],[72.838856,23.640592]],[[72.837353,23.635042],[72.83755,23.634705],[72.838094,23.634933],[72.837944,23.635385],[72.837353,23.635042]],[[72.839245,23.631389],[72.83857,23.630844],[72.839122,23.63067],[72.839679,23.630888],[72.8398,23.631424],[72.839617,23.631509],[72.839245,23.631389]]],[[[72.841192,23.641083],[72.839806,23.640873],[72.84,23.641946],[72.840742,23.64194],[72.840439,23.641474],[72.841192,23.641083]]],[[[72.829292,23.645695],[72.829216,23.645331],[72.828443,23.645606],[72.826753,23.645455],[72.8267,23.646252],[72.827413,23.647029],[72.828233,23.647056],[72.82791,23.646535],[72.828996,23.646035],[72.829292,23.645695]]],[[[72.833987,23.651589],[72.833523,23.650837],[72.832729,23.651298],[72.833007,23.651261],[72.833678,23.651827],[72.833987,23.651589]]],[[[72.864452,23.649821],[72.864737,23.649073],[72.866832,23.651825],[72.867456,23.651726],[72.866823,23.649485],[72.865753,23.649192],[72.865291,23.648211],[72.865908,23.647264],[72.866657,23.647159],[72.867498,23.645392],[72.867157,23.644452],[72.867708,23.643753],[72.868419,23.643738],[72.867387,23.641707],[72.867064,23.641133],[72.865282,23.640601],[72.865524,23.639867],[72.865179,23.639854],[72.86479,23.639524],[72.864095,23.640183],[72.864749,23.640785],[72.863746,23.64123],[72.861202,23.640755],[72.859228,23.640976],[72.858763,23.640205],[72.858698,23.639134],[72.858315,23.63846],[72.85847,23.637832],[72.859864,23.637602],[72.860378,23.637877],[72.861556,23.638123],[72.859765,23.638595],[72.862842,23.63944],[72.863537,23.638742],[72.863816,23.638173],[72.864353,23.638352],[72.864573,23.637553],[72.863645,23.637234],[72.863925,23.636588],[72.865032,23.637368],[72.866067,23.638392],[72.866561,23.638399],[72.866408,23.637199],[72.865164,23.637147],[72.864127,23.636344],[72.864914,23.633381],[72.864346,23.632441],[72.863882,23.632256],[72.863375,23.634721],[72.863234,23.636224],[72.862557,23.637218],[72.861348,23.637416],[72.860663,23.636475],[72.861545,23.634839],[72.86114,23.633472],[72.85863,23.632327],[72.858691,23.631002],[72.858364,23.629689],[72.857644,23.629445],[72.857007,23.625033],[72.856406,23.624232],[72.854632,23.622446],[72.85274,23.622627],[72.852315,23.623059],[72.852179,23.623787],[72.852196,23.625503],[72.851701,23.626101],[72.850739,23.626473],[72.849902,23.626459],[72.848899,23.626886],[72.848259,23.627986],[72.84753,23.628167],[72.846709,23.627659],[72.84525,23.628078],[72.844909,23.627138],[72.845349,23.627203],[72.845592,23.626901],[72.844826,23.626785],[72.844369,23.626241],[72.84528,23.626003],[72.845959,23.626351],[72.846205,23.625936],[72.846524,23.625934],[72.846464,23.625489],[72.84722,23.624833],[72.846304,23.623901],[72.845029,23.623851],[72.843841,23.623069],[72.843427,23.623473],[72.843701,23.623934],[72.843053,23.62498],[72.844836,23.625043],[72.845288,23.625336],[72.845194,23.625966],[72.844072,23.626084],[72.84304,23.625783],[72.842163,23.626153],[72.840522,23.626321],[72.840766,23.626592],[72.840758,23.627089],[72.84034,23.627312],[72.840752,23.627452],[72.841916,23.627296],[72.842803,23.627595],[72.842881,23.627883],[72.842411,23.628774],[72.842985,23.62961],[72.843248,23.631375],[72.84294,23.632661],[72.84337,23.633552],[72.843538,23.633226],[72.844917,23.633785],[72.845743,23.633187],[72.846873,23.633095],[72.846752,23.635709],[72.848522,23.634524],[72.848394,23.632794],[72.846599,23.630798],[72.84767,23.629523],[72.849632,23.62844],[72.850046,23.62927],[72.84958,23.631664],[72.849732,23.631846],[72.85036,23.631398],[72.853138,23.630251],[72.853336,23.630808],[72.85306,23.632448],[72.852543,23.633645],[72.850823,23.633822],[72.850877,23.634477],[72.851012,23.634443],[72.852001,23.635818],[72.851656,23.637892],[72.85358,23.636736],[72.854673,23.6365],[72.855618,23.638197],[72.856798,23.639754],[72.857135,23.640583],[72.856983,23.642767],[72.855756,23.641675],[72.854481,23.641156],[72.852262,23.641268],[72.850959,23.642433],[72.849397,23.642805],[72.848066,23.64336],[72.849258,23.6442],[72.851256,23.643332],[72.853337,23.642143],[72.854927,23.642416],[72.854953,23.643204],[72.854015,23.643478],[72.854222,23.645093],[72.85605,23.645119],[72.856029,23.646408],[72.854822,23.646463],[72.854961,23.647504],[72.856762,23.646741],[72.855548,23.649627],[72.855153,23.65238],[72.85593,23.652462],[72.857032,23.649253],[72.857425,23.646643],[72.857975,23.646328],[72.857903,23.648369],[72.857557,23.650478],[72.858901,23.649135],[72.858955,23.648205],[72.859839,23.648862],[72.860621,23.648622],[72.860461,23.646505],[72.861162,23.646443],[72.861759,23.648028],[72.862555,23.649329],[72.863132,23.649695],[72.862917,23.650947],[72.861999,23.652403],[72.864986,23.65291],[72.865773,23.652348],[72.864452,23.649821]],[[72.855801,23.634817],[72.856415,23.63408],[72.857265,23.634073],[72.857078,23.635351],[72.855985,23.635614],[72.855801,23.634817]],[[72.844677,23.632731],[72.844346,23.63318],[72.844066,23.63283],[72.844154,23.632533],[72.844677,23.632731]]],[[[72.875518,23.651084],[72.875807,23.650049],[72.87668,23.651387],[72.876801,23.653627],[72.879355,23.653395],[72.877498,23.651631],[72.877624,23.651084],[72.877139,23.650744],[72.877637,23.650144],[72.876845,23.649807],[72.876555,23.649203],[72.875616,23.649534],[72.875148,23.649397],[72.874507,23.648735],[72.8743,23.647766],[72.87357,23.646943],[72.871067,23.646058],[72.870629,23.646545],[72.868967,23.646126],[72.868804,23.646923],[72.868966,23.647344],[72.869278,23.647272],[72.871408,23.647874],[72.873762,23.648982],[72.87213,23.651324],[72.87182,23.653613],[72.872491,23.655414],[72.873023,23.653809],[72.874323,23.652823],[72.875496,23.652445],[72.875518,23.651084]]],[[[72.877399,23.657761],[72.876252,23.657069],[72.875942,23.657599],[72.875228,23.657885],[72.875158,23.658728],[72.87481,23.659563],[72.874748,23.660244],[72.875281,23.660421],[72.875246,23.658854],[72.876194,23.658773],[72.87613,23.657602],[72.876596,23.657691],[72.876503,23.658303],[72.876883,23.658573],[72.876898,23.658921],[72.876533,23.658998],[72.877037,23.660105],[72.877393,23.660565],[72.877727,23.660634],[72.877265,23.659558],[72.87743,23.659124],[72.877176,23.65871],[72.877609,23.658697],[72.877724,23.658546],[72.877346,23.658127],[72.877399,23.657761]]],[[[72.839767,23.669204],[72.840061,23.667882],[72.841132,23.666643],[72.841082,23.665698],[72.840645,23.66549],[72.83993,23.666375],[72.838761,23.666502],[72.839133,23.665182],[72.837811,23.662763],[72.838146,23.661334],[72.838045,23.660365],[72.837588,23.659786],[72.838111,23.658682],[72.837622,23.657672],[72.835568,23.657213],[72.834845,23.656272],[72.834507,23.65555],[72.834518,23.654834],[72.832974,23.653211],[72.832346,23.653539],[72.832158,23.653871],[72.831349,23.654164],[72.83181,23.654998],[72.830178,23.656495],[72.832206,23.658277],[72.833685,23.660555],[72.834929,23.662973],[72.835373,23.664341],[72.8355,23.666063],[72.835353,23.668918],[72.836514,23.668298],[72.837838,23.668209],[72.839291,23.66977],[72.839767,23.669204]]],[[[72.920318,23.677002],[72.920635,23.676462],[72.922361,23.676529],[72.922344,23.675668],[72.921872,23.675003],[72.92158,23.673766],[72.920653,23.675287],[72.91982,23.675821],[72.919086,23.675983],[72.919324,23.676717],[72.920318,23.677002]]],[[[72.910809,23.676832],[72.910349,23.67641],[72.909834,23.676475],[72.908955,23.676004],[72.908441,23.676212],[72.908496,23.676455],[72.909086,23.676579],[72.909331,23.676841],[72.909519,23.676743],[72.909778,23.67709],[72.911206,23.67731],[72.911539,23.676899],[72.910809,23.676832]]],[[[72.913575,23.678698],[72.913714,23.678159],[72.913832,23.678179],[72.913352,23.677425],[72.913593,23.676955],[72.912304,23.676795],[72.912064,23.677207],[72.912763,23.677245],[72.912804,23.677604],[72.912395,23.677914],[72.91217,23.678355],[72.913052,23.678668],[72.913575,23.678698]]],[[[72.873224,23.67712],[72.872228,23.676853],[72.872031,23.677214],[72.87077,23.677564],[72.871054,23.678275],[72.873258,23.677854],[72.873224,23.67712]]],[[[72.918923,23.680264],[72.919726,23.678662],[72.918524,23.679107],[72.917923,23.679637],[72.916568,23.679704],[72.916138,23.678322],[72.915489,23.678462],[72.91498,23.678375],[72.914711,23.679102],[72.915358,23.67932],[72.915856,23.682265],[72.917504,23.681427],[72.918923,23.680264]]],[[[72.913471,23.682644],[72.912815,23.681804],[72.912346,23.681969],[72.911944,23.681806],[72.911833,23.680973],[72.91029,23.681125],[72.909824,23.682288],[72.910723,23.682221],[72.910593,23.681888],[72.910683,23.681643],[72.911066,23.681616],[72.911378,23.681949],[72.911686,23.681902],[72.91222,23.682499],[72.912376,23.682863],[72.91227,23.683196],[72.912594,23.683611],[72.913068,23.683513],[72.913557,23.683104],[72.913471,23.682644]]],[[[72.850786,23.68356],[72.851762,23.683334],[72.852444,23.683454],[72.852704,23.683391],[72.852706,23.683242],[72.852221,23.683179],[72.851794,23.682763],[72.851113,23.682779],[72.850786,23.68356]]],[[[72.863137,23.685046],[72.864703,23.684446],[72.867087,23.684599],[72.86836,23.684473],[72.869957,23.683539],[72.868528,23.683663],[72.868433,23.68316],[72.867136,23.683142],[72.867326,23.684243],[72.864528,23.684062],[72.863459,23.684381],[72.862932,23.684876],[72.862943,23.685655],[72.863293,23.685518],[72.863137,23.685046]]],[[[72.954748,23.695269],[72.955538,23.694491],[72.955792,23.694829],[72.956257,23.694487],[72.955424,23.692626],[72.95521,23.693065],[72.955275,23.693914],[72.955008,23.694377],[72.954447,23.69456],[72.954197,23.694808],[72.954481,23.694883],[72.954463,23.695229],[72.954748,23.695269]]],[[[72.855993,23.691484],[72.85735,23.689424],[72.856832,23.687769],[72.855577,23.688361],[72.854376,23.690458],[72.85355,23.690285],[72.854522,23.693434],[72.855093,23.694321],[72.855993,23.691484]]],[[[72.88356,23.697177],[72.883797,23.696937],[72.883453,23.696086],[72.882762,23.696464],[72.882485,23.696274],[72.882732,23.695417],[72.882174,23.695266],[72.881729,23.695834],[72.881693,23.697109],[72.88356,23.697177]]],[[[72.953773,23.697072],[72.95341,23.697031],[72.95344,23.697605],[72.952917,23.697908],[72.952767,23.69836],[72.95406,23.697792],[72.953773,23.697072]]],[[[72.866948,23.697332],[72.864382,23.69486],[72.86311,23.696491],[72.862688,23.696747],[72.86322,23.698037],[72.866948,23.697332]]],[[[72.950754,23.68955],[72.950578,23.688499],[72.950818,23.688322],[72.95055,23.688332],[72.950367,23.684452],[72.950991,23.684307],[72.950751,23.679173],[72.949735,23.679437],[72.949824,23.684635],[72.950116,23.684563],[72.950116,23.688348],[72.949416,23.688375],[72.946951,23.689238],[72.945247,23.689442],[72.945255,23.69072],[72.946851,23.69067],[72.949007,23.689659],[72.949901,23.688999],[72.950055,23.692464],[72.950193,23.692567],[72.950406,23.700413],[72.950865,23.70028],[72.950683,23.696056],[72.950829,23.692704],[72.950754,23.68955]]],[[[72.857416,23.699253],[72.85928,23.698737],[72.859469,23.698948],[72.859971,23.69827],[72.859609,23.69805],[72.859664,23.697521],[72.859121,23.697273],[72.857541,23.696781],[72.857773,23.697132],[72.857553,23.697534],[72.857915,23.697592],[72.858149,23.698229],[72.857385,23.698304],[72.857019,23.697869],[72.857249,23.697678],[72.856406,23.697749],[72.857416,23.699253]]],[[[72.89526,23.700571],[72.89509,23.699046],[72.896068,23.698701],[72.896072,23.696432],[72.896244,23.695837],[72.898237,23.694964],[72.896554,23.694086],[72.894204,23.69566],[72.891368,23.696547],[72.889784,23.696257],[72.89038,23.697489],[72.889301,23.698071],[72.88928,23.699385],[72.891668,23.698074],[72.892531,23.698832],[72.892577,23.700027],[72.894043,23.699599],[72.894378,23.700947],[72.89526,23.700571]],[[72.894421,23.699085],[72.894073,23.697819],[72.894717,23.697649],[72.89511,23.698851],[72.894843,23.699149],[72.894421,23.699085]],[[72.891932,23.697752],[72.891272,23.697953],[72.891276,23.697227],[72.891714,23.697118],[72.891932,23.697752]]],[[[72.852642,23.702508],[72.853332,23.700797],[72.852539,23.700875],[72.852553,23.701031],[72.851913,23.70112],[72.852008,23.702415],[72.852642,23.702508]]],[[[72.87055,23.703374],[72.870863,23.702884],[72.870049,23.703081],[72.869862,23.702429],[72.870141,23.702081],[72.870307,23.701453],[72.869954,23.701133],[72.869948,23.700588],[72.869503,23.701126],[72.86908,23.701009],[72.86906,23.701256],[72.869357,23.701631],[72.867716,23.702879],[72.867253,23.703482],[72.87055,23.703374]]],[[[72.86461,23.703876],[72.866018,23.702904],[72.866178,23.702647],[72.864692,23.702302],[72.863761,23.701197],[72.863063,23.701349],[72.862283,23.700391],[72.861454,23.70034],[72.860228,23.699691],[72.859142,23.699632],[72.858654,23.699924],[72.858811,23.701008],[72.859166,23.701249],[72.859408,23.702922],[72.859751,23.702927],[72.859781,23.701996],[72.859515,23.701396],[72.860169,23.70126],[72.861029,23.70261],[72.862025,23.703555],[72.862504,23.702869],[72.86461,23.703876]]],[[[72.874163,23.703747],[72.873566,23.702162],[72.871869,23.702635],[72.872557,23.70464],[72.874163,23.703747]]],[[[72.914743,23.704894],[72.914723,23.703383],[72.913221,23.70345],[72.913207,23.703829],[72.912847,23.703977],[72.913014,23.704437],[72.913346,23.704433],[72.913353,23.705076],[72.912994,23.705112],[72.913101,23.705547],[72.913949,23.705992],[72.914458,23.70583],[72.914323,23.705531],[72.914743,23.704894]]],[[[72.826143,23.703923],[72.824507,23.702712],[72.823987,23.704107],[72.823875,23.705001],[72.824685,23.705012],[72.825311,23.704394],[72.826143,23.703923]]],[[[72.861321,23.714734],[72.861277,23.712861],[72.860731,23.712925],[72.860325,23.71237],[72.860578,23.711179],[72.860285,23.710357],[72.861055,23.709767],[72.861566,23.709932],[72.861691,23.710865],[72.861933,23.710353],[72.862566,23.710706],[72.862962,23.710252],[72.86202,23.709795],[72.86249,23.70963],[72.861168,23.708579],[72.860746,23.709634],[72.860065,23.709841],[72.85936,23.709538],[72.857485,23.709125],[72.856702,23.707089],[72.856946,23.70327],[72.856366,23.701798],[72.856659,23.703515],[72.856418,23.706851],[72.856546,23.707598],[72.85709,23.709143],[72.858031,23.709784],[72.858293,23.709764],[72.8588,23.710625],[72.858213,23.712236],[72.858506,23.713373],[72.859687,23.714627],[72.86046,23.714776],[72.861321,23.714734]]],[[[72.863427,23.714887],[72.864148,23.713695],[72.866269,23.71219],[72.864901,23.711506],[72.864821,23.711735],[72.864955,23.711789],[72.864706,23.712135],[72.864497,23.712164],[72.864425,23.712343],[72.863979,23.712347],[72.863834,23.712719],[72.863362,23.713162],[72.86305,23.713247],[72.862849,23.713921],[72.862138,23.714588],[72.863427,23.714887]]],[[[72.871017,23.715665],[72.87104,23.715207],[72.870211,23.715453],[72.870015,23.715021],[72.86971,23.71559],[72.869859,23.716007],[72.869458,23.716366],[72.870207,23.716444],[72.870077,23.716053],[72.871017,23.715665]]],[[[72.872352,23.715913],[72.871903,23.715749],[72.871862,23.71635],[72.871552,23.716662],[72.871953,23.716763],[72.872352,23.715913]]],[[[72.91983,23.718392],[72.918927,23.717208],[72.918284,23.717882],[72.916879,23.71815],[72.917409,23.719053],[72.916585,23.719472],[72.917362,23.71959],[72.91983,23.718392]]],[[[72.871638,23.717118],[72.867803,23.716827],[72.867642,23.716978],[72.869294,23.717659],[72.869955,23.718457],[72.870015,23.718855],[72.87119,23.719139],[72.871975,23.718723],[72.872668,23.717586],[72.871638,23.717118]]],[[[72.859376,23.719655],[72.859932,23.718946],[72.861954,23.719081],[72.863067,23.715332],[72.859799,23.715225],[72.858951,23.71474],[72.858234,23.713799],[72.857792,23.712288],[72.858157,23.710888],[72.857951,23.710212],[72.856302,23.709194],[72.856427,23.709171],[72.855783,23.707721],[72.855715,23.70557],[72.855897,23.703924],[72.855768,23.702464],[72.855016,23.702492],[72.854503,23.702692],[72.85387,23.702368],[72.853216,23.703347],[72.853835,23.703528],[72.853702,23.704042],[72.855139,23.7041],[72.855291,23.706715],[72.85367,23.706951],[72.853444,23.707478],[72.854892,23.707455],[72.854942,23.708173],[72.854775,23.708858],[72.854358,23.709168],[72.853969,23.708865],[72.853312,23.709717],[72.852922,23.712148],[72.854612,23.711133],[72.856521,23.71098],[72.85698,23.711488],[72.856894,23.712475],[72.856391,23.712268],[72.856178,23.712968],[72.856277,23.713542],[72.856017,23.714212],[72.856515,23.714219],[72.856558,23.714478],[72.856186,23.715304],[72.855774,23.715757],[72.855911,23.716473],[72.855095,23.717302],[72.855782,23.7181],[72.857688,23.718162],[72.858354,23.718751],[72.858369,23.716982],[72.860001,23.717163],[72.859255,23.718958],[72.858449,23.718836],[72.859376,23.719655]]],[[[72.821937,23.720112],[72.82199,23.718889],[72.821147,23.718045],[72.820817,23.719291],[72.820946,23.719262],[72.821127,23.720101],[72.821937,23.720112]]],[[[72.873696,23.721399],[72.874807,23.720044],[72.873296,23.720082],[72.873255,23.719709],[72.87366,23.7197],[72.873698,23.719256],[72.87451,23.719095],[72.874531,23.71878],[72.873629,23.718725],[72.87365,23.71841],[72.874194,23.718446],[72.874529,23.717978],[72.874835,23.718297],[72.875349,23.718261],[72.875434,23.719229],[72.875914,23.718579],[72.875733,23.718596],[72.875884,23.717882],[72.875087,23.7181],[72.87495,23.717898],[72.875844,23.71748],[72.87609,23.717148],[72.878833,23.717417],[72.879404,23.718181],[72.880254,23.718397],[72.881289,23.717639],[72.881528,23.717653],[72.881597,23.717137],[72.879484,23.717396],[72.878871,23.717034],[72.879505,23.715395],[72.879011,23.71513],[72.87888,23.715515],[72.878443,23.715581],[72.878449,23.716197],[72.877869,23.716461],[72.877658,23.71696],[72.877051,23.716952],[72.876358,23.716498],[72.875846,23.716434],[72.876056,23.717143],[72.874522,23.717059],[72.874367,23.716428],[72.874006,23.716623],[72.873681,23.716504],[72.87367,23.716217],[72.874092,23.716123],[72.873832,23.715804],[72.873393,23.715999],[72.873434,23.716329],[72.872883,23.716737],[72.872868,23.716995],[72.873186,23.717617],[72.873121,23.718429],[72.871559,23.719327],[72.871813,23.719631],[72.871634,23.720058],[72.871974,23.720396],[72.873205,23.721249],[72.873696,23.721399]]],[[[72.868786,23.721174],[72.868327,23.718299],[72.869292,23.718619],[72.869106,23.718276],[72.868075,23.717574],[72.867317,23.717282],[72.867406,23.717497],[72.866842,23.717854],[72.866359,23.717904],[72.866348,23.718549],[72.866652,23.719026],[72.86752,23.719268],[72.867687,23.720503],[72.867204,23.720525],[72.867287,23.721128],[72.867848,23.721107],[72.868451,23.721862],[72.868786,23.721174]]],[[[72.926417,23.721396],[72.926078,23.719162],[72.923564,23.71951],[72.923294,23.72072],[72.92321,23.723162],[72.927194,23.723496],[72.927322,23.721557],[72.926417,23.721396]]],[[[72.84937,23.722501],[72.848964,23.721996],[72.847828,23.722009],[72.847935,23.72237],[72.848894,23.722336],[72.84937,23.722501]]],[[[72.914102,23.722551],[72.91378,23.720739],[72.914919,23.720158],[72.915355,23.720102],[72.915067,23.719487],[72.913508,23.719645],[72.913204,23.71953],[72.913214,23.718909],[72.912109,23.718894],[72.912015,23.719078],[72.911844,23.719014],[72.910836,23.721257],[72.910669,23.72227],[72.910992,23.722829],[72.912385,23.721744],[72.913273,23.722186],[72.914188,23.723345],[72.916087,23.723872],[72.916889,23.723756],[72.914817,23.722995],[72.914588,23.722624],[72.914102,23.722551]]],[[[72.898676,23.722347],[72.898291,23.721152],[72.896726,23.721101],[72.897038,23.722504],[72.896252,23.722995],[72.897258,23.723429],[72.898872,23.723754],[72.898871,23.72244],[72.898676,23.722347]]],[[[72.845167,23.723594],[72.845615,23.723313],[72.84517,23.723414],[72.844391,23.723184],[72.844278,23.723923],[72.845121,23.723973],[72.845167,23.723594]]],[[[72.846392,23.72411],[72.847083,23.723761],[72.847657,23.723855],[72.847704,23.723234],[72.845757,23.72388],[72.845723,23.724371],[72.846187,23.724797],[72.846392,23.72411]]],[[[72.916202,23.726666],[72.916643,23.726466],[72.916931,23.726539],[72.916795,23.725889],[72.916976,23.724279],[72.915653,23.724225],[72.913985,23.723916],[72.913065,23.723043],[72.912405,23.722927],[72.910834,23.723837],[72.909121,23.72385],[72.908563,23.724448],[72.909442,23.725083],[72.91005,23.724972],[72.910063,23.724184],[72.910575,23.724292],[72.910561,23.724678],[72.911181,23.723985],[72.912782,23.723649],[72.914289,23.72435],[72.915456,23.724401],[72.916293,23.725595],[72.915696,23.726447],[72.916202,23.726666]]],[[[72.850691,23.722837],[72.849722,23.722555],[72.849539,23.723836],[72.849995,23.725794],[72.851259,23.725381],[72.850911,23.723258],[72.850691,23.722837]]],[[[72.861446,23.725554],[72.861718,23.724811],[72.861592,23.7226],[72.860003,23.722578],[72.858895,23.722891],[72.85898,23.723668],[72.85846,23.723691],[72.857891,23.722817],[72.857114,23.722747],[72.857057,23.724341],[72.858697,23.725605],[72.858892,23.725071],[72.859883,23.72595],[72.861446,23.725554]]],[[[72.90613,23.725924],[72.903894,23.724603],[72.903008,23.72425],[72.9035,23.725643],[72.904327,23.726723],[72.905041,23.725837],[72.9066,23.727008],[72.90613,23.725924]]],[[[72.920509,23.728095],[72.92202,23.727175],[72.921482,23.727242],[72.920787,23.726946],[72.9204,23.726996],[72.920159,23.72726],[72.918985,23.727182],[72.919695,23.72837],[72.920509,23.728095]]],[[[72.923803,23.728828],[72.926544,23.72857],[72.926362,23.728087],[72.926208,23.728056],[72.925734,23.72848],[72.924923,23.728555],[72.922654,23.727581],[72.921313,23.728265],[72.923803,23.728828]]],[[[72.94112,23.728908],[72.939645,23.727873],[72.939725,23.728979],[72.940943,23.729604],[72.94112,23.728908]]],[[[72.815892,23.717041],[72.816137,23.71591],[72.816466,23.715923],[72.816033,23.714415],[72.81638,23.713017],[72.816812,23.712426],[72.816726,23.711708],[72.817902,23.711187],[72.817768,23.709543],[72.818485,23.709314],[72.818939,23.709321],[72.819031,23.70765],[72.819899,23.706169],[72.82271,23.702864],[72.824681,23.701339],[72.824641,23.701684],[72.825038,23.701315],[72.826647,23.702084],[72.826665,23.702889],[72.827154,23.702778],[72.827542,23.702873],[72.827074,23.703672],[72.827719,23.70389],[72.828491,23.702319],[72.829053,23.70167],[72.829276,23.703882],[72.82852,23.704529],[72.827917,23.705655],[72.828901,23.705012],[72.829323,23.704958],[72.828437,23.707573],[72.828552,23.70847],[72.82968,23.708845],[72.82999,23.709715],[72.829975,23.71061],[72.830374,23.711441],[72.82828,23.711154],[72.828393,23.712171],[72.827503,23.713054],[72.824994,23.713765],[72.824849,23.714689],[72.826178,23.714707],[72.826546,23.714026],[72.828344,23.713185],[72.826709,23.715969],[72.826699,23.716536],[72.827055,23.716571],[72.828921,23.713581],[72.829127,23.712898],[72.830208,23.712913],[72.830117,23.71372],[72.830401,23.715147],[72.829971,23.71519],[72.829321,23.714901],[72.828789,23.71567],[72.828965,23.716777],[72.828784,23.717909],[72.826439,23.720474],[72.825932,23.721751],[72.826445,23.722057],[72.826052,23.72232],[72.826006,23.723263],[72.825046,23.723478],[72.825273,23.723854],[72.826488,23.723623],[72.826495,23.72338],[72.82686,23.722928],[72.826767,23.722609],[72.827143,23.720608],[72.827748,23.720702],[72.827844,23.720117],[72.828497,23.718961],[72.829208,23.718252],[72.829066,23.718072],[72.829478,23.717273],[72.829352,23.715916],[72.830061,23.715945],[72.831117,23.716389],[72.831415,23.715629],[72.832323,23.715618],[72.832226,23.715211],[72.831163,23.715196],[72.831235,23.714887],[72.831082,23.714876],[72.831269,23.713991],[72.832193,23.713899],[72.832505,23.710586],[72.832843,23.709785],[72.833834,23.708664],[72.834694,23.708383],[72.835583,23.704024],[72.836657,23.700241],[72.838114,23.701551],[72.83851,23.703491],[72.838159,23.706083],[72.839982,23.705531],[72.839842,23.705337],[72.839878,23.703116],[72.841594,23.700525],[72.843269,23.700405],[72.842819,23.699395],[72.843491,23.699054],[72.843899,23.700204],[72.84416,23.700437],[72.844655,23.699656],[72.845165,23.699716],[72.8453,23.700195],[72.846073,23.700478],[72.84605,23.699932],[72.847461,23.699664],[72.848036,23.70033],[72.849096,23.699881],[72.848626,23.698454],[72.849489,23.698079],[72.847928,23.695477],[72.848981,23.694861],[72.850228,23.694861],[72.850216,23.69452],[72.850422,23.694336],[72.85017,23.693559],[72.850488,23.693133],[72.851489,23.693778],[72.852249,23.693918],[72.852666,23.694153],[72.853366,23.694162],[72.853719,23.694497],[72.85345,23.694722],[72.853653,23.695628],[72.854334,23.695867],[72.854247,23.696468],[72.85438,23.696871],[72.854267,23.697127],[72.855162,23.697487],[72.855024,23.696057],[72.854729,23.695014],[72.853553,23.69317],[72.852849,23.69101],[72.851988,23.688992],[72.85124,23.688676],[72.850785,23.689173],[72.848735,23.689059],[72.847347,23.689674],[72.847043,23.689915],[72.846189,23.691455],[72.844997,23.692943],[72.840791,23.69526],[72.840158,23.69463],[72.837336,23.696087],[72.836061,23.695681],[72.836652,23.695217],[72.838604,23.694856],[72.840333,23.694223],[72.843287,23.692025],[72.844276,23.691999],[72.84497,23.69146],[72.845271,23.690626],[72.845053,23.69051],[72.845792,23.689552],[72.847069,23.688763],[72.849257,23.687808],[72.85194,23.687981],[72.852073,23.687531],[72.851831,23.687038],[72.852845,23.686536],[72.852886,23.685978],[72.852107,23.686026],[72.851535,23.685362],[72.851223,23.684581],[72.850377,23.684778],[72.849478,23.684258],[72.849591,23.683274],[72.849732,23.683308],[72.849505,23.682648],[72.851193,23.682125],[72.850879,23.681806],[72.848923,23.682489],[72.847674,23.683546],[72.846239,23.684034],[72.846318,23.68514],[72.845688,23.685997],[72.845554,23.688235],[72.844975,23.688529],[72.845098,23.689028],[72.844256,23.689481],[72.844461,23.689748],[72.843358,23.689785],[72.84294,23.68917],[72.842032,23.689946],[72.841217,23.689827],[72.840846,23.688747],[72.841323,23.688144],[72.841342,23.686998],[72.84159,23.686106],[72.841186,23.684631],[72.840198,23.68322],[72.840571,23.681792],[72.839687,23.68117],[72.840257,23.679637],[72.841145,23.680044],[72.841673,23.67869],[72.841687,23.67783],[72.843285,23.677637],[72.842754,23.676842],[72.841786,23.676541],[72.84223,23.67558],[72.842785,23.674943],[72.842274,23.674483],[72.842303,23.674038],[72.843098,23.67361],[72.844433,23.673208],[72.844255,23.672651],[72.843425,23.672659],[72.841756,23.673247],[72.840951,23.672969],[72.840046,23.673002],[72.840043,23.671384],[72.837898,23.67165],[72.837292,23.670638],[72.835386,23.669442],[72.835463,23.670684],[72.834467,23.674469],[72.833325,23.677677],[72.832778,23.680142],[72.831799,23.682923],[72.831421,23.684602],[72.832059,23.686044],[72.831962,23.687154],[72.831037,23.689004],[72.829421,23.690235],[72.826978,23.692728],[72.82806,23.69344],[72.829206,23.69526],[72.829539,23.695702],[72.829833,23.695809],[72.831008,23.695525],[72.832217,23.695031],[72.832349,23.69471],[72.833726,23.693773],[72.834566,23.693934],[72.835329,23.69484],[72.835456,23.695489],[72.83504,23.696172],[72.834126,23.694933],[72.83281,23.696049],[72.831406,23.696627],[72.829885,23.696486],[72.828693,23.696021],[72.827819,23.693949],[72.826825,23.693473],[72.825908,23.694389],[72.825681,23.696108],[72.825033,23.697661],[72.824367,23.697465],[72.824704,23.696825],[72.824482,23.695866],[72.823804,23.695594],[72.822245,23.697662],[72.818919,23.702692],[72.815519,23.710198],[72.813726,23.716622],[72.812659,23.718369],[72.810946,23.723711],[72.812928,23.725539],[72.812589,23.728762],[72.813558,23.728593],[72.814895,23.726223],[72.814618,23.725353],[72.813454,23.725128],[72.813077,23.724406],[72.812556,23.722607],[72.812669,23.721623],[72.814834,23.720161],[72.815338,23.719123],[72.815291,23.718077],[72.815892,23.717041]],[[72.833629,23.687859],[72.835673,23.687738],[72.835599,23.690305],[72.837784,23.690336],[72.837546,23.692154],[72.832901,23.692656],[72.832435,23.691396],[72.833916,23.690073],[72.833629,23.687859]],[[72.848586,23.68452],[72.848414,23.683818],[72.849157,23.683855],[72.84921,23.684457],[72.848586,23.68452]],[[72.839616,23.70163],[72.839227,23.702887],[72.838902,23.702118],[72.839329,23.701431],[72.839616,23.70163]]],[[[72.91398,23.728672],[72.912073,23.727882],[72.91116,23.727181],[72.911174,23.726888],[72.90929,23.726724],[72.908231,23.727515],[72.909039,23.727665],[72.908754,23.729366],[72.909322,23.729517],[72.909502,23.727745],[72.911115,23.728141],[72.911126,23.727918],[72.913923,23.728982],[72.915019,23.730263],[72.915155,23.729835],[72.91398,23.728672]]],[[[72.94211,23.731615],[72.942131,23.731468],[72.942532,23.731591],[72.942758,23.731272],[72.943092,23.731269],[72.943088,23.730896],[72.943823,23.730537],[72.943957,23.730279],[72.943183,23.729771],[72.942534,23.729763],[72.942193,23.730863],[72.941537,23.731272],[72.941426,23.73159],[72.94211,23.731615]]],[[[72.843357,23.728334],[72.844525,23.728006],[72.844772,23.728144],[72.845207,23.729468],[72.845301,23.730512],[72.846611,23.730305],[72.848061,23.730892],[72.848039,23.730235],[72.846757,23.729351],[72.847,23.728339],[72.846568,23.727019],[72.848288,23.726954],[72.849566,23.727261],[72.849495,23.726711],[72.848746,23.726721],[72.848012,23.725965],[72.846643,23.726423],[72.845332,23.727211],[72.8434,23.726378],[72.843381,23.727542],[72.841753,23.727908],[72.84203,23.728807],[72.841885,23.729731],[72.839437,23.730914],[72.83952,23.732268],[72.840788,23.731795],[72.841754,23.731121],[72.843357,23.728334]]],[[[72.936137,23.733913],[72.934584,23.732046],[72.934982,23.733574],[72.935532,23.734367],[72.935528,23.733938],[72.936137,23.733913]]],[[[72.965957,23.728882],[72.965821,23.728564],[72.965521,23.7319],[72.964858,23.735422],[72.965098,23.735733],[72.965867,23.731661],[72.965957,23.728882]]],[[[72.969332,23.73782],[72.969408,23.736713],[72.968902,23.736718],[72.968458,23.737256],[72.968809,23.737734],[72.969332,23.73782]]],[[[72.867193,23.73512],[72.865994,23.734939],[72.866512,23.735149],[72.865979,23.735364],[72.866614,23.735602],[72.867803,23.736681],[72.867601,23.735555],[72.867193,23.73512]]],[[[72.891971,23.737785],[72.891207,23.737469],[72.890443,23.737835],[72.889488,23.737839],[72.889497,23.738313],[72.890876,23.737994],[72.891914,23.737989],[72.891971,23.737785]]],[[[72.835023,23.736492],[72.835501,23.73648],[72.8359,23.737422],[72.836585,23.737431],[72.836411,23.736683],[72.836871,23.736461],[72.83682,23.735772],[72.834466,23.736312],[72.833998,23.73756],[72.834549,23.737556],[72.835023,23.736492]]],[[[72.955904,23.739238],[72.955155,23.739005],[72.955015,23.739652],[72.955568,23.739958],[72.955904,23.739238]]],[[[72.880105,23.738952],[72.879223,23.738916],[72.879722,23.739389],[72.880105,23.738952]]],[[[72.960533,23.741074],[72.96018,23.740389],[72.958987,23.740397],[72.958955,23.740779],[72.959791,23.741208],[72.959837,23.741615],[72.960881,23.742059],[72.961077,23.74136],[72.960909,23.741127],[72.960533,23.741074]]],[[[72.971451,23.742895],[72.971025,23.741994],[72.970802,23.742063],[72.968786,23.741127],[72.968618,23.741277],[72.970286,23.742737],[72.970215,23.742879],[72.970341,23.742993],[72.970737,23.742869],[72.970907,23.742631],[72.971345,23.742852],[72.971665,23.743311],[72.972467,23.743672],[72.972718,23.743991],[72.973769,23.744037],[72.973817,23.743127],[72.971451,23.742895]]],[[[72.836898,23.744415],[72.836539,23.743794],[72.835674,23.743884],[72.836085,23.744905],[72.836898,23.744415]]],[[[72.831176,23.745947],[72.831012,23.745694],[72.830457,23.745507],[72.830292,23.745966],[72.831119,23.746269],[72.831176,23.745947]]],[[[72.828941,23.745035],[72.828318,23.743522],[72.829908,23.743066],[72.82972,23.742801],[72.82827,23.743143],[72.825504,23.7432],[72.825842,23.744483],[72.826668,23.74443],[72.826251,23.746096],[72.826818,23.746319],[72.82696,23.747133],[72.828227,23.747438],[72.828638,23.746106],[72.828471,23.745244],[72.828941,23.745035]]],[[[72.833248,23.746991],[72.833151,23.746596],[72.832722,23.746602],[72.832614,23.747352],[72.832724,23.748047],[72.833957,23.748052],[72.832815,23.747284],[72.833248,23.746991]]],[[[72.817864,23.749489],[72.817747,23.748723],[72.816652,23.749042],[72.815588,23.749744],[72.817648,23.75021],[72.817698,23.750108],[72.818815,23.750052],[72.818793,23.749837],[72.817864,23.749489]]],[[[72.860077,23.751623],[72.859412,23.7504],[72.858867,23.750405],[72.858873,23.751066],[72.859451,23.751184],[72.859641,23.751636],[72.860032,23.75188],[72.860077,23.751623]]],[[[72.811067,23.751754],[72.813217,23.750957],[72.813309,23.751036],[72.81343,23.749733],[72.812765,23.750277],[72.811667,23.750739],[72.811067,23.751754]]],[[[72.857396,23.752414],[72.857443,23.751748],[72.85673,23.75194],[72.856742,23.752427],[72.857396,23.752414]]],[[[72.815128,23.751768],[72.81532,23.74991],[72.815021,23.749945],[72.814962,23.751352],[72.813499,23.751199],[72.813998,23.751625],[72.814002,23.751784],[72.814691,23.752199],[72.815128,23.751768]]],[[[72.963873,23.75351],[72.963567,23.753431],[72.963049,23.754164],[72.964134,23.754429],[72.963873,23.75351]]],[[[72.832514,23.751798],[72.831697,23.750974],[72.831152,23.751014],[72.831174,23.751846],[72.831409,23.75191],[72.831777,23.752782],[72.832514,23.751798]]],[[[72.839505,23.75263],[72.839461,23.752164],[72.83913,23.751777],[72.839124,23.751347],[72.840178,23.751147],[72.840441,23.750948],[72.840062,23.750321],[72.839622,23.750267],[72.8388,23.750519],[72.837462,23.750607],[72.837151,23.749803],[72.837327,23.749297],[72.836269,23.749282],[72.836498,23.750845],[72.836172,23.750895],[72.837204,23.752299],[72.836844,23.752991],[72.838133,23.752569],[72.83883,23.753297],[72.839505,23.75263]]],[[[72.859531,23.753937],[72.859539,23.75346],[72.859143,23.75354],[72.858667,23.753018],[72.858466,23.753375],[72.858846,23.75389],[72.859531,23.753937]]],[[[72.835764,23.753677],[72.835869,23.753311],[72.835511,23.753428],[72.835391,23.751241],[72.836118,23.750919],[72.835004,23.750979],[72.835021,23.752305],[72.835322,23.752894],[72.835295,23.753754],[72.835764,23.753677]]],[[[72.964517,23.755776],[72.964237,23.754792],[72.963682,23.755176],[72.96401,23.75579],[72.964712,23.755864],[72.964517,23.755776]]],[[[72.956026,23.756146],[72.956242,23.755436],[72.955009,23.755456],[72.955132,23.755935],[72.956026,23.756146]]],[[[72.838414,23.755561],[72.838128,23.754759],[72.83753,23.755161],[72.838033,23.755576],[72.838414,23.755561]]],[[[72.8561,23.756585],[72.856467,23.756017],[72.856603,23.75604],[72.856568,23.755662],[72.857238,23.753932],[72.856766,23.753914],[72.856583,23.754628],[72.856169,23.755182],[72.855995,23.756312],[72.855743,23.756494],[72.8561,23.756585]]],[[[72.816355,23.75587],[72.816214,23.755146],[72.817151,23.754902],[72.817214,23.754281],[72.81781,23.75429],[72.817843,23.753884],[72.817225,23.753613],[72.81732,23.752587],[72.817774,23.751805],[72.817732,23.75156],[72.816677,23.752196],[72.814744,23.752313],[72.815256,23.753418],[72.814762,23.754987],[72.81533,23.755186],[72.815669,23.755152],[72.81609,23.755895],[72.816308,23.75678],[72.816666,23.756806],[72.817051,23.757056],[72.816833,23.756114],[72.816612,23.755874],[72.816355,23.75587]]],[[[72.95711,23.759076],[72.959989,23.756477],[72.960535,23.75646],[72.961543,23.75504],[72.960426,23.755109],[72.959392,23.756541],[72.958828,23.756916],[72.957941,23.757214],[72.957676,23.758346],[72.957016,23.758769],[72.95711,23.759076]]],[[[72.880697,23.757883],[72.88049,23.7572],[72.879996,23.757345],[72.879282,23.757213],[72.87881,23.757285],[72.87902,23.757631],[72.879783,23.757599],[72.880009,23.75806],[72.880697,23.757883]]],[[[72.861218,23.757713],[72.860812,23.757522],[72.860265,23.757724],[72.860529,23.757952],[72.860496,23.758697],[72.86063,23.758807],[72.861272,23.758201],[72.861218,23.757713]]],[[[72.953541,23.760788],[72.95274,23.759963],[72.952807,23.76032],[72.953298,23.760785],[72.953541,23.760788]]],[[[72.828289,23.75931],[72.828613,23.758551],[72.830038,23.758738],[72.829607,23.758087],[72.828129,23.757994],[72.827435,23.757602],[72.826134,23.757823],[72.825968,23.756865],[72.824961,23.757096],[72.824968,23.757711],[72.825427,23.758175],[72.826776,23.758214],[72.828289,23.75931]]],[[[72.976893,23.761721],[72.976526,23.760521],[72.972717,23.760961],[72.972779,23.761464],[72.973036,23.761651],[72.97545,23.761283],[72.975653,23.7617],[72.976893,23.761721]]],[[[72.902597,23.761382],[72.904238,23.76101],[72.905941,23.761642],[72.906611,23.761114],[72.905881,23.760495],[72.907329,23.760013],[72.908374,23.760385],[72.908522,23.760925],[72.909878,23.761337],[72.910774,23.761278],[72.911139,23.760387],[72.910619,23.758803],[72.90883,23.758708],[72.908507,23.75942],[72.905739,23.759669],[72.904223,23.759505],[72.901812,23.758245],[72.901871,23.758751],[72.901597,23.759267],[72.902006,23.759367],[72.902322,23.759085],[72.903096,23.759382],[72.903086,23.760027],[72.901942,23.760943],[72.901051,23.76068],[72.900086,23.760894],[72.901479,23.762065],[72.902597,23.761382]]],[[[72.967443,23.763182],[72.968181,23.762213],[72.968457,23.762195],[72.968836,23.760921],[72.968867,23.758915],[72.968624,23.758706],[72.96845,23.757974],[72.969102,23.757731],[72.968563,23.75739],[72.96773,23.75794],[72.966549,23.756908],[72.966509,23.75633],[72.965835,23.75647],[72.965913,23.758589],[72.964499,23.761903],[72.963297,23.7626],[72.964481,23.762653],[72.965085,23.763176],[72.965203,23.763798],[72.96596,23.763878],[72.966838,23.764224],[72.966614,23.765087],[72.967116,23.765192],[72.967319,23.76486],[72.967443,23.763182]],[[72.965454,23.760143],[72.967671,23.759003],[72.968054,23.75945],[72.967834,23.7602],[72.967161,23.760808],[72.96656,23.761122],[72.965748,23.761293],[72.965454,23.760143]]],[[[72.961366,23.764656],[72.960619,23.764016],[72.959918,23.763643],[72.960216,23.763019],[72.960075,23.762954],[72.959573,23.76382],[72.959109,23.764282],[72.959381,23.764783],[72.959761,23.764406],[72.960699,23.764839],[72.96151,23.765451],[72.961844,23.765341],[72.961366,23.764656]]],[[[72.830593,23.76385],[72.83032,23.763511],[72.830305,23.762842],[72.829677,23.763156],[72.829422,23.762866],[72.829554,23.763781],[72.830319,23.763715],[72.830593,23.76385]]],[[[72.811943,23.763738],[72.811626,23.760938],[72.810245,23.761277],[72.809373,23.760599],[72.808097,23.761263],[72.808488,23.762165],[72.808623,23.762042],[72.80922,23.762051],[72.809626,23.762606],[72.810327,23.762592],[72.811007,23.763844],[72.811943,23.763738]]],[[[72.953036,23.765107],[72.952941,23.764418],[72.952484,23.764575],[72.95277,23.765505],[72.952654,23.766536],[72.952941,23.766587],[72.953592,23.766005],[72.953036,23.765107]]],[[[72.836824,23.765336],[72.837244,23.765293],[72.837335,23.76474],[72.83711,23.764236],[72.8372,23.763472],[72.836143,23.763052],[72.836879,23.762512],[72.836497,23.762053],[72.835747,23.761852],[72.834347,23.761784],[72.834198,23.762929],[72.835622,23.763164],[72.836757,23.76361],[72.836645,23.764062],[72.834956,23.764205],[72.834203,23.764545],[72.834415,23.764528],[72.834819,23.764807],[72.835966,23.764885],[72.836824,23.765336]]],[[[72.82957,23.76499],[72.829396,23.764557],[72.828449,23.764833],[72.82871,23.76524],[72.82892,23.765076],[72.82957,23.76499]]],[[[72.861328,23.767342],[72.861806,23.766677],[72.86306,23.76679],[72.861785,23.766075],[72.861279,23.765428],[72.861177,23.766654],[72.861328,23.767342]]],[[[72.829177,23.7668],[72.827233,23.76678],[72.827941,23.767762],[72.828901,23.767775],[72.829301,23.768688],[72.830106,23.7687],[72.829457,23.767138],[72.829177,23.7668]]],[[[72.851331,23.771176],[72.851459,23.769299],[72.850331,23.769365],[72.850238,23.769995],[72.849571,23.770148],[72.849385,23.769486],[72.850054,23.769199],[72.850085,23.767938],[72.849139,23.767352],[72.849201,23.766741],[72.850236,23.766966],[72.85116,23.766979],[72.851748,23.767187],[72.852269,23.768313],[72.852352,23.76892],[72.853899,23.768918],[72.853458,23.766986],[72.853061,23.76755],[72.852785,23.76725],[72.853445,23.76693],[72.853399,23.766731],[72.851939,23.766923],[72.851648,23.766567],[72.848966,23.76584],[72.846452,23.765776],[72.846119,23.766393],[72.847237,23.769184],[72.84843,23.770025],[72.848941,23.770973],[72.851331,23.771176]]],[[[72.846977,23.771918],[72.846492,23.77147],[72.846481,23.772102],[72.847768,23.772593],[72.847546,23.772081],[72.846977,23.771918]]],[[[72.911962,23.772187],[72.909406,23.771364],[72.908987,23.770785],[72.906839,23.771186],[72.905602,23.770632],[72.904006,23.77061],[72.902325,23.771017],[72.902436,23.771856],[72.903166,23.771573],[72.903867,23.771622],[72.904187,23.771472],[72.908113,23.771884],[72.908887,23.772145],[72.910597,23.772383],[72.91199,23.772904],[72.912914,23.773526],[72.913237,23.772849],[72.911962,23.772187]]],[[[72.87099,23.776848],[72.871569,23.776365],[72.871749,23.774898],[72.869924,23.774965],[72.870169,23.776274],[72.869666,23.776708],[72.870595,23.776447],[72.87099,23.776848]]],[[[72.848338,23.775974],[72.84798,23.775671],[72.847244,23.775893],[72.847873,23.776637],[72.848253,23.776427],[72.848338,23.775974]]],[[[72.851658,23.777716],[72.851461,23.777287],[72.851163,23.777805],[72.851144,23.778199],[72.852118,23.778129],[72.852137,23.777747],[72.851658,23.777716]]],[[[72.902572,23.777883],[72.902084,23.777469],[72.900983,23.778258],[72.901414,23.778909],[72.902572,23.777883]]],[[[72.836483,23.778387],[72.83585,23.778205],[72.83492,23.778355],[72.83593,23.7788],[72.836483,23.778387]]],[[[72.84423,23.77956],[72.843993,23.778983],[72.842977,23.779196],[72.842633,23.777997],[72.842094,23.778431],[72.841705,23.778426],[72.841422,23.777926],[72.841016,23.777723],[72.841334,23.77885],[72.843116,23.779401],[72.84423,23.77956]]],[[[72.939851,23.779671],[72.937302,23.779416],[72.934754,23.779621],[72.935826,23.78083],[72.938716,23.781872],[72.938606,23.782221],[72.938955,23.782276],[72.939006,23.782482],[72.938415,23.782823],[72.938388,23.783432],[72.938146,23.783519],[72.938,23.783812],[72.938091,23.784011],[72.939465,23.782356],[72.939116,23.782301],[72.939474,23.781472],[72.939375,23.780992],[72.939851,23.779671]]],[[[72.871714,23.781727],[72.871041,23.781603],[72.870355,23.78166],[72.870139,23.780893],[72.869394,23.78073],[72.869228,23.781358],[72.870181,23.782155],[72.870328,23.782654],[72.869998,23.783354],[72.870822,23.783347],[72.870894,23.783005],[72.871714,23.781727]]],[[[72.848022,23.785564],[72.84927,23.785438],[72.849853,23.785554],[72.852043,23.784975],[72.852598,23.784338],[72.852071,23.783358],[72.850441,23.784381],[72.849278,23.784049],[72.848693,23.783683],[72.84795,23.782603],[72.847548,23.783195],[72.84828,23.784099],[72.847687,23.784664],[72.848022,23.785564]]],[[[72.918942,23.786623],[72.915338,23.785051],[72.914474,23.783762],[72.912527,23.783735],[72.91176,23.783104],[72.911977,23.783785],[72.912465,23.784422],[72.914049,23.784688],[72.914572,23.785139],[72.914471,23.786063],[72.916744,23.786092],[72.917015,23.787003],[72.918942,23.786623]]],[[[72.862168,23.785025],[72.861759,23.784303],[72.860374,23.785187],[72.86038,23.785789],[72.8623,23.786324],[72.862977,23.78584],[72.862168,23.785025]]],[[[72.905681,23.784961],[72.905147,23.784427],[72.904807,23.785859],[72.905455,23.785939],[72.905172,23.787368],[72.906285,23.787551],[72.906461,23.786287],[72.906268,23.785377],[72.906427,23.785246],[72.905681,23.784961]]],[[[72.932398,23.789247],[72.934729,23.788706],[72.934737,23.7871],[72.933825,23.786973],[72.933929,23.788331],[72.93228,23.788825],[72.932398,23.789247]]],[[[72.969673,23.789335],[72.970016,23.78875],[72.970349,23.785885],[72.970005,23.785748],[72.96982,23.788208],[72.968974,23.789201],[72.96852,23.789144],[72.968864,23.790129],[72.969673,23.789335]]],[[[72.852836,23.788303],[72.851755,23.788378],[72.851176,23.78857],[72.851556,23.789135],[72.852889,23.788537],[72.852836,23.788303]]],[[[72.945013,23.789353],[72.944419,23.788931],[72.944244,23.789687],[72.944666,23.790591],[72.944952,23.79027],[72.945013,23.789353]]],[[[72.915384,23.787302],[72.914991,23.787267],[72.916219,23.788314],[72.91663,23.789882],[72.916642,23.790489],[72.916821,23.790411],[72.916841,23.789133],[72.916661,23.788234],[72.915466,23.787502],[72.915384,23.787302]]],[[[72.969295,23.791928],[72.96873,23.790431],[72.967446,23.7915],[72.96808,23.791616],[72.968116,23.79182],[72.968637,23.791731],[72.968657,23.792066],[72.969295,23.791928]]],[[[72.834409,23.789739],[72.834518,23.789111],[72.83403,23.789436],[72.832868,23.789401],[72.832791,23.789155],[72.832511,23.790223],[72.834409,23.789739]]],[[[72.957377,23.792065],[72.957317,23.791324],[72.956862,23.791371],[72.95682,23.791986],[72.957204,23.792132],[72.957377,23.792065]]],[[[72.815529,23.78832],[72.815164,23.785305],[72.814052,23.785075],[72.81349,23.784517],[72.809004,23.78271],[72.808596,23.780698],[72.808223,23.779713],[72.808399,23.779224],[72.807885,23.779082],[72.807397,23.77939],[72.807135,23.779243],[72.807003,23.77874],[72.806726,23.778564],[72.807109,23.777967],[72.807736,23.777795],[72.808047,23.777847],[72.807983,23.777034],[72.807409,23.775641],[72.807494,23.775212],[72.806586,23.775175],[72.806736,23.775559],[72.806315,23.775864],[72.805329,23.775874],[72.805474,23.774944],[72.805279,23.774201],[72.805078,23.773792],[72.804399,23.773559],[72.804105,23.773038],[72.803497,23.773698],[72.802515,23.773397],[72.80209,23.774012],[72.801406,23.773023],[72.802019,23.772053],[72.801749,23.769588],[72.802356,23.769],[72.802037,23.767873],[72.802537,23.76745],[72.801821,23.76529],[72.800925,23.766113],[72.80006,23.766602],[72.799372,23.765876],[72.799907,23.764904],[72.80054,23.764292],[72.801767,23.763904],[72.801725,23.763306],[72.800986,23.763345],[72.801001,23.763198],[72.800035,23.763473],[72.798836,23.762262],[72.798211,23.760819],[72.797724,23.758925],[72.797673,23.7573],[72.798142,23.755659],[72.799176,23.752807],[72.799749,23.75272],[72.800415,23.753207],[72.800583,23.754045],[72.800267,23.755856],[72.801073,23.758854],[72.80198,23.760491],[72.802712,23.760143],[72.803832,23.759896],[72.803683,23.759536],[72.802056,23.759011],[72.801421,23.75819],[72.801556,23.756376],[72.801454,23.754703],[72.80211,23.754258],[72.803118,23.754512],[72.80345,23.754827],[72.803441,23.756905],[72.803731,23.758223],[72.804663,23.758355],[72.805184,23.75791],[72.805125,23.75712],[72.806165,23.756797],[72.805964,23.756606],[72.806239,23.755631],[72.805257,23.755426],[72.804731,23.754296],[72.804348,23.753932],[72.8046,23.752837],[72.80649,23.753055],[72.8066,23.752674],[72.805748,23.752447],[72.805596,23.750677],[72.805936,23.750515],[72.806734,23.750908],[72.806903,23.751675],[72.807577,23.751685],[72.807956,23.750734],[72.8072,23.750939],[72.806745,23.750263],[72.806713,23.749976],[72.805976,23.749703],[72.805336,23.749145],[72.805123,23.747947],[72.805575,23.747309],[72.80652,23.747787],[72.806364,23.746627],[72.807375,23.745665],[72.807052,23.74432],[72.808307,23.743741],[72.808581,23.744413],[72.809438,23.744402],[72.809839,23.744541],[72.810167,23.744269],[72.811278,23.744523],[72.811402,23.743307],[72.811083,23.742251],[72.809959,23.742737],[72.808063,23.742829],[72.80827,23.741327],[72.808673,23.740497],[72.809717,23.74013],[72.810964,23.740004],[72.809629,23.739197],[72.809738,23.737288],[72.81009,23.736456],[72.810602,23.73687],[72.811767,23.73703],[72.81187,23.735478],[72.810657,23.735127],[72.810774,23.734685],[72.810647,23.734632],[72.811433,23.73349],[72.811646,23.729077],[72.810885,23.728914],[72.81011,23.731172],[72.809752,23.733919],[72.809519,23.733713],[72.808532,23.736506],[72.807738,23.740556],[72.807574,23.742608],[72.807074,23.743006],[72.806312,23.745122],[72.805218,23.745345],[72.805934,23.742895],[72.805767,23.74048],[72.805841,23.739143],[72.806433,23.738165],[72.805652,23.738018],[72.804952,23.739537],[72.804169,23.739812],[72.804211,23.738881],[72.803625,23.738252],[72.803223,23.735881],[72.803314,23.73416],[72.80393,23.73398],[72.805121,23.734117],[72.806694,23.734688],[72.80815,23.734101],[72.808736,23.733385],[72.808908,23.733457],[72.809918,23.729049],[72.810549,23.72779],[72.810159,23.725046],[72.807668,23.727883],[72.806175,23.729832],[72.804336,23.731501],[72.804506,23.731595],[72.80326,23.732132],[72.801935,23.733785],[72.80122,23.736187],[72.801289,23.738266],[72.801047,23.740441],[72.801989,23.739853],[72.803363,23.73992],[72.803779,23.741407],[72.802944,23.741706],[72.80227,23.741672],[72.801049,23.742203],[72.801289,23.744453],[72.80174,23.745415],[72.801744,23.746681],[72.800835,23.748292],[72.799482,23.750065],[72.798092,23.750952],[72.797374,23.751969],[72.796497,23.754704],[72.79646,23.756901],[72.79604,23.758758],[72.79599,23.761695],[72.796299,23.763877],[72.799678,23.769248],[72.800039,23.770973],[72.801487,23.774362],[72.802557,23.775548],[72.802922,23.776276],[72.80317,23.776248],[72.803343,23.776658],[72.805317,23.778143],[72.806082,23.778942],[72.806765,23.780003],[72.806774,23.781006],[72.806609,23.781553],[72.806699,23.782367],[72.806865,23.783324],[72.807487,23.78491],[72.80871,23.786313],[72.809458,23.78661],[72.810933,23.78687],[72.812531,23.787537],[72.813368,23.787143],[72.814354,23.787205],[72.814941,23.78781],[72.815232,23.788985],[72.81571,23.789899],[72.818838,23.790684],[72.819283,23.790634],[72.8181,23.789838],[72.815979,23.789378],[72.815529,23.78832]],[[72.803184,23.74264],[72.804966,23.742543],[72.805017,23.743382],[72.804003,23.743963],[72.803628,23.744029],[72.803182,23.743722],[72.803135,23.742789],[72.802981,23.742775],[72.803184,23.74264]],[[72.810098,23.735363],[72.80994,23.735104],[72.809661,23.735106],[72.809498,23.734716],[72.809845,23.734624],[72.81023,23.735257],[72.810098,23.735363]],[[72.805164,23.756308],[72.805039,23.757165],[72.804165,23.757058],[72.803864,23.756481],[72.804338,23.756034],[72.805164,23.756308]]],[[[72.936853,23.794651],[72.936475,23.792305],[72.938237,23.789223],[72.938052,23.787709],[72.937215,23.788012],[72.937096,23.788947],[72.935813,23.789047],[72.93512,23.789372],[72.935451,23.790568],[72.934195,23.790709],[72.933608,23.791556],[72.932065,23.791937],[72.932206,23.792489],[72.933119,23.792223],[72.933642,23.793296],[72.935184,23.792992],[72.933673,23.796004],[72.936853,23.794651]]],[[[72.835715,23.795575],[72.836933,23.79477],[72.837717,23.795087],[72.83835,23.795707],[72.838876,23.795294],[72.838058,23.794538],[72.838085,23.794175],[72.838462,23.79397],[72.839458,23.793984],[72.840138,23.794357],[72.840615,23.794402],[72.840685,23.793887],[72.841319,23.793265],[72.842238,23.792915],[72.842708,23.791943],[72.842192,23.790697],[72.841577,23.790173],[72.840227,23.79023],[72.839724,23.79051],[72.838963,23.791302],[72.838159,23.790966],[72.837932,23.789587],[72.84046,23.788647],[72.840029,23.788374],[72.840454,23.787768],[72.840976,23.787623],[72.841104,23.787414],[72.841937,23.787292],[72.842279,23.786704],[72.84413,23.786501],[72.843934,23.785829],[72.842226,23.78613],[72.840243,23.786752],[72.840316,23.787365],[72.8395,23.787736],[72.83909,23.787367],[72.837315,23.787973],[72.837178,23.788716],[72.836047,23.789083],[72.835752,23.789531],[72.836127,23.789485],[72.836715,23.790334],[72.835716,23.790511],[72.835957,23.790992],[72.835675,23.791733],[72.835706,23.792345],[72.834827,23.792773],[72.834063,23.792513],[72.833514,23.791799],[72.833266,23.792942],[72.832018,23.793058],[72.832204,23.794398],[72.831069,23.794497],[72.831198,23.794938],[72.832423,23.79548],[72.833113,23.794659],[72.833754,23.794821],[72.834161,23.795343],[72.834926,23.795676],[72.835715,23.795575]],[[72.8397,23.793185],[72.83911,23.79245],[72.839062,23.791303],[72.840468,23.790711],[72.841145,23.791199],[72.842063,23.790963],[72.842171,23.791939],[72.840702,23.792874],[72.8397,23.793185]]],[[[72.804158,23.779154],[72.802632,23.778343],[72.803903,23.780721],[72.804702,23.7826],[72.804333,23.784582],[72.804583,23.785169],[72.808853,23.790669],[72.810711,23.793789],[72.81208,23.795389],[72.812362,23.794558],[72.811642,23.792565],[72.809971,23.790057],[72.805387,23.784808],[72.804957,23.781004],[72.804158,23.779154]]],[[[72.927761,23.79639],[72.929072,23.796432],[72.929101,23.796241],[72.92873,23.79589],[72.928606,23.795138],[72.928184,23.795327],[72.928139,23.795488],[72.927213,23.79581],[72.927361,23.796254],[72.927153,23.797087],[72.927699,23.797035],[72.927761,23.79639]]],[[[72.970841,23.798723],[72.971796,23.798406],[72.972666,23.798625],[72.973004,23.798577],[72.972115,23.795945],[72.971529,23.79555],[72.971302,23.795117],[72.970457,23.795364],[72.970228,23.79506],[72.970549,23.794477],[72.970096,23.793511],[72.970655,23.793676],[72.971524,23.794848],[72.971775,23.794765],[72.971844,23.794336],[72.971473,23.794131],[72.97122,23.793382],[72.970369,23.792998],[72.970422,23.792583],[72.971111,23.792363],[72.970609,23.791568],[72.97114,23.791518],[72.971232,23.790602],[72.970971,23.790355],[72.970955,23.78938],[72.970461,23.789101],[72.970736,23.788395],[72.970568,23.788297],[72.970101,23.789211],[72.969275,23.790218],[72.96922,23.790776],[72.969793,23.791959],[72.969908,23.793637],[72.970058,23.793997],[72.970035,23.794484],[72.969542,23.795137],[72.969661,23.795469],[72.970432,23.795966],[72.970612,23.796441],[72.971135,23.796864],[72.971496,23.797671],[72.971193,23.798097],[72.970627,23.798448],[72.970577,23.798648],[72.970841,23.798723]]],[[[72.969677,23.799006],[72.955134,23.778962],[72.953429,23.776398],[72.950764,23.772885],[72.94951,23.770728],[72.949038,23.76883],[72.948949,23.767698],[72.949026,23.756961],[72.94951,23.755904],[72.950912,23.754317],[72.95057,23.753811],[72.948925,23.755932],[72.94857,23.75705],[72.948506,23.764503],[72.948621,23.766212],[72.948508,23.767632],[72.948934,23.770414],[72.950388,23.773033],[72.961528,23.788424],[72.968156,23.797914],[72.968603,23.798508],[72.969677,23.799006]]],[[[72.970674,23.799465],[72.971006,23.798914],[72.970431,23.799014],[72.970329,23.798822],[72.970113,23.799197],[72.970323,23.799458],[72.970674,23.799465]]],[[[72.831686,23.795538],[72.830508,23.795206],[72.830773,23.795506],[72.832195,23.796194],[72.832499,23.796657],[72.832258,23.797602],[72.832624,23.796583],[72.832365,23.795967],[72.831686,23.795538]]],[[[72.923966,23.802443],[72.927252,23.801974],[72.927251,23.801806],[72.924437,23.802222],[72.922843,23.802033],[72.922395,23.801621],[72.920389,23.802048],[72.916946,23.802264],[72.916777,23.80145],[72.915791,23.801413],[72.915424,23.801722],[72.916597,23.802029],[72.916521,23.802526],[72.918202,23.802461],[72.920219,23.802165],[72.922836,23.802451],[72.923026,23.802753],[72.923966,23.802443]]],[[[72.836954,23.803403],[72.836062,23.802119],[72.835541,23.802236],[72.835123,23.802647],[72.835578,23.804009],[72.836954,23.803403]]],[[[72.833953,23.804285],[72.834005,23.804084],[72.834291,23.804224],[72.834711,23.803785],[72.835021,23.803767],[72.834823,23.803462],[72.834814,23.802755],[72.834491,23.802196],[72.832709,23.800212],[72.832527,23.799304],[72.832464,23.800234],[72.830808,23.800138],[72.831064,23.800963],[72.830847,23.802311],[72.832938,23.802085],[72.833096,23.802481],[72.832427,23.802832],[72.833087,23.80405],[72.833778,23.803964],[72.833953,23.804285]]],[[[72.909905,23.807257],[72.909782,23.806709],[72.909223,23.807053],[72.909905,23.807257]]],[[[72.84389,23.80657],[72.843035,23.805378],[72.844037,23.805215],[72.844812,23.804825],[72.845219,23.804047],[72.845099,23.803343],[72.841528,23.803671],[72.841646,23.805373],[72.839386,23.805131],[72.840112,23.803937],[72.839698,23.803855],[72.838099,23.805075],[72.837818,23.805125],[72.83896,23.805737],[72.838921,23.805897],[72.839456,23.805916],[72.840281,23.806252],[72.844521,23.806885],[72.84389,23.80657]]],[[[72.937532,23.807972],[72.937604,23.807424],[72.933025,23.807338],[72.931067,23.807957],[72.933279,23.808488],[72.937532,23.807972]]],[[[72.822642,23.808211],[72.822777,23.807582],[72.823508,23.807383],[72.821025,23.806416],[72.820976,23.807738],[72.821716,23.807682],[72.822316,23.807863],[72.822371,23.808303],[72.822642,23.808211]]],[[[72.847238,23.807572],[72.847619,23.806716],[72.848231,23.806319],[72.847902,23.805956],[72.848169,23.805351],[72.847479,23.805621],[72.847577,23.806253],[72.847396,23.806768],[72.846893,23.807071],[72.846081,23.806826],[72.845793,23.807128],[72.846533,23.807467],[72.84694,23.807969],[72.846902,23.80868],[72.847205,23.808317],[72.847238,23.807572]]],[[[72.910673,23.809581],[72.910408,23.809111],[72.90725,23.809355],[72.906688,23.809043],[72.907069,23.808664],[72.908138,23.808356],[72.90792,23.807853],[72.906127,23.80873],[72.906,23.808912],[72.904787,23.809254],[72.905057,23.809461],[72.905048,23.81001],[72.906746,23.810287],[72.908141,23.809618],[72.910673,23.809581]]],[[[72.916388,23.809973],[72.916347,23.809333],[72.91528,23.809757],[72.91539,23.809937],[72.915635,23.809841],[72.917016,23.810669],[72.916388,23.809973]]],[[[72.916262,23.810957],[72.914882,23.810463],[72.915327,23.810148],[72.914059,23.80977],[72.912265,23.809925],[72.912335,23.810819],[72.912865,23.810559],[72.9131,23.811262],[72.916262,23.810957]]],[[[72.902613,23.810491],[72.901243,23.810078],[72.900428,23.810913],[72.900784,23.810961],[72.901243,23.812319],[72.902338,23.812047],[72.902613,23.810491]]],[[[72.837141,23.811482],[72.836678,23.810635],[72.83734,23.810759],[72.837253,23.809745],[72.837735,23.809503],[72.838107,23.809623],[72.838565,23.809553],[72.838968,23.810285],[72.84039,23.809712],[72.8406,23.808301],[72.841432,23.808236],[72.841787,23.809369],[72.842752,23.808771],[72.842433,23.807983],[72.842632,23.80726],[72.844702,23.807709],[72.845023,23.807708],[72.844954,23.80754],[72.842058,23.806831],[72.840562,23.806848],[72.839945,23.806458],[72.838682,23.806249],[72.837651,23.807056],[72.836501,23.807498],[72.835858,23.80747],[72.834754,23.8064],[72.833225,23.805886],[72.832811,23.805559],[72.83283,23.805918],[72.833724,23.808053],[72.833591,23.808336],[72.833797,23.809008],[72.834704,23.809422],[72.835422,23.809968],[72.835339,23.811209],[72.837141,23.811482]]],[[[72.944478,23.814487],[72.943973,23.812892],[72.942059,23.813535],[72.942153,23.814468],[72.944478,23.814487]]],[[[72.917444,23.812786],[72.917204,23.812681],[72.914459,23.813932],[72.916247,23.814171],[72.917094,23.813696],[72.917444,23.812786]]],[[[72.920802,23.81443],[72.921378,23.813946],[72.921355,23.813809],[72.920769,23.813945],[72.92044,23.813415],[72.919537,23.812927],[72.920802,23.81443]]],[[[72.940187,23.814657],[72.939929,23.812902],[72.936798,23.81325],[72.936765,23.814353],[72.936975,23.814858],[72.940187,23.814657]]],[[[72.919201,23.815295],[72.92013,23.813926],[72.919561,23.81328],[72.918728,23.813173],[72.918687,23.813919],[72.919201,23.815295]]],[[[72.898802,23.815343],[72.899921,23.81463],[72.897583,23.814706],[72.897252,23.813519],[72.895893,23.813214],[72.895247,23.812915],[72.893594,23.813352],[72.89405,23.814013],[72.895729,23.81383],[72.895879,23.813712],[72.896447,23.813911],[72.897495,23.814905],[72.898569,23.815146],[72.898802,23.815343]]],[[[72.81515,23.812255],[72.813921,23.812053],[72.813753,23.813388],[72.815359,23.814271],[72.814917,23.813347],[72.814964,23.813061],[72.815569,23.812927],[72.81515,23.812255]]],[[[72.886797,23.818138],[72.88842,23.817372],[72.889835,23.81732],[72.890246,23.8176],[72.890691,23.81738],[72.890364,23.816754],[72.890498,23.816469],[72.891095,23.816489],[72.891118,23.815904],[72.890317,23.816443],[72.889853,23.817022],[72.889247,23.816798],[72.888617,23.817184],[72.888102,23.81695],[72.888019,23.817271],[72.887258,23.817739],[72.885697,23.817956],[72.885612,23.817573],[72.8869,23.816587],[72.886594,23.816249],[72.88629,23.816627],[72.885861,23.816645],[72.885736,23.817133],[72.885356,23.81733],[72.885009,23.817947],[72.8845,23.818107],[72.884064,23.818902],[72.884488,23.818835],[72.884809,23.818278],[72.886797,23.818138]]],[[[72.803215,23.8169],[72.802403,23.816657],[72.799363,23.816793],[72.800975,23.818153],[72.801255,23.817187],[72.802299,23.817188],[72.803215,23.8169]]],[[[72.928256,23.819428],[72.927915,23.818305],[72.927125,23.818999],[72.928606,23.819963],[72.928942,23.820383],[72.929161,23.820285],[72.928783,23.819607],[72.928256,23.819428]]],[[[72.893244,23.820502],[72.893398,23.820362],[72.894101,23.818477],[72.893075,23.818499],[72.893244,23.820502]]],[[[72.822928,23.816893],[72.823565,23.816422],[72.824573,23.81701],[72.82444,23.817466],[72.825005,23.817729],[72.825421,23.817626],[72.826088,23.817031],[72.826621,23.817221],[72.827302,23.816966],[72.827656,23.816422],[72.828301,23.816374],[72.828681,23.817618],[72.829553,23.81763],[72.830839,23.817349],[72.830559,23.816731],[72.829461,23.816582],[72.82898,23.815505],[72.826677,23.816619],[72.826138,23.816573],[72.825584,23.816126],[72.825073,23.816883],[72.824087,23.816219],[72.824105,23.81513],[72.825271,23.813752],[72.825486,23.813296],[72.826279,23.813097],[72.828774,23.812922],[72.82933,23.813236],[72.829516,23.811996],[72.8299,23.811409],[72.827998,23.810866],[72.825534,23.810411],[72.823584,23.81025],[72.822358,23.81029],[72.821378,23.810544],[72.820807,23.809905],[72.820852,23.807857],[72.819512,23.806619],[72.818704,23.805251],[72.818544,23.803605],[72.8189,23.80214],[72.818445,23.801195],[72.819576,23.801145],[72.818894,23.799721],[72.817992,23.800212],[72.817367,23.798604],[72.81742,23.797878],[72.818384,23.797677],[72.818432,23.796363],[72.816985,23.795937],[72.816901,23.794741],[72.815734,23.794701],[72.815897,23.795826],[72.814884,23.795859],[72.814926,23.794904],[72.814445,23.794181],[72.814253,23.793199],[72.813845,23.792763],[72.814141,23.79217],[72.815099,23.792303],[72.815529,23.793002],[72.816437,23.793015],[72.817691,23.792555],[72.817962,23.793395],[72.819484,23.793966],[72.819911,23.794856],[72.819974,23.795716],[72.820931,23.795945],[72.821404,23.795569],[72.821414,23.79502],[72.822247,23.794841],[72.822687,23.794943],[72.822986,23.795687],[72.823326,23.795882],[72.823665,23.795864],[72.823872,23.797147],[72.824103,23.79696],[72.824173,23.79654],[72.824179,23.794897],[72.823857,23.7943],[72.824198,23.793789],[72.826108,23.793796],[72.826663,23.794148],[72.827538,23.79395],[72.828009,23.794377],[72.828924,23.794333],[72.829345,23.793957],[72.83001,23.793909],[72.830051,23.794084],[72.830035,23.793661],[72.828552,23.792933],[72.82704,23.792701],[72.826071,23.792267],[72.825303,23.792256],[72.824982,23.792844],[72.82302,23.79339],[72.822055,23.793275],[72.821155,23.793416],[72.819835,23.793159],[72.818984,23.791283],[72.815825,23.790833],[72.813496,23.788793],[72.809911,23.787405],[72.809671,23.787807],[72.810966,23.789522],[72.815094,23.797272],[72.815133,23.798238],[72.815403,23.798292],[72.815799,23.79905],[72.816069,23.800697],[72.815445,23.802401],[72.814419,23.803653],[72.813829,23.805597],[72.813085,23.806138],[72.812773,23.80595],[72.812468,23.806393],[72.812727,23.80674],[72.813163,23.806607],[72.813878,23.807578],[72.81393,23.807924],[72.81255,23.80968],[72.813492,23.810195],[72.814157,23.809545],[72.81469,23.808202],[72.815194,23.808985],[72.815449,23.809848],[72.815209,23.810552],[72.815482,23.811645],[72.816497,23.812997],[72.816471,23.814418],[72.81679,23.81435],[72.817106,23.814636],[72.81722,23.814003],[72.817114,23.813369],[72.818429,23.812986],[72.818538,23.812701],[72.819713,23.813234],[72.820322,23.812841],[72.820998,23.813619],[72.820879,23.813885],[72.821235,23.815007],[72.821963,23.816063],[72.822585,23.817714],[72.822188,23.818156],[72.821816,23.819076],[72.821836,23.819823],[72.822305,23.818934],[72.823132,23.81802],[72.823259,23.817249],[72.822928,23.816893]],[[72.82178,23.813462],[72.822624,23.812837],[72.821053,23.812528],[72.820863,23.812045],[72.820982,23.811618],[72.821707,23.811585],[72.821939,23.810888],[72.822648,23.810382],[72.823858,23.8107],[72.824286,23.811208],[72.824011,23.81159],[72.824094,23.811854],[72.824597,23.811793],[72.824798,23.812178],[72.825006,23.813442],[72.824375,23.81393],[72.823709,23.814062],[72.82373,23.814635],[72.823256,23.81495],[72.821835,23.81406],[72.82178,23.813462]],[[72.818241,23.811837],[72.817054,23.812011],[72.816386,23.811924],[72.815868,23.810867],[72.816056,23.809608],[72.815711,23.808745],[72.815689,23.806699],[72.814658,23.807295],[72.813835,23.805793],[72.814902,23.805293],[72.815397,23.804268],[72.816258,23.803726],[72.816967,23.803564],[72.817583,23.803974],[72.81811,23.806007],[72.819952,23.807619],[72.82016,23.808826],[72.819776,23.810693],[72.818241,23.811837]]],[[[72.806608,23.819929],[72.806776,23.818685],[72.806463,23.818115],[72.807676,23.81606],[72.808066,23.814203],[72.808002,23.813821],[72.807447,23.814896],[72.806714,23.815846],[72.806931,23.816714],[72.806637,23.817291],[72.804989,23.817267],[72.805188,23.817659],[72.806198,23.817845],[72.805856,23.818729],[72.805212,23.819035],[72.804653,23.818941],[72.804682,23.819959],[72.80546,23.820127],[72.806608,23.819929]]],[[[72.901442,23.820922],[72.902939,23.820568],[72.902771,23.82022],[72.902871,23.819856],[72.903815,23.819711],[72.903843,23.819446],[72.903513,23.819119],[72.903308,23.819317],[72.902934,23.819283],[72.901297,23.819834],[72.900803,23.820551],[72.899552,23.820753],[72.899404,23.820675],[72.899599,23.820322],[72.899608,23.819787],[72.900332,23.81932],[72.900334,23.818565],[72.899157,23.818749],[72.899267,23.819668],[72.898619,23.820548],[72.898004,23.822451],[72.899686,23.821973],[72.899582,23.821147],[72.901442,23.820922]]],[[[72.908296,23.821807],[72.908198,23.821435],[72.905135,23.822242],[72.904571,23.822581],[72.905311,23.822543],[72.906447,23.822152],[72.908296,23.821807]]],[[[72.888688,23.822861],[72.888763,23.821239],[72.888281,23.821046],[72.888057,23.820509],[72.887053,23.82077],[72.887201,23.821326],[72.886906,23.822264],[72.886377,23.822245],[72.887365,23.8228],[72.888822,23.822959],[72.888688,23.822861]]],[[[72.853051,23.821603],[72.851432,23.821504],[72.851014,23.82169],[72.85188,23.822772],[72.853377,23.82199],[72.853051,23.821603]]],[[[72.904533,23.824159],[72.904277,23.823654],[72.903664,23.823947],[72.902983,23.824052],[72.90333,23.824415],[72.904533,23.824159]]],[[[72.900834,23.82501],[72.900631,23.823781],[72.900166,23.823596],[72.899893,23.823663],[72.89982,23.82414],[72.89933,23.823931],[72.899656,23.824664],[72.900207,23.825077],[72.900834,23.82501]]],[[[72.90731,23.82505],[72.910239,23.824553],[72.912333,23.825381],[72.91248,23.824517],[72.911955,23.824432],[72.910451,23.823445],[72.909703,23.823936],[72.908888,23.823131],[72.909182,23.822452],[72.908459,23.822191],[72.90849,23.823038],[72.90586,23.823131],[72.905838,23.823296],[72.90527,23.823409],[72.905295,23.823768],[72.905784,23.823688],[72.907054,23.824008],[72.907161,23.824582],[72.906107,23.824747],[72.905976,23.825605],[72.904922,23.82577],[72.904955,23.826165],[72.905732,23.826283],[72.905958,23.826752],[72.90623,23.826791],[72.90632,23.82604],[72.90714,23.825908],[72.90731,23.82505]]],[[[72.904494,23.826545],[72.904149,23.826218],[72.903794,23.826213],[72.903547,23.825937],[72.903207,23.825266],[72.903164,23.824563],[72.902943,23.824216],[72.903002,23.825915],[72.903446,23.826402],[72.903081,23.826394],[72.903246,23.826647],[72.904036,23.826777],[72.904255,23.827712],[72.904969,23.827674],[72.904826,23.82692],[72.905618,23.826883],[72.905671,23.826678],[72.904494,23.826545]]],[[[72.851221,23.827906],[72.853061,23.827841],[72.853196,23.827184],[72.849906,23.826932],[72.849945,23.828515],[72.851221,23.827906]]],[[[72.879098,23.826917],[72.881222,23.826723],[72.881783,23.82592],[72.880183,23.826113],[72.879383,23.825063],[72.878186,23.824365],[72.876398,23.824197],[72.875514,23.824298],[72.875916,23.824853],[72.875721,23.824879],[72.876175,23.825878],[72.877061,23.8265],[72.876672,23.828895],[72.878075,23.828807],[72.878131,23.827769],[72.87907,23.827531],[72.879098,23.826917]]],[[[72.813729,23.827655],[72.813613,23.827166],[72.812312,23.827289],[72.814474,23.828755],[72.815563,23.828737],[72.81557,23.828192],[72.814822,23.828147],[72.813729,23.827655]]],[[[72.810615,23.831024],[72.811444,23.82957],[72.810629,23.829108],[72.81112,23.827646],[72.812559,23.828299],[72.812383,23.828023],[72.810458,23.826677],[72.809808,23.825686],[72.809407,23.825673],[72.809968,23.826698],[72.809952,23.827665],[72.809028,23.8293],[72.807797,23.830752],[72.809071,23.831379],[72.810615,23.831024]],[[72.808951,23.830152],[72.809326,23.829603],[72.809893,23.829736],[72.809508,23.83039],[72.808951,23.830152]]],[[[72.900532,23.832304],[72.900611,23.832593],[72.901637,23.833336],[72.901788,23.833672],[72.901775,23.832941],[72.900532,23.832304]]],[[[72.894671,23.833981],[72.894421,23.832632],[72.894314,23.832675],[72.894195,23.832364],[72.893152,23.832673],[72.893175,23.832052],[72.892929,23.832001],[72.892289,23.832243],[72.891789,23.831854],[72.891489,23.831109],[72.890607,23.831061],[72.890617,23.831795],[72.889805,23.831706],[72.889736,23.83249],[72.889427,23.832706],[72.889764,23.833375],[72.891851,23.832939],[72.891793,23.8336],[72.893049,23.833195],[72.894671,23.833981]]],[[[72.825615,23.831972],[72.823652,23.831891],[72.824211,23.83364],[72.825684,23.832546],[72.825615,23.831972]]],[[[72.830009,23.834745],[72.830725,23.834665],[72.831473,23.834814],[72.832603,23.834438],[72.832177,23.833223],[72.831938,23.831628],[72.83178,23.831724],[72.830135,23.831134],[72.827062,23.830493],[72.826319,23.832184],[72.826332,23.832474],[72.827245,23.833093],[72.82809,23.834986],[72.828825,23.835683],[72.830009,23.834745]]],[[[72.843216,23.833774],[72.841661,23.832848],[72.840557,23.832371],[72.840228,23.833291],[72.840893,23.833203],[72.841124,23.833349],[72.841003,23.83373],[72.841087,23.834215],[72.842052,23.834669],[72.842673,23.835215],[72.842631,23.83574],[72.843343,23.836328],[72.843108,23.835645],[72.844108,23.835335],[72.843216,23.833774]]],[[[72.912758,23.837537],[72.912269,23.836377],[72.910596,23.83631],[72.909407,23.837372],[72.910151,23.837382],[72.912238,23.837039],[72.912391,23.837648],[72.912758,23.837537]]],[[[72.798087,23.829108],[72.796704,23.829072],[72.795576,23.830183],[72.792226,23.831297],[72.794104,23.831989],[72.795096,23.833222],[72.79572,23.835488],[72.795792,23.836921],[72.796552,23.836401],[72.798722,23.835659],[72.798087,23.829108]]],[[[72.844227,23.836694],[72.843437,23.836398],[72.843849,23.837613],[72.844232,23.837253],[72.844227,23.836694]]],[[[72.870574,23.837375],[72.869798,23.83555],[72.871749,23.83456],[72.86941,23.832306],[72.868854,23.832979],[72.869227,23.833988],[72.870196,23.834252],[72.86976,23.835481],[72.869672,23.83532],[72.868496,23.835769],[72.867232,23.836898],[72.866379,23.834271],[72.86717,23.833494],[72.865863,23.832472],[72.865661,23.830646],[72.864187,23.830156],[72.864116,23.829362],[72.862505,23.828198],[72.860228,23.826948],[72.860286,23.825766],[72.860095,23.825548],[72.858528,23.826064],[72.858387,23.827531],[72.857752,23.829574],[72.858185,23.829502],[72.8592,23.829708],[72.860099,23.829338],[72.861381,23.828457],[72.861852,23.828846],[72.860626,23.83011],[72.86101,23.832045],[72.860709,23.832671],[72.860207,23.832856],[72.859149,23.832803],[72.857582,23.833331],[72.85766,23.833899],[72.85961,23.833711],[72.859834,23.834323],[72.858842,23.83542],[72.85828,23.836452],[72.859233,23.837683],[72.860874,23.838125],[72.862404,23.83676],[72.86443,23.836716],[72.866288,23.837423],[72.867247,23.838332],[72.868725,23.83846],[72.870574,23.837375]]],[[[72.82874,23.838259],[72.823853,23.835536],[72.823577,23.836424],[72.824841,23.837052],[72.826523,23.838246],[72.827248,23.838579],[72.827859,23.838718],[72.82874,23.838259]]],[[[72.908026,23.838965],[72.907402,23.838465],[72.907393,23.838566],[72.90712,23.838538],[72.907159,23.838762],[72.907556,23.839149],[72.908688,23.839822],[72.908976,23.840471],[72.909707,23.840242],[72.908738,23.839082],[72.908026,23.838965]]],[[[72.901364,23.839767],[72.900477,23.839292],[72.900157,23.838852],[72.89974,23.839067],[72.899647,23.840021],[72.900646,23.840859],[72.90118,23.840759],[72.901369,23.840569],[72.901364,23.839767]]],[[[72.911821,23.841214],[72.912047,23.840859],[72.913074,23.841316],[72.913173,23.841073],[72.912549,23.840851],[72.910929,23.83979],[72.910996,23.840472],[72.911525,23.841518],[72.912689,23.842289],[72.912753,23.84212],[72.911946,23.841514],[72.911821,23.841214]]],[[[72.845362,23.840693],[72.843916,23.837696],[72.844146,23.839038],[72.845052,23.8408],[72.846309,23.842332],[72.846335,23.840766],[72.845362,23.840693]]],[[[72.848347,23.843252],[72.848936,23.842829],[72.848575,23.842709],[72.847015,23.842743],[72.847554,23.843056],[72.848023,23.842962],[72.848347,23.843252]]],[[[72.898444,23.844397],[72.898071,23.844385],[72.897498,23.847043],[72.898214,23.847139],[72.898444,23.844397]]],[[[72.859066,23.846775],[72.860337,23.845288],[72.86188,23.844335],[72.861953,23.843634],[72.864154,23.841907],[72.861771,23.841994],[72.861463,23.843871],[72.860549,23.844169],[72.859391,23.845108],[72.859507,23.845898],[72.858873,23.846582],[72.858455,23.846556],[72.859066,23.846775]]],[[[72.891468,23.852198],[72.891236,23.85149],[72.890491,23.851471],[72.891044,23.85222],[72.891468,23.852198]]],[[[72.892474,23.854398],[72.891757,23.852847],[72.891302,23.853005],[72.891613,23.85321],[72.892025,23.854581],[72.892474,23.854398]]],[[[72.879918,23.860769],[72.879329,23.859521],[72.878964,23.85958],[72.878856,23.859206],[72.878637,23.859212],[72.87873,23.85993],[72.878402,23.860289],[72.878405,23.860699],[72.879472,23.860934],[72.879918,23.860769]]]]}},{"type":"Feature","properties":{"source_id":6,"lulc_class":"Trees"},"geometry":{"type":"MultiPolygon","coordinates":[[[[72.85306,23.632448],[72.853336,23.630808],[72.853138,23.630251],[72.85036,23.631398],[72.84971,23.63182],[72.849473,23.632379],[72.850806,23.63361],[72.850823,23.633822],[72.852543,23.633645],[72.85306,23.632448]]],[[[72.863746,23.64123],[72.864749,23.640785],[72.864095,23.640183],[72.86479,23.639524],[72.865179,23.639854],[72.865524,23.639867],[72.865611,23.639174],[72.866067,23.638392],[72.865032,23.637368],[72.863925,23.636588],[72.863645,23.637234],[72.864573,23.637553],[72.864353,23.638352],[72.863816,23.638173],[72.863537,23.638742],[72.862842,23.63944],[72.859765,23.638595],[72.861556,23.638123],[72.860378,23.637877],[72.859864,23.637602],[72.85847,23.637832],[72.858315,23.63846],[72.858698,23.639134],[72.858763,23.640205],[72.859228,23.640976],[72.861202,23.640755],[72.863746,23.64123]]],[[[72.883206,23.689956],[72.884413,23.689857],[72.885023,23.689208],[72.882882,23.68878],[72.882804,23.68796],[72.882065,23.688298],[72.882147,23.689285],[72.883206,23.689956]]],[[[72.852466,23.70005],[72.851217,23.698977],[72.851255,23.698562],[72.851505,23.698508],[72.851453,23.697862],[72.85172,23.697708],[72.85101,23.696394],[72.851681,23.696318],[72.85141,23.695726],[72.850237,23.695137],[72.850228,23.694861],[72.848981,23.694861],[72.847928,23.695477],[72.849489,23.698079],[72.848626,23.698454],[72.849096,23.699881],[72.849253,23.699814],[72.850008,23.701186],[72.852553,23.701031],[72.852466,23.70005]]],[[[72.846838,23.703226],[72.846796,23.701516],[72.846446,23.701472],[72.8461,23.701711],[72.845431,23.701659],[72.845286,23.701958],[72.846016,23.702097],[72.845873,23.703227],[72.846632,23.703453],[72.846838,23.703226]]],[[[72.868372,23.753109],[72.867902,23.752138],[72.867507,23.752228],[72.867801,23.753279],[72.868372,23.753109]]],[[[72.868777,23.754718],[72.868796,23.753986],[72.867957,23.754227],[72.868119,23.754774],[72.868777,23.754718]]],[[[72.973036,23.761651],[72.972779,23.761464],[72.972386,23.76148],[72.972556,23.761958],[72.972934,23.761941],[72.972914,23.761668],[72.973036,23.761651]]],[[[72.834314,23.775799],[72.834055,23.775099],[72.832198,23.775561],[72.83219,23.776062],[72.832806,23.776501],[72.834485,23.778423],[72.835046,23.778335],[72.834878,23.777801],[72.834263,23.777291],[72.834314,23.775799]]],[[[72.799448,23.816865],[72.797771,23.816519],[72.796123,23.816581],[72.795862,23.815606],[72.794074,23.816945],[72.792774,23.818509],[72.79089,23.824025],[72.791196,23.826645],[72.791204,23.830765],[72.791341,23.831652],[72.793384,23.830833],[72.795576,23.830183],[72.796723,23.829125],[72.795941,23.827],[72.795736,23.825313],[72.79939,23.82343],[72.799489,23.822177],[72.800517,23.82126],[72.799679,23.820174],[72.800258,23.817548],[72.799448,23.816865]]]]}},{"type":"Feature","properties":{"source_id":7,"lulc_class":"Waterbodies"},"geometry":{"type":"MultiPolygon","coordinates":[[[[72.839679,23.630888],[72.839122,23.63067],[72.83857,23.630844],[72.839245,23.631389],[72.839617,23.631509],[72.8398,23.631424],[72.839679,23.630888]]],[[[72.827917,23.631565],[72.827598,23.631446],[72.827325,23.631643],[72.826925,23.632631],[72.827078,23.632805],[72.827506,23.632601],[72.827534,23.632142],[72.82788,23.631947],[72.827917,23.631565]]],[[[72.844677,23.632731],[72.844154,23.632533],[72.844066,23.63283],[72.844346,23.63318],[72.844677,23.632731]]],[[[72.825723,23.634468],[72.825582,23.63416],[72.824895,23.63373],[72.824412,23.634192],[72.824772,23.634384],[72.824866,23.634611],[72.825723,23.634468]]],[[[72.837579,23.634734],[72.837353,23.635042],[72.837944,23.635385],[72.838094,23.634933],[72.837579,23.634734]]],[[[72.826015,23.63622],[72.825697,23.635824],[72.825589,23.636272],[72.826015,23.63622]]],[[[72.847977,23.63931],[72.847721,23.638267],[72.846598,23.638551],[72.846666,23.638824],[72.845911,23.639675],[72.84771,23.6397],[72.847977,23.63931]]],[[[72.844494,23.649767],[72.844614,23.649162],[72.844128,23.649307],[72.844073,23.649844],[72.844494,23.649767]]],[[[72.875101,23.658711],[72.874539,23.658547],[72.874077,23.658847],[72.87434,23.659271],[72.87481,23.659563],[72.875101,23.658711]]],[[[72.839729,23.658636],[72.839133,23.658639],[72.839325,23.659562],[72.839935,23.659499],[72.839729,23.658636]]],[[[72.920982,23.668144],[72.920006,23.66736],[72.919151,23.668335],[72.91866,23.668558],[72.919281,23.669949],[72.921462,23.669799],[72.920982,23.668144]]],[[[72.926698,23.673238],[72.924924,23.672246],[72.924318,23.673707],[72.926213,23.674414],[72.92675,23.674931],[72.926698,23.673238]]],[[[72.880047,23.676055],[72.879953,23.675587],[72.879271,23.675586],[72.878906,23.676361],[72.880047,23.676055]]],[[[72.872228,23.676853],[72.871068,23.675791],[72.87052,23.675998],[72.870409,23.676475],[72.87077,23.677564],[72.872031,23.677214],[72.872228,23.676853]]],[[[72.91498,23.678375],[72.913714,23.678159],[72.91356,23.678755],[72.914711,23.679102],[72.91498,23.678375]]],[[[72.917923,23.679637],[72.918643,23.679063],[72.918685,23.678715],[72.91797,23.678648],[72.917903,23.678977],[72.917559,23.679087],[72.917459,23.679338],[72.917305,23.679177],[72.916935,23.679179],[72.916304,23.678286],[72.916138,23.678322],[72.916568,23.679704],[72.917923,23.679637]]],[[[72.95753,23.682506],[72.957056,23.68228],[72.956204,23.682403],[72.956128,23.682612],[72.956326,23.683178],[72.956509,23.683287],[72.957171,23.682903],[72.95753,23.682506]]],[[[72.850879,23.681806],[72.85044,23.68136],[72.849685,23.681514],[72.849502,23.68222],[72.850879,23.681806]]],[[[72.849157,23.683855],[72.848414,23.683818],[72.848586,23.68452],[72.84921,23.684457],[72.849157,23.683855]]],[[[72.937255,23.691864],[72.93703,23.691805],[72.936861,23.692349],[72.937261,23.692466],[72.937255,23.691864]]],[[[72.845614,23.690901],[72.845271,23.690626],[72.84497,23.69146],[72.845614,23.690901]]],[[[72.866443,23.693035],[72.866087,23.692858],[72.8656,23.693138],[72.865422,23.693873],[72.86597,23.694319],[72.866291,23.693764],[72.866443,23.693035]]],[[[72.891932,23.697752],[72.891714,23.697118],[72.891276,23.697227],[72.891272,23.697953],[72.891932,23.697752]]],[[[72.857915,23.697592],[72.857445,23.697517],[72.857019,23.697869],[72.857385,23.698304],[72.858149,23.698229],[72.857915,23.697592]]],[[[72.892366,23.698831],[72.891644,23.698247],[72.891466,23.698585],[72.891501,23.698876],[72.892401,23.699046],[72.892366,23.698831]]],[[[72.89511,23.698851],[72.894717,23.697649],[72.894073,23.697819],[72.894421,23.699085],[72.894843,23.699149],[72.89511,23.698851]]],[[[72.914723,23.703383],[72.914858,23.702468],[72.913853,23.702126],[72.913163,23.702221],[72.91285,23.702643],[72.912809,23.703068],[72.913221,23.70345],[72.914723,23.703383]]],[[[72.839616,23.70163],[72.839329,23.701431],[72.838902,23.702118],[72.839227,23.702887],[72.839616,23.70163]]],[[[72.843032,23.704044],[72.842713,23.703566],[72.842365,23.703863],[72.842358,23.704307],[72.843032,23.704044]]],[[[72.871356,23.705482],[72.87106,23.70511],[72.870021,23.705173],[72.869929,23.705745],[72.870591,23.706013],[72.871356,23.705482]]],[[[72.876604,23.709966],[72.876861,23.709496],[72.876155,23.709582],[72.876604,23.709966]]],[[[72.840211,23.709818],[72.84023,23.708734],[72.839509,23.709068],[72.839799,23.709972],[72.840211,23.709818]]],[[[72.908082,23.71821],[72.907361,23.717772],[72.907112,23.718017],[72.907679,23.719101],[72.909232,23.719301],[72.908082,23.71821]]],[[[72.820817,23.719291],[72.821147,23.718045],[72.820081,23.718166],[72.819937,23.719487],[72.820817,23.719291]]],[[[72.947779,23.725386],[72.947442,23.725272],[72.946976,23.725877],[72.946122,23.726114],[72.946137,23.726439],[72.946626,23.726836],[72.947691,23.725654],[72.947779,23.725386]]],[[[72.839592,23.724405],[72.838722,23.724317],[72.838724,23.725444],[72.839628,23.725389],[72.839592,23.724405]]],[[[72.969241,23.732776],[72.968833,23.73246],[72.968497,23.733015],[72.968975,23.733308],[72.969241,23.732776]]],[[[72.843807,23.733192],[72.844017,23.732269],[72.84541,23.732378],[72.84505,23.730552],[72.845301,23.730512],[72.845207,23.729468],[72.844772,23.728144],[72.844525,23.728006],[72.843357,23.728334],[72.841754,23.731121],[72.840788,23.731795],[72.83952,23.732268],[72.83953,23.732893],[72.84184,23.732477],[72.84322,23.733392],[72.843807,23.733192]]],[[[72.891253,23.735814],[72.891188,23.735011],[72.890749,23.735148],[72.890433,23.735524],[72.890854,23.735974],[72.891253,23.735814]]],[[[72.866512,23.735149],[72.864449,23.734314],[72.863891,23.734754],[72.863905,23.735309],[72.86501,23.735755],[72.866512,23.735149]]],[[[72.81023,23.735257],[72.809845,23.734624],[72.809498,23.734716],[72.809661,23.735106],[72.80994,23.735104],[72.810098,23.735363],[72.81023,23.735257]]],[[[72.91588,23.73971],[72.914404,23.739571],[72.913975,23.740401],[72.915847,23.740569],[72.916063,23.740025],[72.91588,23.73971]]],[[[72.9739,23.740598],[72.973174,23.739729],[72.972188,23.740576],[72.97209,23.741663],[72.972341,23.741908],[72.973009,23.741989],[72.973887,23.741429],[72.9739,23.740598]]],[[[72.827468,23.740517],[72.826209,23.740171],[72.826092,23.740802],[72.826277,23.740975],[72.826123,23.741293],[72.826181,23.742464],[72.82663,23.74321],[72.82827,23.743143],[72.82972,23.742801],[72.828825,23.741623],[72.829201,23.741494],[72.827468,23.740517]]],[[[72.878056,23.746079],[72.877488,23.745915],[72.876909,23.746457],[72.877452,23.747474],[72.877699,23.747292],[72.878089,23.746449],[72.878056,23.746079]]],[[[72.970194,23.748648],[72.969415,23.748674],[72.968881,23.750458],[72.969903,23.749862],[72.970194,23.748648]]],[[[72.972363,23.750315],[72.972004,23.749925],[72.971682,23.750055],[72.972029,23.75074],[72.972231,23.750786],[72.972363,23.750315]]],[[[72.980247,23.750896],[72.979976,23.750617],[72.97952,23.750926],[72.979687,23.7512],[72.980116,23.751272],[72.980247,23.750896]]],[[[72.899202,23.752199],[72.898175,23.751277],[72.896228,23.751159],[72.896174,23.751656],[72.897315,23.75332],[72.899202,23.752199]]],[[[72.812882,23.752596],[72.814002,23.751784],[72.813998,23.751625],[72.813499,23.751199],[72.814962,23.751352],[72.815021,23.749945],[72.814612,23.749993],[72.81343,23.749733],[72.813309,23.751036],[72.813217,23.750957],[72.811067,23.751754],[72.810998,23.75219],[72.812882,23.752596]]],[[[72.837204,23.752299],[72.836172,23.750895],[72.835391,23.751241],[72.835511,23.753428],[72.836844,23.752991],[72.837204,23.752299]]],[[[72.828871,23.755059],[72.828147,23.754086],[72.827663,23.754403],[72.8277,23.754947],[72.828871,23.755059]]],[[[72.824968,23.757711],[72.824961,23.757096],[72.824692,23.757158],[72.824437,23.756868],[72.824573,23.756463],[72.823978,23.756383],[72.823599,23.757333],[72.824968,23.757711]]],[[[72.901812,23.758245],[72.90102,23.757777],[72.900702,23.758167],[72.900765,23.759064],[72.901597,23.759267],[72.901871,23.758751],[72.901812,23.758245]]],[[[72.952618,23.76192],[72.952282,23.761486],[72.950604,23.761941],[72.951249,23.762532],[72.95118,23.762942],[72.951747,23.763269],[72.952579,23.762354],[72.952618,23.76192]]],[[[72.96596,23.763878],[72.965203,23.763798],[72.965189,23.764516],[72.965867,23.764993],[72.966614,23.765087],[72.966838,23.764224],[72.96596,23.763878]]],[[[72.82871,23.76524],[72.828449,23.764833],[72.827467,23.765153],[72.828224,23.765617],[72.82871,23.76524]]],[[[72.860924,23.765987],[72.860743,23.764991],[72.859926,23.764845],[72.859723,23.765196],[72.859788,23.766002],[72.860203,23.766321],[72.860924,23.765987]]],[[[72.878646,23.767136],[72.878614,23.766081],[72.878218,23.766148],[72.877523,23.766755],[72.877878,23.766975],[72.878646,23.767136]]],[[[72.853458,23.766986],[72.853132,23.767016],[72.852785,23.76725],[72.853061,23.76755],[72.853458,23.766986]]],[[[72.884743,23.775543],[72.885055,23.774947],[72.883657,23.77494],[72.883747,23.775529],[72.884743,23.775543]]],[[[72.87099,23.776848],[72.870595,23.776447],[72.869666,23.776708],[72.869024,23.777261],[72.870292,23.778318],[72.870956,23.778148],[72.87099,23.776848]]],[[[72.950305,23.781011],[72.950161,23.78075],[72.949679,23.780839],[72.94914,23.780438],[72.948916,23.78065],[72.949029,23.780879],[72.94939,23.781074],[72.949817,23.781164],[72.950305,23.781011]]],[[[72.934,23.781165],[72.933617,23.780802],[72.932505,23.781145],[72.933135,23.782052],[72.93405,23.78193],[72.934,23.781165]]],[[[72.954931,23.783644],[72.954584,23.782513],[72.953649,23.782588],[72.954711,23.784394],[72.954945,23.784349],[72.95472,23.783833],[72.954931,23.783644]]],[[[72.950401,23.784444],[72.950298,23.784008],[72.94991,23.78433],[72.9501,23.784631],[72.950401,23.784444]]],[[[72.940485,23.785608],[72.941145,23.782621],[72.939465,23.782356],[72.938091,23.784011],[72.938683,23.785308],[72.938736,23.785051],[72.939699,23.784548],[72.940254,23.784937],[72.940485,23.785608]]],[[[72.906607,23.784079],[72.905665,23.783747],[72.905147,23.784427],[72.905681,23.784961],[72.906427,23.785246],[72.906979,23.784789],[72.906607,23.784079]]],[[[72.855318,23.78483],[72.854919,23.78352],[72.853533,23.783783],[72.853535,23.784332],[72.8543,23.784214],[72.854536,23.785005],[72.855318,23.78483]]],[[[72.924234,23.797301],[72.924698,23.797049],[72.92517,23.797227],[72.925452,23.797167],[72.925458,23.796766],[72.923986,23.796746],[72.924234,23.797301]]],[[[72.928189,23.802177],[72.927937,23.801696],[72.927251,23.801806],[72.927435,23.802227],[72.928189,23.802177]]],[[[72.911857,23.80132],[72.910946,23.801194],[72.90918,23.803147],[72.909383,23.803491],[72.912364,23.803691],[72.911857,23.80132]]],[[[72.925898,23.806038],[72.925137,23.805899],[72.924738,23.80616],[72.924921,23.806713],[72.925306,23.807047],[72.925906,23.806525],[72.925898,23.806038]]],[[[72.916262,23.810957],[72.917136,23.810907],[72.916873,23.810578],[72.915635,23.809841],[72.91539,23.809937],[72.915489,23.810097],[72.914882,23.810463],[72.916262,23.810957]]],[[[72.915356,23.813523],[72.915426,23.813108],[72.914055,23.813118],[72.91458,23.813877],[72.915356,23.813523]]],[[[72.926558,23.813999],[72.924776,23.813586],[72.924475,23.814105],[72.924654,23.814582],[72.926558,23.813999]]],[[[72.846372,23.813446],[72.846188,23.812943],[72.845781,23.813094],[72.845545,23.813607],[72.846167,23.813664],[72.846372,23.813446]]],[[[72.846752,23.818133],[72.847879,23.817805],[72.849244,23.818168],[72.848822,23.817321],[72.846738,23.81649],[72.846781,23.816376],[72.846117,23.816328],[72.845224,23.816868],[72.845491,23.817772],[72.846536,23.818646],[72.846752,23.818133]]],[[[72.94304,23.821733],[72.942431,23.820865],[72.941879,23.821288],[72.941847,23.821613],[72.942915,23.822233],[72.94304,23.821733]]],[[[72.809349,23.829628],[72.808951,23.830152],[72.809508,23.83039],[72.809893,23.829736],[72.809349,23.829628]]],[[[72.848321,23.832493],[72.849229,23.832432],[72.848936,23.830651],[72.847962,23.830667],[72.848321,23.832493]]],[[[72.900786,23.834626],[72.899673,23.833596],[72.89938,23.833828],[72.899912,23.834053],[72.900049,23.834425],[72.899915,23.834686],[72.900171,23.834904],[72.900786,23.834626]]],[[[72.912391,23.837648],[72.912238,23.837039],[72.910156,23.837333],[72.910093,23.838025],[72.911084,23.838076],[72.912391,23.837648]]],[[[72.907451,23.837945],[72.906579,23.837759],[72.906791,23.837943],[72.90683,23.838507],[72.907393,23.838566],[72.907451,23.837945]]],[[[72.885659,23.841076],[72.885131,23.839077],[72.884596,23.839356],[72.884072,23.83998],[72.88437,23.840801],[72.885592,23.841391],[72.885721,23.841681],[72.885988,23.841401],[72.885659,23.841076]]],[[[72.913074,23.841316],[72.912047,23.840859],[72.911821,23.841214],[72.911946,23.841514],[72.912753,23.84212],[72.913074,23.841316]]],[[[72.891488,23.852226],[72.891044,23.85222],[72.890862,23.852884],[72.891302,23.853005],[72.891757,23.852847],[72.891488,23.852226]]],[[[72.867401,23.853143],[72.867666,23.853156],[72.867937,23.852473],[72.867457,23.852351],[72.866791,23.852735],[72.867093,23.853277],[72.867242,23.853319],[72.867401,23.853143]]]]}}]}