{"type":"FeatureCollection","features":[{"type":"Feature","properties":{"village":"Kamboya","block":"Idar","gram_panchayat":"Manpur","area_ha":192.413},"geometry":{"type":"Polygon","coordinates":[[[72.874337,23.781335],[72.875542,23.780063],[72.875308,23.779252],[72.876078,23.778414],[72.876287,23.77673],[72.876066,23.775144],[72.87621,23.774874],[72.875549,23.773622],[72.875173,23.773071],[72.874936,23.772455],[72.8738,23.770463],[72.874043,23.770438],[72.873988,23.770134],[72.873239,23.770247],[72.872476,23.770465],[72.871944,23.770823],[72.871676,23.770825],[72.870724,23.771239],[72.870113,23.771332],[72.868932,23.771766],[72.868207,23.771966],[72.867732,23.772252],[72.866686,23.772808],[72.866077,23.773095],[72.864809,23.773274],[72.8642,23.773543],[72.863915,23.773757],[72.863609,23.773742],[72.862617,23.774033],[72.862676,23.774209],[72.862161,23.774266],[72.861283,23.77445],[72.859866,23.774321],[72.859734,23.774498],[72.859052,23.774754],[72.858849,23.774768],[72.858915,23.775033],[72.859529,23.776405],[72.86007,23.777816],[72.860558,23.778979],[72.861003,23.77989],[72.861613,23.780765],[72.861912,23.7817],[72.862339,23.782901],[72.862469,23.783474],[72.862618,23.783875],[72.862666,23.784486],[72.862901,23.785211],[72.863013,23.785822],[72.86325,23.785703],[72.864274,23.785085],[72.864829,23.785031],[72.865276,23.784857],[72.866377,23.784482],[72.866933,23.784477],[72.867327,23.784254],[72.86809,23.783882],[72.868748,23.783608],[72.869723,23.783356],[72.870965,23.783346],[72.871468,23.783391],[72.872077,23.783556],[72.872239,23.783896],[72.873162,23.783596],[72.873185,23.783327],[72.873077,23.783109],[72.873154,23.782888],[72.873806,23.782005],[72.874223,23.781339],[72.874337,23.781335]]]}},{"type":"Feature","properties":{"village":"Aroda","block":"Idar","gram_panchayat":"Aroda","area_ha":1544.82},"geometry":{"type":"Polygon","coordinates":[[[72.900041,23.783038],[72.90026,23.782642],[72.899837,23.782006],[72.899356,23.780113],[72.899273,23.778728],[72.899172,23.777961],[72.899256,23.777086],[72.900008,23.775992],[72.900816,23.775921],[72.90104,23.776133],[72.902346,23.775013],[72.902479,23.774478],[72.902164,23.77301],[72.902153,23.771965],[72.903166,23.771573],[72.903975,23.77163],[72.904724,23.772476],[72.905742,23.772638],[72.907319,23.7732],[72.907478,23.772943],[72.907079,23.772306],[72.908069,23.771935],[72.908187,23.772212],[72.907985,23.772725],[72.908776,23.773272],[72.909574,23.773399],[72.910006,23.773693],[72.91067,23.773918],[72.910957,23.773932],[72.91121,23.77426],[72.912601,23.773835],[72.913601,23.773579],[72.915531,23.773413],[72.916245,23.773242],[72.916547,23.773091],[72.917666,23.773015],[72.919224,23.773183],[72.920703,23.772807],[72.921213,23.771509],[72.921511,23.770041],[72.922269,23.769808],[72.923433,23.769045],[72.924589,23.768395],[72.924935,23.767257],[72.924941,23.765669],[72.924757,23.765134],[72.924912,23.764988],[72.924113,23.763448],[72.923417,23.763124],[72.922758,23.762078],[72.921512,23.7605],[72.921862,23.759816],[72.921252,23.75912],[72.920841,23.758298],[72.920398,23.757916],[72.919825,23.75742],[72.919325,23.756579],[72.919413,23.756434],[72.918608,23.755822],[72.917208,23.754452],[72.916642,23.753735],[72.916482,23.753386],[72.916923,23.752825],[72.916719,23.752558],[72.916399,23.75188],[72.915982,23.75046],[72.915839,23.749595],[72.915715,23.748379],[72.915598,23.747864],[72.915544,23.746957],[72.915696,23.746461],[72.915533,23.745843],[72.915765,23.744542],[72.915693,23.744507],[72.914283,23.743832],[72.913047,23.743266],[72.911589,23.742721],[72.91087,23.742418],[72.909375,23.741998],[72.909175,23.742165],[72.908456,23.74182],[72.90814,23.741534],[72.907466,23.741148],[72.906657,23.740763],[72.905333,23.7403],[72.903473,23.739842],[72.902611,23.739901],[72.901672,23.739909],[72.901067,23.739811],[72.899527,23.739778],[72.89948,23.739664],[72.899523,23.73938],[72.899474,23.739097],[72.899122,23.739199],[72.898906,23.739158],[72.898643,23.738976],[72.898301,23.738993],[72.897593,23.738872],[72.896332,23.738883],[72.894179,23.73893],[72.893489,23.739077],[72.892877,23.739409],[72.892231,23.739415],[72.892018,23.739242],[72.890713,23.739117],[72.889568,23.739081],[72.889309,23.738993],[72.889085,23.738734],[72.88907,23.738404],[72.888931,23.738108],[72.887675,23.736901],[72.8861,23.735858],[72.885416,23.735784],[72.884534,23.73569],[72.884237,23.73572],[72.882296,23.735922],[72.882864,23.73731],[72.883424,23.737776],[72.883896,23.738387],[72.883814,23.739084],[72.883328,23.739334],[72.883913,23.740046],[72.884405,23.740472],[72.884781,23.740326],[72.885232,23.740998],[72.883793,23.74144],[72.883934,23.742228],[72.883249,23.742479],[72.882409,23.742835],[72.882616,23.743591],[72.88249,23.744289],[72.882789,23.745372],[72.882084,23.745931],[72.882179,23.746555],[72.881561,23.746909],[72.881834,23.747562],[72.881771,23.747911],[72.880858,23.747673],[72.879566,23.747254],[72.879408,23.748074],[72.879008,23.747996],[72.878794,23.748096],[72.878715,23.748331],[72.878645,23.748762],[72.878548,23.749009],[72.878037,23.749964],[72.877833,23.75063],[72.877805,23.751224],[72.877909,23.751652],[72.87844,23.751556],[72.878572,23.751442],[72.878862,23.751634],[72.878677,23.751952],[72.879089,23.752153],[72.878804,23.752473],[72.879509,23.753121],[72.879191,23.753492],[72.879581,23.753729],[72.880109,23.753305],[72.880274,23.753232],[72.881076,23.753573],[72.881092,23.754125],[72.881385,23.754624],[72.881782,23.755489],[72.882272,23.75685],[72.882354,23.757279],[72.88252,23.757815],[72.882722,23.758089],[72.882994,23.758731],[72.883174,23.758985],[72.883677,23.760514],[72.883957,23.760819],[72.88427,23.761082],[72.88443,23.761592],[72.884044,23.761708],[72.884113,23.761993],[72.883959,23.762097],[72.88414,23.762484],[72.884032,23.762761],[72.883458,23.76297],[72.883778,23.76399],[72.884088,23.763885],[72.884397,23.764936],[72.883557,23.765127],[72.88356,23.765424],[72.882743,23.765717],[72.882602,23.766045],[72.882116,23.766274],[72.882817,23.767618],[72.883398,23.768135],[72.884404,23.768929],[72.883286,23.769071],[72.882389,23.76912],[72.880952,23.769551],[72.880062,23.769866],[72.87931,23.770076],[72.877872,23.770293],[72.877107,23.770279],[72.876674,23.770232],[72.875568,23.770211],[72.874705,23.770371],[72.874043,23.770438],[72.8738,23.770463],[72.874936,23.772455],[72.875173,23.773071],[72.875549,23.773622],[72.87621,23.774874],[72.877267,23.77446],[72.87886,23.774298],[72.880177,23.774286],[72.880803,23.774409],[72.882097,23.774377],[72.883604,23.774939],[72.885192,23.774947],[72.886767,23.775253],[72.888133,23.775562],[72.889381,23.775551],[72.890398,23.775499],[72.892116,23.776316],[72.893362,23.777009],[72.894086,23.77777],[72.894491,23.779025],[72.894772,23.779342],[72.895156,23.780736],[72.895467,23.781799],[72.895668,23.783375],[72.895958,23.78462],[72.896458,23.786086],[72.896464,23.78673],[72.896465,23.786769],[72.897522,23.786205],[72.897743,23.785201],[72.899738,23.783585],[72.900041,23.783038]]]}},{"type":"Feature","properties":{"village":"Kesharpura","block":"Idar","gram_panchayat":"Khesharpura","area_ha":287.883},"geometry":{"type":"Polygon","coordinates":[[[72.894804,23.791088],[72.894881,23.791087],[72.894666,23.790106],[72.894307,23.789051],[72.895467,23.788228],[72.896275,23.787068],[72.896464,23.78673],[72.896458,23.786086],[72.895958,23.78462],[72.895668,23.783375],[72.895467,23.781799],[72.895156,23.780736],[72.894772,23.779342],[72.894491,23.779025],[72.894086,23.77777],[72.893362,23.777009],[72.892116,23.776316],[72.890398,23.775499],[72.889381,23.775551],[72.888133,23.775562],[72.886767,23.775253],[72.885192,23.774947],[72.883604,23.774939],[72.882097,23.774377],[72.880803,23.774409],[72.880177,23.774286],[72.87886,23.774298],[72.877267,23.77446],[72.87621,23.774874],[72.876066,23.775144],[72.876287,23.77673],[72.876078,23.778414],[72.875308,23.779252],[72.875542,23.780063],[72.874337,23.781335],[72.874305,23.781368],[72.87583,23.782244],[72.877321,23.783913],[72.878066,23.784597],[72.879134,23.784909],[72.879485,23.785171],[72.881792,23.786323],[72.883131,23.787049],[72.883826,23.787373],[72.88513,23.788704],[72.886618,23.789939],[72.887257,23.790255],[72.888226,23.79088],[72.888801,23.791045],[72.889378,23.791342],[72.889829,23.791395],[72.890978,23.79148],[72.893229,23.791271],[72.894021,23.791094],[72.894804,23.791088]]]}},{"type":"Feature","properties":{"village":"Bolundra (Songadh)","block":"Idar","gram_panchayat":"Bolundra (Songadh)","area_ha":527.187},"geometry":{"type":"Polygon","coordinates":[[[72.930063,23.794531],[72.930173,23.794486],[72.931126,23.793611],[72.931098,23.793137],[72.930946,23.792505],[72.930793,23.791712],[72.930404,23.790834],[72.929903,23.789911],[72.929276,23.788813],[72.929092,23.78832],[72.928962,23.78763],[72.928411,23.786217],[72.92803,23.784983],[72.927962,23.783809],[72.927563,23.781987],[72.927091,23.780672],[72.926744,23.77952],[72.926583,23.778558],[72.92665,23.777464],[72.926529,23.776563],[72.926329,23.775544],[72.926082,23.774423],[72.925909,23.773847],[72.925418,23.773852],[72.92522,23.774265],[72.924015,23.77442],[72.92308,23.77447],[72.921849,23.774264],[72.921858,23.774099],[72.920809,23.773118],[72.920703,23.772807],[72.919224,23.773183],[72.917666,23.773015],[72.916547,23.773091],[72.916245,23.773242],[72.915531,23.773413],[72.913601,23.773579],[72.912601,23.773835],[72.91121,23.77426],[72.910957,23.773932],[72.91067,23.773918],[72.910006,23.773693],[72.909574,23.773399],[72.908776,23.773272],[72.907985,23.772725],[72.908187,23.772212],[72.908069,23.771935],[72.907079,23.772306],[72.907478,23.772943],[72.907319,23.7732],[72.905742,23.772638],[72.904724,23.772476],[72.903975,23.77163],[72.903166,23.771573],[72.902153,23.771965],[72.902164,23.77301],[72.902479,23.774478],[72.902346,23.775013],[72.90104,23.776133],[72.900816,23.775921],[72.900008,23.775992],[72.899256,23.777086],[72.899172,23.777961],[72.899273,23.778728],[72.899356,23.780113],[72.899837,23.782006],[72.90026,23.782642],[72.900041,23.783038],[72.900412,23.784],[72.900641,23.784513],[72.900809,23.784614],[72.901235,23.784439],[72.901499,23.78478],[72.901859,23.785412],[72.903055,23.787718],[72.90347,23.788316],[72.904568,23.788306],[72.905339,23.78914],[72.905695,23.789395],[72.906477,23.789422],[72.907162,23.789107],[72.907531,23.788812],[72.907603,23.788589],[72.907752,23.788553],[72.909215,23.788557],[72.910036,23.788808],[72.912345,23.788993],[72.912881,23.78868],[72.913737,23.788655],[72.913895,23.788619],[72.914214,23.788943],[72.914942,23.789142],[72.915337,23.789602],[72.915307,23.790272],[72.91559,23.790439],[72.916394,23.79039],[72.916563,23.790523],[72.916975,23.790344],[72.917526,23.790618],[72.917728,23.790781],[72.918173,23.79056],[72.918723,23.790803],[72.918872,23.791121],[72.91904,23.791141],[72.919183,23.790933],[72.919732,23.791021],[72.920568,23.791189],[72.920951,23.791412],[72.922822,23.791922],[72.92318,23.791929],[72.923663,23.792193],[72.923817,23.792418],[72.924052,23.792457],[72.924087,23.792643],[72.924634,23.792545],[72.925335,23.793322],[72.926012,23.793945],[72.926158,23.794021],[72.92652,23.79441],[72.927648,23.795441],[72.927758,23.795518],[72.928838,23.795034],[72.930063,23.794531]]]}},{"type":"Feature","properties":{"village":"Moti Vadol","block":"Idar","gram_panchayat":"Moti Vadol","area_ha":365.185},"geometry":{"type":"Polygon","coordinates":[[[72.923313,23.720636],[72.923294,23.72072],[72.923188,23.72379],[72.923341,23.727451],[72.924312,23.727997],[72.92492,23.728191],[72.92569,23.727952],[72.926362,23.728087],[72.926525,23.728521],[72.927266,23.728698],[72.928426,23.729115],[72.929076,23.729365],[72.929566,23.729766],[72.930171,23.730188],[72.930845,23.73048],[72.930872,23.730864],[72.930439,23.73153],[72.930708,23.732871],[72.930853,23.73351],[72.930883,23.734193],[72.931259,23.734787],[72.931842,23.735251],[72.933532,23.735471],[72.934088,23.73553],[72.933822,23.734444],[72.93405,23.734079],[72.934607,23.734288],[72.935121,23.734817],[72.935377,23.734985],[72.935536,23.734749],[72.935528,23.733938],[72.936175,23.733911],[72.93714,23.733967],[72.937788,23.734067],[72.938091,23.734278],[72.938806,23.734165],[72.939269,23.734182],[72.940418,23.733532],[72.94198,23.732515],[72.942131,23.731468],[72.942532,23.731591],[72.942758,23.731272],[72.943092,23.731269],[72.943088,23.730896],[72.943823,23.730537],[72.943952,23.730338],[72.944016,23.7297],[72.944513,23.729344],[72.944983,23.728746],[72.944572,23.728156],[72.944855,23.727823],[72.945281,23.727577],[72.945801,23.727221],[72.946584,23.726884],[72.947314,23.726053],[72.947691,23.725654],[72.947807,23.725301],[72.948089,23.724947],[72.948156,23.72455],[72.947677,23.724312],[72.947483,23.724006],[72.947372,23.722446],[72.947796,23.722035],[72.947815,23.721552],[72.947993,23.720318],[72.947773,23.719815],[72.94746,23.719444],[72.947075,23.719117],[72.946857,23.718811],[72.947122,23.717904],[72.946449,23.716508],[72.946319,23.716535],[72.944215,23.716699],[72.940695,23.717292],[72.937969,23.717704],[72.935135,23.718097],[72.932424,23.718388],[72.928491,23.718827],[72.923564,23.71951],[72.923313,23.720636]]]}},{"type":"Feature","properties":{"village":"Lalpur (Davad)","block":"Idar","gram_panchayat":"Lalpur (Davad)","area_ha":332.383},"geometry":{"type":"Polygon","coordinates":[[[72.918953,23.735764],[72.918759,23.735859],[72.918259,23.7358],[72.917984,23.734559],[72.9169,23.733954],[72.91662,23.733322],[72.916659,23.732776],[72.916443,23.732243],[72.914653,23.732181],[72.910965,23.731956],[72.908342,23.731591],[72.904374,23.730928],[72.900662,23.730486],[72.898705,23.730094],[72.898622,23.729462],[72.898641,23.72887],[72.898602,23.728112],[72.898509,23.728135],[72.89796,23.727999],[72.897538,23.727656],[72.896949,23.727665],[72.896591,23.727489],[72.89618,23.727453],[72.895768,23.727286],[72.895346,23.727291],[72.895164,23.727173],[72.895037,23.726835],[72.894679,23.72656],[72.894439,23.726474],[72.894282,23.726609],[72.894169,23.726587],[72.893429,23.727476],[72.89352,23.727734],[72.893289,23.728254],[72.893149,23.729045],[72.893151,23.729249],[72.893019,23.729264],[72.892848,23.729933],[72.8931,23.73004],[72.893073,23.730245],[72.892761,23.730125],[72.892971,23.73045],[72.892973,23.7306],[72.893224,23.730625],[72.893212,23.730843],[72.892946,23.730846],[72.892767,23.730724],[72.892756,23.731079],[72.892877,23.731296],[72.89264,23.731284],[72.891945,23.731154],[72.891794,23.732293],[72.891736,23.73243],[72.891144,23.732244],[72.890685,23.732166],[72.890595,23.731976],[72.889618,23.731753],[72.889396,23.731769],[72.889371,23.732164],[72.88915,23.732275],[72.888881,23.731937],[72.888492,23.731354],[72.888122,23.73133],[72.8881,23.731085],[72.887449,23.730859],[72.887421,23.731077],[72.886876,23.731232],[72.887238,23.731937],[72.886988,23.732035],[72.886236,23.732205],[72.886387,23.732544],[72.886378,23.733116],[72.886499,23.733374],[72.886427,23.733538],[72.885956,23.733665],[72.885957,23.733788],[72.885588,23.733818],[72.88559,23.734002],[72.88577,23.734259],[72.885549,23.734384],[72.885536,23.734561],[72.885368,23.735462],[72.885416,23.735784],[72.8861,23.735858],[72.887675,23.736901],[72.888931,23.738108],[72.88907,23.738404],[72.889085,23.738734],[72.889309,23.738993],[72.889568,23.739081],[72.890713,23.739117],[72.892018,23.739242],[72.892231,23.739415],[72.892877,23.739409],[72.893489,23.739077],[72.894179,23.73893],[72.896332,23.738883],[72.897593,23.738872],[72.898301,23.738993],[72.898643,23.738976],[72.898906,23.739158],[72.899122,23.739199],[72.899474,23.739097],[72.899523,23.73938],[72.89948,23.739664],[72.899527,23.739778],[72.901067,23.739811],[72.901672,23.739909],[72.902611,23.739901],[72.903473,23.739842],[72.905333,23.7403],[72.906657,23.740763],[72.907466,23.741148],[72.90814,23.741534],[72.908456,23.74182],[72.909175,23.742165],[72.909375,23.741998],[72.91087,23.742418],[72.911589,23.742721],[72.913047,23.743266],[72.914283,23.743832],[72.915693,23.744507],[72.915776,23.744329],[72.915768,23.743603],[72.915928,23.742897],[72.915994,23.742302],[72.916011,23.741663],[72.915771,23.740956],[72.915914,23.740225],[72.916403,23.739528],[72.916613,23.73929],[72.916709,23.738976],[72.91683,23.738308],[72.916811,23.737877],[72.916919,23.737326],[72.917171,23.736971],[72.9178,23.737004],[72.917753,23.736373],[72.917946,23.736268],[72.918385,23.736236],[72.918977,23.736268],[72.918953,23.735764]]]}},{"type":"Feature","properties":{"village":"Nani Vadol","block":"Idar","gram_panchayat":"Chadasana","area_ha":266.779},"geometry":{"type":"Polygon","coordinates":[[[72.96525,23.748401],[72.965371,23.748299],[72.965327,23.747825],[72.965492,23.747431],[72.965126,23.747362],[72.96513,23.747016],[72.965248,23.745949],[72.96526,23.745669],[72.965515,23.745254],[72.965338,23.744856],[72.965493,23.744508],[72.965866,23.744251],[72.966226,23.744168],[72.966676,23.743031],[72.967782,23.742624],[72.968137,23.742258],[72.968467,23.74185],[72.968554,23.741316],[72.968784,23.741175],[72.968832,23.740269],[72.968947,23.740257],[72.969161,23.740041],[72.969157,23.73969],[72.969318,23.739555],[72.969186,23.739022],[72.969367,23.739004],[72.969361,23.738453],[72.969524,23.738451],[72.96961,23.738083],[72.969337,23.737952],[72.969309,23.736984],[72.969713,23.735878],[72.969825,23.735837],[72.969871,23.735511],[72.969885,23.734809],[72.97018,23.733965],[72.970175,23.733444],[72.970055,23.732423],[72.969964,23.731963],[72.969783,23.731284],[72.970035,23.73046],[72.970118,23.730098],[72.970003,23.729498],[72.969969,23.728336],[72.969805,23.727276],[72.969777,23.726615],[72.969731,23.726281],[72.96712,23.726444],[72.96486,23.72706],[72.964722,23.727391],[72.963278,23.728328],[72.962478,23.729193],[72.961875,23.730111],[72.959726,23.732],[72.959085,23.732225],[72.958279,23.732628],[72.95723,23.732506],[72.956734,23.73295],[72.956504,23.733766],[72.956171,23.733835],[72.955508,23.734193],[72.955366,23.734304],[72.954773,23.734529],[72.954235,23.73485],[72.954449,23.735087],[72.954126,23.735435],[72.954046,23.735608],[72.953524,23.73599],[72.953282,23.736218],[72.95306,23.736274],[72.952365,23.736776],[72.952261,23.736939],[72.952058,23.737609],[72.952635,23.738056],[72.952832,23.737904],[72.952912,23.73773],[72.953147,23.737868],[72.953325,23.738147],[72.953306,23.738557],[72.953227,23.738827],[72.95323,23.739128],[72.953572,23.739405],[72.953941,23.740092],[72.954181,23.740736],[72.954046,23.741233],[72.953862,23.741504],[72.953948,23.741875],[72.954256,23.742325],[72.95455,23.742463],[72.955358,23.742714],[72.955757,23.742893],[72.95617,23.743256],[72.956344,23.743357],[72.956711,23.743892],[72.957062,23.74424],[72.957347,23.744415],[72.957409,23.744673],[72.958438,23.744879],[72.958982,23.745488],[72.95999,23.745856],[72.960575,23.74597],[72.960884,23.746323],[72.9616,23.746672],[72.962094,23.747001],[72.962871,23.747587],[72.963741,23.748172],[72.964282,23.748469],[72.96525,23.748401]]]}},{"type":"Feature","properties":{"village":"Davad","block":"Idar","gram_panchayat":"Davad","area_ha":1451.92},"geometry":{"type":"Polygon","coordinates":[[[72.878715,23.748331],[72.878794,23.748096],[72.879008,23.747996],[72.879408,23.748074],[72.879566,23.747254],[72.880858,23.747673],[72.881771,23.747911],[72.881834,23.747562],[72.881561,23.746909],[72.882179,23.746555],[72.882084,23.745931],[72.882789,23.745372],[72.88249,23.744289],[72.882616,23.743591],[72.882409,23.742835],[72.883249,23.742479],[72.883934,23.742228],[72.883793,23.74144],[72.885232,23.740998],[72.884781,23.740326],[72.884405,23.740472],[72.883913,23.740046],[72.883328,23.739334],[72.883814,23.739084],[72.883896,23.738387],[72.883424,23.737776],[72.882864,23.73731],[72.882296,23.735922],[72.884237,23.73572],[72.88367,23.735341],[72.88239,23.734894],[72.881183,23.734708],[72.880813,23.735475],[72.880444,23.736437],[72.879618,23.736488],[72.87864,23.735624],[72.877651,23.735938],[72.877013,23.735965],[72.877279,23.735167],[72.877693,23.734008],[72.876337,23.733038],[72.875906,23.732496],[72.876158,23.731687],[72.876717,23.730898],[72.878503,23.729879],[72.878191,23.729446],[72.877642,23.728818],[72.876503,23.728326],[72.875008,23.730127],[72.874516,23.73048],[72.873968,23.730071],[72.873586,23.729616],[72.874427,23.728704],[72.87482,23.727763],[72.874578,23.727198],[72.87427,23.727113],[72.872697,23.727214],[72.871775,23.727134],[72.871488,23.72681],[72.871388,23.726222],[72.8723,23.725233],[72.871795,23.724343],[72.87136,23.723365],[72.870695,23.723044],[72.86911,23.722796],[72.868421,23.722485],[72.86837,23.722028],[72.868786,23.721174],[72.86854,23.720107],[72.868327,23.718299],[72.867601,23.717767],[72.866988,23.716927],[72.865733,23.716317],[72.864772,23.715943],[72.863772,23.7155],[72.862482,23.715193],[72.861403,23.715138],[72.861154,23.715125],[72.86008,23.714922],[72.859491,23.714479],[72.858937,23.713865],[72.858938,23.713391],[72.859085,23.71271],[72.859747,23.71196],[72.85982,23.71145],[72.859967,23.710872],[72.859693,23.710258],[72.85936,23.70992],[72.858507,23.709748],[72.858031,23.709784],[72.857511,23.709373],[72.856957,23.709071],[72.85607,23.709238],[72.855578,23.709414],[72.855114,23.709581],[72.854447,23.709237],[72.853966,23.708863],[72.851863,23.708628],[72.850716,23.708628],[72.850235,23.712469],[72.849533,23.712401],[72.849107,23.710939],[72.848259,23.710871],[72.847965,23.710564],[72.848666,23.709101],[72.848151,23.709408],[72.848073,23.709065],[72.845987,23.708617],[72.845381,23.708487],[72.845562,23.709814],[72.844199,23.709918],[72.843493,23.709985],[72.843719,23.711005],[72.84442,23.711177],[72.844974,23.711448],[72.845194,23.712198],[72.842424,23.713556],[72.842017,23.713556],[72.841316,23.712739],[72.838506,23.714232],[72.838138,23.713826],[72.837285,23.7143],[72.835922,23.714742],[72.834995,23.71471],[72.833299,23.714127],[72.832264,23.713892],[72.831269,23.713991],[72.831082,23.714876],[72.832484,23.71498],[72.832892,23.714913],[72.833887,23.715455],[72.83448,23.715965],[72.833592,23.717432],[72.833445,23.717635],[72.834661,23.718145],[72.833665,23.719062],[72.83315,23.719743],[72.83466,23.720696],[72.834846,23.721139],[72.834478,23.722055],[72.833517,23.721342],[72.832762,23.722362],[72.831541,23.721648],[72.831026,23.7227],[72.832649,23.72335],[72.832796,23.723657],[72.832315,23.724745],[72.832574,23.726411],[72.833015,23.728587],[72.833367,23.729982],[72.832774,23.731309],[72.83089,23.732058],[72.829041,23.732432],[72.826898,23.732463],[72.825829,23.732328],[72.825015,23.734404],[72.824887,23.734779],[72.823739,23.734778],[72.823445,23.73597],[72.823053,23.737327],[72.823862,23.737547],[72.824235,23.737785],[72.824381,23.739356],[72.824369,23.740353],[72.824305,23.740515],[72.824152,23.740557],[72.824117,23.741383],[72.824662,23.741359],[72.825097,23.741154],[72.825638,23.740645],[72.8259,23.740643],[72.825922,23.740643],[72.827354,23.741982],[72.82803,23.741895],[72.829837,23.741276],[72.832842,23.740445],[72.834293,23.740091],[72.835492,23.739859],[72.835908,23.739977],[72.837782,23.739558],[72.839637,23.739462],[72.840779,23.740138],[72.842463,23.741091],[72.843121,23.741368],[72.843316,23.741185],[72.844196,23.739606],[72.844172,23.739365],[72.845131,23.739195],[72.846307,23.738843],[72.846721,23.738799],[72.846621,23.739687],[72.846382,23.73989],[72.846391,23.739988],[72.846431,23.740434],[72.846804,23.740552],[72.847011,23.741638],[72.847822,23.741994],[72.849351,23.742002],[72.849529,23.742403],[72.850065,23.742479],[72.850368,23.742195],[72.8505,23.742335],[72.851081,23.742758],[72.851324,23.742544],[72.851863,23.742419],[72.852011,23.742463],[72.853255,23.742407],[72.854302,23.742217],[72.854556,23.74214],[72.854658,23.742456],[72.855035,23.742483],[72.855541,23.742358],[72.856178,23.742126],[72.856291,23.742034],[72.856636,23.742092],[72.856549,23.741579],[72.856623,23.739115],[72.856095,23.738666],[72.856271,23.738226],[72.857563,23.738049],[72.85781,23.738198],[72.859707,23.73794],[72.860373,23.737889],[72.860536,23.737813],[72.862107,23.737648],[72.862223,23.737798],[72.862534,23.737796],[72.862585,23.737977],[72.863321,23.737925],[72.863427,23.736972],[72.864182,23.737223],[72.86618,23.738853],[72.866407,23.739086],[72.867638,23.74101],[72.869664,23.742232],[72.86994,23.742033],[72.870655,23.743047],[72.871278,23.743148],[72.871928,23.744245],[72.87309,23.744205],[72.874604,23.744132],[72.874192,23.745511],[72.873999,23.745898],[72.874153,23.746471],[72.874649,23.74695],[72.874536,23.747133],[72.874998,23.747522],[72.87521,23.747809],[72.875529,23.748242],[72.875971,23.748193],[72.876676,23.74826],[72.877473,23.747712],[72.878715,23.748331]]]}},{"type":"Feature","properties":{"village":"Chadasana","block":"Idar","gram_panchayat":"Chadasana","area_ha":198.22},"geometry":{"type":"Polygon","coordinates":[[[72.979869,23.75187],[72.980203,23.751051],[72.980569,23.749779],[72.98099,23.748523],[72.981129,23.747987],[72.981202,23.746342],[72.981288,23.745907],[72.982116,23.745565],[72.98253,23.745328],[72.983833,23.745333],[72.984066,23.74513],[72.984093,23.744312],[72.984217,23.74406],[72.983687,23.743581],[72.98361,23.743173],[72.983242,23.742592],[72.982777,23.74141],[72.981998,23.739615],[72.98196,23.739381],[72.981753,23.738648],[72.981374,23.738752],[72.981278,23.738269],[72.980159,23.738529],[72.97947,23.738402],[72.977981,23.737831],[72.977453,23.737586],[72.977036,23.737506],[72.976566,23.73751],[72.975696,23.737368],[72.974592,23.737019],[72.974321,23.737005],[72.973719,23.736593],[72.973521,23.736645],[72.973156,23.736381],[72.97265,23.736386],[72.97234,23.736188],[72.971942,23.736209],[72.971741,23.735993],[72.971325,23.736047],[72.970529,23.736004],[72.970038,23.735758],[72.969825,23.735837],[72.969713,23.735878],[72.969309,23.736984],[72.969337,23.737952],[72.96961,23.738083],[72.969524,23.738451],[72.969361,23.738453],[72.969367,23.739004],[72.969186,23.739022],[72.969318,23.739555],[72.969157,23.73969],[72.969161,23.740041],[72.968947,23.740257],[72.968832,23.740269],[72.968784,23.741175],[72.968554,23.741316],[72.968467,23.74185],[72.968137,23.742258],[72.967782,23.742624],[72.966676,23.743031],[72.966226,23.744168],[72.965866,23.744251],[72.965493,23.744508],[72.965338,23.744856],[72.965515,23.745254],[72.96526,23.745669],[72.965248,23.745949],[72.96513,23.747016],[72.965126,23.747362],[72.965492,23.747431],[72.966508,23.747683],[72.967037,23.747796],[72.96771,23.74779],[72.967887,23.747284],[72.968121,23.747047],[72.968413,23.747078],[72.968911,23.747712],[72.969149,23.747877],[72.969493,23.747673],[72.969747,23.747603],[72.970498,23.748067],[72.970699,23.748098],[72.971201,23.747405],[72.971419,23.747353],[72.972024,23.747834],[72.972705,23.747865],[72.972987,23.747708],[72.97345,23.747752],[72.973532,23.748201],[72.97424,23.748385],[72.974307,23.748609],[72.974236,23.749179],[72.974569,23.749129],[72.974876,23.748984],[72.975598,23.749143],[72.975856,23.749283],[72.976129,23.74953],[72.976797,23.749547],[72.977516,23.749422],[72.977737,23.749716],[72.977613,23.750109],[72.977841,23.751032],[72.978567,23.752057],[72.979351,23.752073],[72.979746,23.751821],[72.979869,23.75187]]]}},{"type":"Feature","properties":{"village":"Kishorgadh","block":"Idar","gram_panchayat":"Kishorgadh","area_ha":469.606},"geometry":{"type":"Polygon","coordinates":[[[72.852556,23.759758],[72.853505,23.759526],[72.854449,23.759386],[72.85484,23.759439],[72.855554,23.758997],[72.8559,23.758615],[72.857231,23.758111],[72.857784,23.757936],[72.858624,23.757777],[72.859281,23.757696],[72.860732,23.75757],[72.861243,23.757263],[72.862124,23.757028],[72.862658,23.757023],[72.863337,23.757093],[72.863748,23.75709],[72.864279,23.756839],[72.865634,23.756657],[72.866946,23.75638],[72.867315,23.75632],[72.868483,23.756045],[72.868677,23.755778],[72.868771,23.754764],[72.869045,23.752541],[72.869232,23.751186],[72.869816,23.7505],[72.87122,23.749397],[72.8725,23.748587],[72.873467,23.74819],[72.87452,23.747928],[72.87521,23.747809],[72.874998,23.747522],[72.874536,23.747133],[72.874649,23.74695],[72.874153,23.746471],[72.873999,23.745898],[72.874192,23.745511],[72.874604,23.744132],[72.87309,23.744205],[72.871928,23.744245],[72.871278,23.743148],[72.870655,23.743047],[72.86994,23.742033],[72.869664,23.742232],[72.867638,23.74101],[72.866407,23.739086],[72.86618,23.738853],[72.864182,23.737223],[72.863427,23.736972],[72.863321,23.737925],[72.862585,23.737977],[72.862534,23.737796],[72.862223,23.737798],[72.862107,23.737648],[72.860536,23.737813],[72.860373,23.737889],[72.859707,23.73794],[72.85781,23.738198],[72.857563,23.738049],[72.856271,23.738226],[72.856095,23.738666],[72.856623,23.739115],[72.856549,23.741579],[72.856636,23.742092],[72.856291,23.742034],[72.856178,23.742126],[72.855541,23.742358],[72.855035,23.742483],[72.854658,23.742456],[72.854556,23.74214],[72.854302,23.742217],[72.853255,23.742407],[72.852011,23.742463],[72.851863,23.742419],[72.851324,23.742544],[72.851081,23.742758],[72.8505,23.742335],[72.850368,23.742195],[72.850065,23.742479],[72.849529,23.742403],[72.849351,23.742002],[72.847822,23.741994],[72.847011,23.741638],[72.846804,23.740552],[72.846431,23.740434],[72.846391,23.739988],[72.846216,23.739986],[72.845787,23.740293],[72.845572,23.741394],[72.845401,23.742817],[72.844784,23.744927],[72.844424,23.745934],[72.84455,23.746227],[72.845198,23.74734],[72.845447,23.747641],[72.845615,23.747981],[72.845948,23.748395],[72.846217,23.748678],[72.847112,23.749808],[72.847517,23.75134],[72.848117,23.751809],[72.848268,23.75249],[72.848722,23.752714],[72.849075,23.753109],[72.84908,23.753639],[72.849309,23.75396],[72.850042,23.755423],[72.850628,23.756479],[72.851037,23.757177],[72.85141,23.75744],[72.852206,23.759082],[72.852556,23.759758]]]}},{"type":"Feature","properties":{"village":"Bhuvel","block":"Idar","gram_panchayat":"Chadasana","area_ha":205.851},"geometry":{"type":"Polygon","coordinates":[[[72.968181,23.762213],[72.969247,23.762121],[72.970108,23.762101],[72.970223,23.762029],[72.971145,23.761985],[72.972058,23.761976],[72.972906,23.761945],[72.974792,23.761726],[72.975461,23.761732],[72.975846,23.761669],[72.976446,23.761711],[72.977578,23.761736],[72.979947,23.760979],[72.980421,23.759653],[72.980429,23.757915],[72.980745,23.756288],[72.980761,23.755363],[72.980441,23.754322],[72.980342,23.753434],[72.980293,23.752468],[72.980237,23.752018],[72.979869,23.75187],[72.979746,23.751821],[72.979351,23.752073],[72.978567,23.752057],[72.977841,23.751032],[72.977613,23.750109],[72.977737,23.749716],[72.977516,23.749422],[72.976797,23.749547],[72.976129,23.74953],[72.975856,23.749283],[72.975598,23.749143],[72.974876,23.748984],[72.974569,23.749129],[72.974236,23.749179],[72.974307,23.748609],[72.97424,23.748385],[72.973532,23.748201],[72.97345,23.747752],[72.972987,23.747708],[72.972705,23.747865],[72.972024,23.747834],[72.971419,23.747353],[72.971201,23.747405],[72.970699,23.748098],[72.970498,23.748067],[72.969747,23.747603],[72.969493,23.747673],[72.969149,23.747877],[72.968911,23.747712],[72.968413,23.747078],[72.968121,23.747047],[72.967887,23.747284],[72.96771,23.74779],[72.967037,23.747796],[72.966508,23.747683],[72.965492,23.747431],[72.965327,23.747825],[72.965371,23.748299],[72.96525,23.748401],[72.9655,23.749359],[72.965623,23.750011],[72.966006,23.750979],[72.966245,23.751665],[72.96609,23.751667],[72.966069,23.75207],[72.966261,23.752044],[72.966231,23.752851],[72.965859,23.752914],[72.965809,23.752985],[72.966058,23.753434],[72.966657,23.754187],[72.966494,23.754568],[72.966253,23.754861],[72.966553,23.755297],[72.966673,23.755723],[72.966471,23.756033],[72.966527,23.756465],[72.966576,23.757437],[72.966487,23.758813],[72.967143,23.760088],[72.967166,23.761048],[72.966867,23.761869],[72.968014,23.762215],[72.968181,23.762213]]]}},{"type":"Feature","properties":{"village":"Singha","block":"Idar","gram_panchayat":"Singha","area_ha":409.816},"geometry":{"type":"Polygon","coordinates":[[[72.846372,23.76368],[72.846321,23.763652],[72.846581,23.763265],[72.847169,23.762775],[72.84767,23.762467],[72.848087,23.762463],[72.848437,23.762299],[72.849336,23.762291],[72.84973,23.762187],[72.850453,23.7621],[72.851593,23.761989],[72.851856,23.761906],[72.852005,23.761459],[72.852135,23.761296],[72.852726,23.761149],[72.852538,23.759875],[72.852556,23.759758],[72.852206,23.759082],[72.85141,23.75744],[72.851037,23.757177],[72.850628,23.756479],[72.850042,23.755423],[72.849309,23.75396],[72.84908,23.753639],[72.849075,23.753109],[72.848722,23.752714],[72.848268,23.75249],[72.848117,23.751809],[72.847517,23.75134],[72.847112,23.749808],[72.846217,23.748678],[72.845948,23.748395],[72.845615,23.747981],[72.845447,23.747641],[72.845198,23.74734],[72.84455,23.746227],[72.844424,23.745934],[72.844784,23.744927],[72.845401,23.742817],[72.845572,23.741394],[72.845787,23.740293],[72.846216,23.739986],[72.846391,23.739988],[72.846382,23.73989],[72.846621,23.739687],[72.846721,23.738799],[72.846307,23.738843],[72.845131,23.739195],[72.844172,23.739365],[72.844196,23.739606],[72.843316,23.741185],[72.843121,23.741368],[72.842463,23.741091],[72.840779,23.740138],[72.839637,23.739462],[72.837782,23.739558],[72.835908,23.739977],[72.835492,23.739859],[72.834293,23.740091],[72.832842,23.740445],[72.829837,23.741276],[72.82803,23.741895],[72.827354,23.741982],[72.825922,23.740643],[72.8259,23.740643],[72.825371,23.741191],[72.825151,23.742543],[72.825517,23.743225],[72.825716,23.744084],[72.826022,23.745059],[72.82562,23.745141],[72.825626,23.745747],[72.825424,23.746785],[72.826001,23.74727],[72.826503,23.748752],[72.826895,23.749825],[72.827066,23.750039],[72.827682,23.75019],[72.828191,23.750186],[72.82826,23.750753],[72.829087,23.750805],[72.829223,23.751684],[72.829477,23.751603],[72.830029,23.751775],[72.831132,23.751834],[72.831409,23.75191],[72.831602,23.752222],[72.831776,23.752612],[72.831778,23.752827],[72.832121,23.753254],[72.832378,23.753506],[72.83285,23.75407],[72.832612,23.754453],[72.832537,23.75553],[72.83269,23.755978],[72.832925,23.756172],[72.834265,23.75663],[72.834988,23.75682],[72.835464,23.757912],[72.837471,23.757132],[72.838891,23.757062],[72.840102,23.757365],[72.840295,23.757539],[72.841546,23.757607],[72.842074,23.757837],[72.842098,23.758092],[72.842375,23.758304],[72.842654,23.758596],[72.842871,23.759181],[72.843085,23.759374],[72.84315,23.75953],[72.843417,23.760761],[72.843542,23.760957],[72.843801,23.760954],[72.844281,23.76156],[72.844668,23.762989],[72.844927,23.763014],[72.845043,23.763106],[72.845431,23.763036],[72.845854,23.763775],[72.846214,23.763812],[72.846372,23.76368]]]}},{"type":"Feature","properties":{"village":"Ruderdi","block":"Idar","gram_panchayat":"Ruderdi","area_ha":505.562},"geometry":{"type":"Polygon","coordinates":[[[72.966215,23.76644],[72.966345,23.766304],[72.966662,23.765761],[72.967101,23.765216],[72.967319,23.76486],[72.967314,23.764376],[72.967443,23.763182],[72.968181,23.762213],[72.968014,23.762215],[72.966867,23.761869],[72.967166,23.761048],[72.967143,23.760088],[72.966487,23.758813],[72.966576,23.757437],[72.966527,23.756465],[72.966471,23.756033],[72.966673,23.755723],[72.966553,23.755297],[72.966253,23.754861],[72.966494,23.754568],[72.966657,23.754187],[72.966058,23.753434],[72.965809,23.752985],[72.965859,23.752914],[72.966231,23.752851],[72.966261,23.752044],[72.966069,23.75207],[72.96609,23.751667],[72.966245,23.751665],[72.966006,23.750979],[72.965623,23.750011],[72.9655,23.749359],[72.96525,23.748401],[72.964282,23.748469],[72.963741,23.748172],[72.962871,23.747587],[72.962094,23.747001],[72.9616,23.746672],[72.960884,23.746323],[72.960575,23.74597],[72.95999,23.745856],[72.958982,23.745488],[72.958438,23.744879],[72.957409,23.744673],[72.957347,23.744415],[72.957062,23.74424],[72.95696,23.744379],[72.956097,23.744475],[72.955868,23.745518],[72.956019,23.746204],[72.955707,23.746206],[72.955718,23.747292],[72.955576,23.747426],[72.954687,23.747412],[72.954724,23.748585],[72.954775,23.748917],[72.954616,23.749782],[72.954786,23.74998],[72.954526,23.750381],[72.954482,23.750736],[72.954276,23.751701],[72.954137,23.75219],[72.954043,23.752368],[72.954097,23.752943],[72.954029,23.753321],[72.953721,23.753678],[72.953358,23.753459],[72.95314,23.753262],[72.952926,23.753463],[72.952446,23.753423],[72.952179,23.753138],[72.951527,23.752834],[72.951385,23.75299],[72.950757,23.752818],[72.94976,23.753935],[72.949427,23.754182],[72.948896,23.753943],[72.948247,23.753882],[72.947079,23.754668],[72.947352,23.755507],[72.947817,23.756411],[72.947699,23.756567],[72.947151,23.756948],[72.947178,23.757236],[72.946629,23.757507],[72.945926,23.756937],[72.94549,23.75652],[72.945342,23.756101],[72.945028,23.755993],[72.944382,23.756176],[72.94352,23.756383],[72.943066,23.756564],[72.942641,23.757321],[72.942183,23.7582],[72.941686,23.758913],[72.941689,23.759179],[72.941137,23.759251],[72.940995,23.759473],[72.94074,23.760339],[72.941523,23.761673],[72.941599,23.762071],[72.941023,23.76212],[72.940645,23.762744],[72.940484,23.76341],[72.940373,23.76423],[72.940404,23.764966],[72.940556,23.765668],[72.940803,23.766331],[72.941189,23.766549],[72.941431,23.766746],[72.941724,23.767142],[72.941823,23.767451],[72.94183,23.768182],[72.94205,23.768557],[72.942341,23.768798],[72.943012,23.768681],[72.943684,23.768675],[72.944117,23.76876],[72.944114,23.768405],[72.944642,23.768401],[72.945048,23.768264],[72.945601,23.768348],[72.946298,23.768341],[72.947136,23.768135],[72.947472,23.768176],[72.9477,23.768329],[72.94847,23.768521],[72.948402,23.768876],[72.949097,23.768826],[72.950755,23.768944],[72.950758,23.769165],[72.951307,23.768939],[72.952316,23.768952],[72.953331,23.76963],[72.954056,23.770088],[72.954594,23.770402],[72.954555,23.769632],[72.955092,23.769634],[72.955593,23.769704],[72.957135,23.769802],[72.957621,23.769785],[72.957756,23.769684],[72.95796,23.769845],[72.958595,23.769827],[72.959147,23.769647],[72.959549,23.769282],[72.959834,23.769367],[72.960264,23.7692],[72.961111,23.768744],[72.961436,23.768598],[72.962349,23.768003],[72.962966,23.767524],[72.963774,23.767292],[72.964339,23.76705],[72.964811,23.766447],[72.965349,23.766218],[72.966215,23.76644]]]}},{"type":"Feature","properties":{"village":"Haripura (Aroda)","block":"Idar","gram_panchayat":"Haripura (Aroda)","area_ha":257.602},"geometry":{"type":"Polygon","coordinates":[[[72.878715,23.748331],[72.877473,23.747712],[72.876676,23.74826],[72.875971,23.748193],[72.875529,23.748242],[72.87521,23.747809],[72.87452,23.747928],[72.873467,23.74819],[72.8725,23.748587],[72.87122,23.749397],[72.869816,23.7505],[72.869232,23.751186],[72.869045,23.752541],[72.868771,23.754764],[72.868677,23.755778],[72.869854,23.757531],[72.871093,23.760238],[72.872207,23.761864],[72.873216,23.763609],[72.874203,23.765256],[72.874207,23.765587],[72.87449,23.7665],[72.874502,23.767649],[72.873994,23.769738],[72.873988,23.770134],[72.874043,23.770438],[72.874705,23.770371],[72.875568,23.770211],[72.876674,23.770232],[72.877107,23.770279],[72.877872,23.770293],[72.87931,23.770076],[72.880062,23.769866],[72.880952,23.769551],[72.882389,23.76912],[72.883286,23.769071],[72.884404,23.768929],[72.883398,23.768135],[72.882817,23.767618],[72.882116,23.766274],[72.882602,23.766045],[72.882743,23.765717],[72.88356,23.765424],[72.883557,23.765127],[72.884397,23.764936],[72.884088,23.763885],[72.883778,23.76399],[72.883458,23.76297],[72.884032,23.762761],[72.88414,23.762484],[72.883959,23.762097],[72.884113,23.761993],[72.884044,23.761708],[72.88443,23.761592],[72.88427,23.761082],[72.883957,23.760819],[72.883677,23.760514],[72.883174,23.758985],[72.882994,23.758731],[72.882722,23.758089],[72.88252,23.757815],[72.882354,23.757279],[72.882272,23.75685],[72.881782,23.755489],[72.881385,23.754624],[72.881092,23.754125],[72.881076,23.753573],[72.880274,23.753232],[72.880109,23.753305],[72.879581,23.753729],[72.879191,23.753492],[72.879509,23.753121],[72.878804,23.752473],[72.879089,23.752153],[72.878677,23.751952],[72.878862,23.751634],[72.878572,23.751442],[72.87844,23.751556],[72.877909,23.751652],[72.877805,23.751224],[72.877833,23.75063],[72.878037,23.749964],[72.878548,23.749009],[72.878645,23.748762],[72.878715,23.748331]]]}},{"type":"Feature","properties":{"village":"Jethipura","block":"Idar","gram_panchayat":"Jethipura","area_ha":123.766},"geometry":{"type":"Polygon","coordinates":[[[72.925418,23.773852],[72.925246,23.773597],[72.924854,23.772732],[72.924688,23.771817],[72.924486,23.770814],[72.924721,23.769992],[72.925106,23.768462],[72.925318,23.767078],[72.92686,23.766228],[72.927155,23.766113],[72.928351,23.765459],[72.929507,23.764846],[72.930186,23.764824],[72.932377,23.764462],[72.932336,23.763873],[72.932699,23.7635],[72.933443,23.763059],[72.933463,23.761629],[72.933308,23.760095],[72.933002,23.759133],[72.932603,23.757609],[72.930977,23.757061],[72.928911,23.75724],[72.927517,23.75722],[72.927151,23.75724],[72.926557,23.757052],[72.92531,23.756131],[72.924358,23.756734],[72.923146,23.7557],[72.922128,23.756657],[72.920398,23.757916],[72.920841,23.758298],[72.921252,23.75912],[72.921862,23.759816],[72.921512,23.7605],[72.922758,23.762078],[72.923417,23.763124],[72.924113,23.763448],[72.924912,23.764988],[72.924757,23.765134],[72.924941,23.765669],[72.924935,23.767257],[72.924589,23.768395],[72.923433,23.769045],[72.922269,23.769808],[72.921511,23.770041],[72.921213,23.771509],[72.920703,23.772807],[72.920809,23.773118],[72.921858,23.774099],[72.921849,23.774264],[72.92308,23.77447],[72.924015,23.77442],[72.92522,23.774265],[72.925418,23.773852]]]}},{"type":"Feature","properties":{"village":"Eklara","block":"Idar","gram_panchayat":"Eklara","area_ha":1183.37},"geometry":{"type":"Polygon","coordinates":[[[72.845173,23.767972],[72.845327,23.767747],[72.846002,23.766628],[72.846487,23.765713],[72.846641,23.764925],[72.846762,23.763892],[72.846372,23.76368],[72.846214,23.763812],[72.845854,23.763775],[72.845431,23.763036],[72.845043,23.763106],[72.844927,23.763014],[72.844668,23.762989],[72.844281,23.76156],[72.843801,23.760954],[72.843542,23.760957],[72.843417,23.760761],[72.84315,23.75953],[72.843085,23.759374],[72.842871,23.759181],[72.842654,23.758596],[72.842375,23.758304],[72.842098,23.758092],[72.842074,23.757837],[72.841546,23.757607],[72.840295,23.757539],[72.840102,23.757365],[72.838891,23.757062],[72.837471,23.757132],[72.835464,23.757912],[72.834988,23.75682],[72.834265,23.75663],[72.832925,23.756172],[72.83269,23.755978],[72.832537,23.75553],[72.832612,23.754453],[72.83285,23.75407],[72.832378,23.753506],[72.832121,23.753254],[72.831778,23.752827],[72.831776,23.752612],[72.831602,23.752222],[72.831409,23.75191],[72.831132,23.751834],[72.830029,23.751775],[72.829477,23.751603],[72.829223,23.751684],[72.829087,23.750805],[72.82826,23.750753],[72.828191,23.750186],[72.827682,23.75019],[72.827066,23.750039],[72.826895,23.749825],[72.826503,23.748752],[72.826001,23.74727],[72.825424,23.746785],[72.825626,23.745747],[72.82562,23.745141],[72.826022,23.745059],[72.825716,23.744084],[72.825517,23.743225],[72.825151,23.742543],[72.825371,23.741191],[72.8259,23.740643],[72.825638,23.740645],[72.825097,23.741154],[72.824662,23.741359],[72.824117,23.741383],[72.824152,23.740557],[72.824305,23.740515],[72.824369,23.740353],[72.824381,23.739356],[72.824235,23.737785],[72.823862,23.737547],[72.823053,23.737327],[72.822594,23.737222],[72.8217,23.73668],[72.821345,23.736326],[72.821008,23.736227],[72.820422,23.736287],[72.819915,23.736108],[72.820016,23.735848],[72.819847,23.735552],[72.819419,23.73545],[72.819273,23.735355],[72.818564,23.735236],[72.818302,23.736131],[72.817237,23.735765],[72.816934,23.735643],[72.816763,23.735807],[72.816377,23.735705],[72.816376,23.735542],[72.816146,23.735467],[72.816145,23.735303],[72.815759,23.73522],[72.815505,23.735866],[72.814513,23.735537],[72.813408,23.735297],[72.813305,23.735413],[72.81292,23.735387],[72.812165,23.735169],[72.810675,23.734647],[72.810105,23.734347],[72.809617,23.733754],[72.808203,23.733162],[72.807587,23.733002],[72.807206,23.732529],[72.806472,23.732425],[72.80514,23.732088],[72.804581,23.731636],[72.803801,23.731208],[72.802526,23.732129],[72.802055,23.732517],[72.801633,23.733077],[72.801025,23.73407],[72.800696,23.734968],[72.800558,23.735532],[72.800459,23.737045],[72.800556,23.738859],[72.800599,23.740936],[72.800667,23.742435],[72.800808,23.7449],[72.800758,23.746065],[72.800243,23.746886],[72.799099,23.748606],[72.798534,23.749644],[72.798082,23.750358],[72.797465,23.750792],[72.796772,23.751753],[72.796153,23.75364],[72.795912,23.755522],[72.795832,23.757134],[72.795454,23.757802],[72.794845,23.759391],[72.794742,23.760221],[72.794761,23.760993],[72.795005,23.762461],[72.795381,23.763913],[72.796247,23.763877],[72.799023,23.763893],[72.800922,23.763972],[72.801034,23.762878],[72.800826,23.762409],[72.801377,23.762424],[72.802299,23.762793],[72.802455,23.763168],[72.803084,23.764915],[72.804266,23.764698],[72.80469,23.764205],[72.805857,23.764629],[72.807099,23.764336],[72.808114,23.765853],[72.808432,23.767112],[72.809196,23.768114],[72.809526,23.76845],[72.809345,23.768734],[72.809665,23.769127],[72.810014,23.769406],[72.810059,23.769782],[72.810064,23.770385],[72.809311,23.770542],[72.808474,23.77053],[72.807436,23.77082],[72.807232,23.77086],[72.807427,23.771485],[72.807505,23.771573],[72.807606,23.77273],[72.809169,23.772533],[72.809294,23.772364],[72.80955,23.772429],[72.809792,23.773031],[72.810793,23.773157],[72.812302,23.773111],[72.813357,23.773136],[72.813934,23.773105],[72.81393,23.771587],[72.814367,23.77123],[72.815009,23.771296],[72.815908,23.771429],[72.817093,23.771437],[72.817126,23.770926],[72.817555,23.769786],[72.816281,23.768404],[72.817003,23.767992],[72.817021,23.767887],[72.816847,23.767624],[72.816574,23.767062],[72.81651,23.766375],[72.816355,23.766165],[72.816408,23.765724],[72.816541,23.765564],[72.816368,23.765477],[72.816309,23.765284],[72.816382,23.765001],[72.816535,23.765],[72.816647,23.7647],[72.816719,23.764188],[72.816752,23.763676],[72.816923,23.763552],[72.816901,23.763287],[72.817624,23.763017],[72.817755,23.762646],[72.817887,23.762486],[72.818266,23.762219],[72.818837,23.761967],[72.818448,23.76123],[72.818943,23.761103],[72.819572,23.760869],[72.820104,23.760635],[72.820182,23.760776],[72.820665,23.761389],[72.821076,23.762337],[72.821399,23.762229],[72.822298,23.762292],[72.823378,23.762345],[72.824051,23.762815],[72.824748,23.763832],[72.825511,23.763667],[72.825724,23.764],[72.826566,23.764134],[72.827044,23.764165],[72.827555,23.764284],[72.828473,23.764453],[72.829403,23.763794],[72.830319,23.763715],[72.830569,23.763854],[72.831027,23.763763],[72.831428,23.763759],[72.832174,23.763929],[72.833074,23.764081],[72.833516,23.764412],[72.833919,23.764567],[72.834415,23.764528],[72.834819,23.764807],[72.835966,23.764885],[72.836824,23.765336],[72.837129,23.765263],[72.839025,23.765759],[72.840806,23.766185],[72.841666,23.766266],[72.842817,23.766732],[72.844308,23.767213],[72.845058,23.767753],[72.845173,23.767972]]]}},{"type":"Feature","properties":{"village":"Santol","block":"Idar","gram_panchayat":"Santol","area_ha":439.448},"geometry":{"type":"Polygon","coordinates":[[[72.858849,23.774768],[72.859052,23.774754],[72.859734,23.774498],[72.859866,23.774321],[72.861283,23.77445],[72.862161,23.774266],[72.862676,23.774209],[72.862617,23.774033],[72.863609,23.773742],[72.863915,23.773757],[72.8642,23.773543],[72.864809,23.773274],[72.866077,23.773095],[72.866686,23.772808],[72.867732,23.772252],[72.868207,23.771966],[72.868932,23.771766],[72.870113,23.771332],[72.870724,23.771239],[72.871676,23.770825],[72.871944,23.770823],[72.872476,23.770465],[72.873239,23.770247],[72.873988,23.770134],[72.873994,23.769738],[72.874502,23.767649],[72.87449,23.7665],[72.874207,23.765587],[72.874203,23.765256],[72.873216,23.763609],[72.872207,23.761864],[72.871093,23.760238],[72.869854,23.757531],[72.868677,23.755778],[72.868483,23.756045],[72.867315,23.75632],[72.866946,23.75638],[72.865634,23.756657],[72.864279,23.756839],[72.863748,23.75709],[72.863337,23.757093],[72.862658,23.757023],[72.862124,23.757028],[72.861243,23.757263],[72.860732,23.75757],[72.859281,23.757696],[72.858624,23.757777],[72.857784,23.757936],[72.857231,23.758111],[72.8559,23.758615],[72.855554,23.758997],[72.85484,23.759439],[72.854449,23.759386],[72.853505,23.759526],[72.852556,23.759758],[72.852538,23.759875],[72.852726,23.761149],[72.852135,23.761296],[72.852005,23.761459],[72.851856,23.761906],[72.851593,23.761989],[72.850453,23.7621],[72.84973,23.762187],[72.849336,23.762291],[72.848437,23.762299],[72.848087,23.762463],[72.84767,23.762467],[72.847169,23.762775],[72.846581,23.763265],[72.846321,23.763652],[72.846372,23.76368],[72.846762,23.763892],[72.846641,23.764925],[72.846487,23.765713],[72.846002,23.766628],[72.845327,23.767747],[72.845173,23.767972],[72.846362,23.770192],[72.846879,23.770645],[72.847218,23.770524],[72.848629,23.77136],[72.849529,23.772199],[72.851207,23.774302],[72.851514,23.77444],[72.852154,23.77467],[72.853125,23.77485],[72.854195,23.774818],[72.855039,23.775023],[72.855346,23.775138],[72.855703,23.775182],[72.856398,23.775835],[72.856678,23.775832],[72.857921,23.77514],[72.858682,23.77478],[72.858849,23.774768]]]}},{"type":"Feature","properties":{"village":"Chitrodi","block":"Idar","gram_panchayat":"Chitrodi","area_ha":335.463},"geometry":{"type":"Polygon","coordinates":[[[72.84297,23.77208],[72.843421,23.771891],[72.844371,23.771407],[72.845172,23.771242],[72.846044,23.770935],[72.846901,23.770664],[72.846879,23.770645],[72.846362,23.770192],[72.845173,23.767972],[72.845058,23.767753],[72.844308,23.767213],[72.842817,23.766732],[72.841666,23.766266],[72.840806,23.766185],[72.839025,23.765759],[72.837129,23.765263],[72.836824,23.765336],[72.835966,23.764885],[72.834819,23.764807],[72.834415,23.764528],[72.833919,23.764567],[72.833516,23.764412],[72.833074,23.764081],[72.832174,23.763929],[72.831428,23.763759],[72.831027,23.763763],[72.830569,23.763854],[72.830319,23.763715],[72.829403,23.763794],[72.828473,23.764453],[72.827555,23.764284],[72.827044,23.764165],[72.826566,23.764134],[72.825724,23.764],[72.825511,23.763667],[72.824748,23.763832],[72.824051,23.762815],[72.823378,23.762345],[72.822298,23.762292],[72.821399,23.762229],[72.821076,23.762337],[72.820665,23.761389],[72.820182,23.760776],[72.820104,23.760635],[72.819572,23.760869],[72.818943,23.761103],[72.818448,23.76123],[72.818837,23.761967],[72.818266,23.762219],[72.817887,23.762486],[72.817755,23.762646],[72.817624,23.763017],[72.816901,23.763287],[72.816923,23.763552],[72.816752,23.763676],[72.816719,23.764188],[72.816647,23.7647],[72.816535,23.765],[72.816382,23.765001],[72.816309,23.765284],[72.816368,23.765477],[72.816541,23.765564],[72.816408,23.765724],[72.816355,23.766165],[72.81651,23.766375],[72.816574,23.767062],[72.816847,23.767624],[72.817021,23.767887],[72.817003,23.767992],[72.816281,23.768404],[72.817555,23.769786],[72.817126,23.770926],[72.817093,23.771437],[72.815908,23.771429],[72.815009,23.771296],[72.814367,23.77123],[72.81393,23.771587],[72.813934,23.773105],[72.814068,23.773965],[72.814167,23.774369],[72.814245,23.775513],[72.815446,23.775522],[72.816134,23.775552],[72.817551,23.775822],[72.818371,23.775692],[72.819498,23.775683],[72.820548,23.775534],[72.821503,23.775561],[72.822038,23.775557],[72.822555,23.775676],[72.824112,23.775311],[72.825219,23.775143],[72.827056,23.775498],[72.82763,23.775582],[72.829129,23.774529],[72.829589,23.774649],[72.830123,23.774504],[72.831244,23.774336],[72.83151,23.77414],[72.832709,23.773707],[72.832842,23.773618],[72.833016,23.773775],[72.833379,23.773807],[72.834524,23.773639],[72.834811,23.773725],[72.836662,23.77348],[72.837979,23.773364],[72.839727,23.773138],[72.840967,23.772951],[72.842051,23.772467],[72.84297,23.77208]]]}},{"type":"Feature","properties":{"village":"Nana Kotda","block":"Idar","gram_panchayat":"Nana Kotda","area_ha":571.057},"geometry":{"type":"Polygon","coordinates":[[[72.966215,23.76644],[72.965349,23.766218],[72.964811,23.766447],[72.964339,23.76705],[72.963774,23.767292],[72.962966,23.767524],[72.962349,23.768003],[72.961436,23.768598],[72.961111,23.768744],[72.960264,23.7692],[72.959834,23.769367],[72.959549,23.769282],[72.959147,23.769647],[72.958595,23.769827],[72.95796,23.769845],[72.957756,23.769684],[72.957621,23.769785],[72.957135,23.769802],[72.955593,23.769704],[72.955092,23.769634],[72.954555,23.769632],[72.954594,23.770402],[72.954602,23.77057],[72.955113,23.770955],[72.955148,23.771064],[72.955644,23.771652],[72.955749,23.772025],[72.955955,23.772288],[72.956361,23.77269],[72.956909,23.773355],[72.957352,23.773678],[72.957219,23.773929],[72.957851,23.774539],[72.958244,23.774972],[72.958469,23.775515],[72.958891,23.775464],[72.959236,23.776116],[72.959557,23.777695],[72.959714,23.778239],[72.96015,23.779498],[72.960152,23.779731],[72.960262,23.780494],[72.96042,23.781116],[72.960647,23.781769],[72.960895,23.782889],[72.961018,23.783324],[72.961183,23.784546],[72.961192,23.785372],[72.96108,23.785997],[72.961188,23.786572],[72.96123,23.787367],[72.961368,23.788472],[72.961561,23.789125],[72.961862,23.790447],[72.96199,23.791288],[72.962186,23.792283],[72.961618,23.793675],[72.96156,23.793816],[72.963143,23.794862],[72.963962,23.795634],[72.965752,23.797161],[72.966062,23.79724],[72.966536,23.797261],[72.967145,23.79733],[72.968251,23.798368],[72.969139,23.798721],[72.969764,23.799052],[72.970117,23.799198],[72.970323,23.799458],[72.970769,23.799467],[72.971445,23.799523],[72.972271,23.799678],[72.972826,23.799685],[72.973124,23.799757],[72.973328,23.799867],[72.97389,23.800635],[72.974024,23.800497],[72.974442,23.800213],[72.974899,23.800009],[72.97603,23.799575],[72.976339,23.799372],[72.978573,23.798454],[72.9793,23.798186],[72.979931,23.797768],[72.980749,23.797081],[72.980936,23.79688],[72.982103,23.795996],[72.982425,23.795806],[72.982532,23.795681],[72.982702,23.795143],[72.98274,23.794906],[72.982506,23.794472],[72.982007,23.794327],[72.981761,23.794129],[72.981622,23.793744],[72.981373,23.793248],[72.980624,23.792712],[72.980015,23.792655],[72.979511,23.792311],[72.979332,23.792001],[72.978985,23.791094],[72.978724,23.790697],[72.978217,23.790109],[72.97818,23.7892],[72.977579,23.788544],[72.977522,23.788308],[72.976667,23.786832],[72.976423,23.786784],[72.975357,23.785672],[72.974933,23.785252],[72.974877,23.785003],[72.974841,23.784218],[72.974986,23.783892],[72.975005,23.783094],[72.975109,23.782769],[72.975328,23.781707],[72.975445,23.781282],[72.97552,23.78067],[72.975625,23.780414],[72.975687,23.779914],[72.975683,23.779528],[72.975742,23.778692],[72.975871,23.778105],[72.975838,23.777625],[72.975831,23.776939],[72.975798,23.776354],[72.97586,23.775842],[72.975631,23.774653],[72.975629,23.774491],[72.975432,23.77377],[72.974849,23.772316],[72.974776,23.771793],[72.974077,23.770864],[72.973665,23.770251],[72.973077,23.769633],[72.972546,23.769226],[72.971989,23.768969],[72.971675,23.768648],[72.97109,23.768292],[72.970521,23.768235],[72.969655,23.768211],[72.96813,23.76845],[72.96747,23.76863],[72.966671,23.76845],[72.966462,23.767916],[72.966398,23.766957],[72.966215,23.76644]]]}},{"type":"Feature","properties":{"village":"Gadha","block":"Idar","gram_panchayat":"Gadha","area_ha":550.79},"geometry":{"type":"Polygon","coordinates":[[[72.823132,23.79826],[72.823339,23.795723],[72.823287,23.795319],[72.822495,23.793934],[72.822027,23.793231],[72.821772,23.792044],[72.821571,23.791395],[72.821262,23.78958],[72.822237,23.78974],[72.822152,23.78853],[72.823297,23.788722],[72.822994,23.787491],[72.823625,23.787418],[72.82394,23.787303],[72.823519,23.786499],[72.823274,23.786254],[72.823049,23.785695],[72.822973,23.785348],[72.82297,23.784989],[72.823795,23.78478],[72.824768,23.784478],[72.824664,23.783149],[72.824407,23.783017],[72.824088,23.782094],[72.823779,23.782163],[72.823518,23.78161],[72.823384,23.780871],[72.823175,23.780006],[72.823464,23.779717],[72.824321,23.779677],[72.82527,23.779686],[72.825718,23.780776],[72.827049,23.780731],[72.827196,23.780798],[72.827744,23.780894],[72.828249,23.780267],[72.828373,23.77993],[72.828666,23.780045],[72.82886,23.77937],[72.828569,23.779474],[72.828455,23.778987],[72.828273,23.779005],[72.828121,23.77835],[72.828798,23.77858],[72.829381,23.778525],[72.829685,23.777832],[72.830673,23.778144],[72.831837,23.778605],[72.832772,23.779018],[72.834215,23.779209],[72.833861,23.778522],[72.83585,23.778205],[72.836083,23.778167],[72.837556,23.777599],[72.837964,23.777015],[72.838127,23.776846],[72.839399,23.77633],[72.839999,23.776207],[72.841081,23.776788],[72.841505,23.777238],[72.842291,23.7774],[72.843219,23.777157],[72.843705,23.77648],[72.843682,23.775975],[72.843839,23.775267],[72.843431,23.774547],[72.843734,23.773753],[72.843453,23.772998],[72.84297,23.77208],[72.842051,23.772467],[72.840967,23.772951],[72.839727,23.773138],[72.837979,23.773364],[72.836662,23.77348],[72.834811,23.773725],[72.834524,23.773639],[72.833379,23.773807],[72.833016,23.773775],[72.832842,23.773618],[72.832709,23.773707],[72.83151,23.77414],[72.831244,23.774336],[72.830123,23.774504],[72.829589,23.774649],[72.829129,23.774529],[72.82763,23.775582],[72.827056,23.775498],[72.825219,23.775143],[72.824112,23.775311],[72.822555,23.775676],[72.822038,23.775557],[72.821503,23.775561],[72.820548,23.775534],[72.819498,23.775683],[72.818371,23.775692],[72.817551,23.775822],[72.816134,23.775552],[72.815446,23.775522],[72.814245,23.775513],[72.814167,23.774369],[72.814068,23.773965],[72.813934,23.773105],[72.813357,23.773136],[72.812302,23.773111],[72.810793,23.773157],[72.809792,23.773031],[72.80955,23.772429],[72.809294,23.772364],[72.809169,23.772533],[72.807606,23.77273],[72.807505,23.771573],[72.807427,23.771485],[72.806198,23.771602],[72.805373,23.771696],[72.804211,23.771875],[72.804496,23.772932],[72.80473,23.773382],[72.804609,23.77351],[72.803861,23.773685],[72.803908,23.773812],[72.803591,23.774351],[72.803976,23.776156],[72.802645,23.776308],[72.80167,23.776389],[72.801494,23.776439],[72.802472,23.777931],[72.80283,23.778852],[72.803374,23.779778],[72.803903,23.780721],[72.80429,23.78153],[72.804702,23.7826],[72.804623,23.78334],[72.804421,23.78399],[72.804333,23.784582],[72.804583,23.785169],[72.805333,23.786108],[72.805813,23.786767],[72.80725,23.788529],[72.808853,23.790669],[72.81001,23.792719],[72.810711,23.793789],[72.811299,23.794449],[72.813202,23.796747],[72.8138,23.797398],[72.814413,23.798007],[72.814421,23.798241],[72.814905,23.798192],[72.815441,23.7983],[72.816538,23.79856],[72.817998,23.798638],[72.819702,23.798714],[72.820578,23.798729],[72.821501,23.798565],[72.822521,23.798422],[72.823128,23.798305],[72.823132,23.79826]]]}},{"type":"Feature","properties":{"village":"Manpur","block":"Idar","gram_panchayat":"Manpura","area_ha":458.455},"geometry":{"type":"Polygon","coordinates":[[[72.863013,23.785822],[72.862901,23.785211],[72.862666,23.784486],[72.862618,23.783875],[72.862469,23.783474],[72.862339,23.782901],[72.861912,23.7817],[72.861613,23.780765],[72.861003,23.77989],[72.860558,23.778979],[72.86007,23.777816],[72.859529,23.776405],[72.858915,23.775033],[72.858849,23.774768],[72.858682,23.77478],[72.857921,23.77514],[72.856678,23.775832],[72.856398,23.775835],[72.855703,23.775182],[72.855346,23.775138],[72.855039,23.775023],[72.854195,23.774818],[72.853125,23.77485],[72.852154,23.77467],[72.851514,23.77444],[72.851207,23.774302],[72.849529,23.772199],[72.848629,23.77136],[72.847218,23.770524],[72.846879,23.770645],[72.846901,23.770664],[72.846044,23.770935],[72.845172,23.771242],[72.844371,23.771407],[72.843421,23.771891],[72.84297,23.77208],[72.843453,23.772998],[72.843734,23.773753],[72.843431,23.774547],[72.843839,23.775267],[72.843682,23.775975],[72.843705,23.77648],[72.843219,23.777157],[72.842291,23.7774],[72.841505,23.777238],[72.841081,23.776788],[72.839999,23.776207],[72.839399,23.77633],[72.838127,23.776846],[72.837964,23.777015],[72.837556,23.777599],[72.836083,23.778167],[72.83585,23.778205],[72.83609,23.778306],[72.837729,23.778645],[72.839222,23.779338],[72.839989,23.779528],[72.84065,23.779797],[72.841038,23.780381],[72.842425,23.781075],[72.842728,23.78168],[72.842903,23.782168],[72.84313,23.783675],[72.843775,23.784493],[72.844526,23.78527],[72.844851,23.785895],[72.845092,23.786696],[72.845337,23.787889],[72.845433,23.788986],[72.845119,23.789498],[72.844288,23.791444],[72.844019,23.792113],[72.843747,23.792546],[72.843536,23.792744],[72.842781,23.79373],[72.841877,23.794658],[72.841353,23.795427],[72.8412,23.795816],[72.842713,23.796388],[72.842662,23.797015],[72.843104,23.797944],[72.84406,23.798096],[72.8441,23.799242],[72.845203,23.799908],[72.845669,23.799543],[72.846669,23.799023],[72.847722,23.798575],[72.848249,23.798424],[72.849039,23.798125],[72.850589,23.797161],[72.851195,23.796864],[72.851642,23.796689],[72.852142,23.796417],[72.852668,23.796193],[72.85351,23.795747],[72.854429,23.795106],[72.855877,23.794016],[72.856297,23.793744],[72.856638,23.793473],[72.856819,23.793057],[72.857158,23.792566],[72.857602,23.792026],[72.858123,23.791242],[72.859197,23.790187],[72.859508,23.789648],[72.859771,23.789426],[72.860034,23.789278],[72.860374,23.789007],[72.860636,23.788736],[72.860952,23.788563],[72.861214,23.788317],[72.861472,23.78773],[72.862043,23.786664],[72.862278,23.786345],[72.862487,23.786148],[72.863013,23.785822]]]}},{"type":"Feature","properties":{"village":"Virpur","block":"Idar","gram_panchayat":"Virpur","area_ha":1093.89},"geometry":{"type":"Polygon","coordinates":[[[72.941954,23.801569],[72.942094,23.801471],[72.943223,23.801538],[72.943766,23.801591],[72.94411,23.800529],[72.943588,23.800495],[72.943208,23.800171],[72.943016,23.799768],[72.943743,23.799337],[72.943842,23.798874],[72.944533,23.799061],[72.944652,23.798443],[72.944939,23.79792],[72.945679,23.796777],[72.945905,23.796351],[72.945664,23.795293],[72.945159,23.794951],[72.94472,23.794897],[72.944551,23.794706],[72.944548,23.794417],[72.945777,23.794117],[72.94569,23.793771],[72.946315,23.793669],[72.947109,23.793681],[72.947358,23.793544],[72.947634,23.793946],[72.948762,23.793994],[72.948847,23.79409],[72.948249,23.794866],[72.948527,23.79546],[72.949669,23.794834],[72.950347,23.795097],[72.950789,23.79544],[72.952186,23.795235],[72.953027,23.79569],[72.953756,23.795529],[72.954696,23.795578],[72.955317,23.794975],[72.956238,23.79516],[72.956382,23.795024],[72.956789,23.795116],[72.957021,23.795345],[72.95748,23.795284],[72.958079,23.794642],[72.958371,23.79462],[72.960451,23.793831],[72.961306,23.793688],[72.961618,23.793675],[72.962186,23.792283],[72.96199,23.791288],[72.961862,23.790447],[72.961561,23.789125],[72.961368,23.788472],[72.96123,23.787367],[72.961188,23.786572],[72.96108,23.785997],[72.961192,23.785372],[72.961183,23.784546],[72.961018,23.783324],[72.960895,23.782889],[72.960647,23.781769],[72.96042,23.781116],[72.960262,23.780494],[72.960152,23.779731],[72.96015,23.779498],[72.959714,23.778239],[72.959557,23.777695],[72.959236,23.776116],[72.958891,23.775464],[72.958469,23.775515],[72.958244,23.774972],[72.957851,23.774539],[72.957219,23.773929],[72.957352,23.773678],[72.956909,23.773355],[72.956361,23.77269],[72.955955,23.772288],[72.955749,23.772025],[72.955644,23.771652],[72.955148,23.771064],[72.955113,23.770955],[72.954602,23.77057],[72.954594,23.770402],[72.954056,23.770088],[72.953331,23.76963],[72.952316,23.768952],[72.951307,23.768939],[72.950758,23.769165],[72.950755,23.768944],[72.949097,23.768826],[72.948402,23.768876],[72.94847,23.768521],[72.9477,23.768329],[72.947472,23.768176],[72.947136,23.768135],[72.946298,23.768341],[72.945601,23.768348],[72.945048,23.768264],[72.944642,23.768401],[72.944114,23.768405],[72.944117,23.76876],[72.943684,23.768675],[72.943012,23.768681],[72.942341,23.768798],[72.94205,23.768557],[72.94183,23.768182],[72.941823,23.767451],[72.941724,23.767142],[72.941431,23.766746],[72.941189,23.766549],[72.940803,23.766331],[72.940556,23.765668],[72.940404,23.764966],[72.939944,23.764865],[72.938076,23.764511],[72.93605,23.764363],[72.934525,23.764228],[72.932561,23.764301],[72.932377,23.764462],[72.930186,23.764824],[72.929507,23.764846],[72.928351,23.765459],[72.927155,23.766113],[72.92686,23.766228],[72.925318,23.767078],[72.925106,23.768462],[72.924721,23.769992],[72.924486,23.770814],[72.924688,23.771817],[72.924854,23.772732],[72.925246,23.773597],[72.925418,23.773852],[72.925909,23.773847],[72.926082,23.774423],[72.926329,23.775544],[72.926529,23.776563],[72.92665,23.777464],[72.926583,23.778558],[72.926744,23.77952],[72.927091,23.780672],[72.927563,23.781987],[72.927962,23.783809],[72.92803,23.784983],[72.928411,23.786217],[72.928962,23.78763],[72.929092,23.78832],[72.929276,23.788813],[72.929903,23.789911],[72.930404,23.790834],[72.930793,23.791712],[72.930946,23.792505],[72.931098,23.793137],[72.931126,23.793611],[72.930173,23.794486],[72.930063,23.794531],[72.931125,23.795641],[72.932905,23.797452],[72.934983,23.799701],[72.935946,23.800539],[72.936504,23.801312],[72.938559,23.801294],[72.939054,23.801613],[72.939117,23.801576],[72.940057,23.801508],[72.940897,23.8015],[72.941952,23.80155],[72.941954,23.801569]]]}},{"type":"Feature","properties":{"village":"Kabso","block":"Idar","gram_panchayat":"Gadha","area_ha":447.312},"geometry":{"type":"Polygon","coordinates":[[[72.83201,23.800804],[72.832407,23.800459],[72.833525,23.799543],[72.834601,23.798988],[72.835148,23.798743],[72.837217,23.79742],[72.838077,23.796746],[72.838799,23.796633],[72.839896,23.796518],[72.8412,23.795816],[72.841353,23.795427],[72.841877,23.794658],[72.842781,23.79373],[72.843536,23.792744],[72.843747,23.792546],[72.844019,23.792113],[72.844288,23.791444],[72.845119,23.789498],[72.845433,23.788986],[72.845337,23.787889],[72.845092,23.786696],[72.844851,23.785895],[72.844526,23.78527],[72.843775,23.784493],[72.84313,23.783675],[72.842903,23.782168],[72.842728,23.78168],[72.842425,23.781075],[72.841038,23.780381],[72.84065,23.779797],[72.839989,23.779528],[72.839222,23.779338],[72.837729,23.778645],[72.83609,23.778306],[72.83585,23.778205],[72.833861,23.778522],[72.834215,23.779209],[72.832772,23.779018],[72.831837,23.778605],[72.830673,23.778144],[72.829685,23.777832],[72.829381,23.778525],[72.828798,23.77858],[72.828121,23.77835],[72.828273,23.779005],[72.828455,23.778987],[72.828569,23.779474],[72.82886,23.77937],[72.828666,23.780045],[72.828373,23.77993],[72.828249,23.780267],[72.827744,23.780894],[72.827196,23.780798],[72.827049,23.780731],[72.825718,23.780776],[72.82527,23.779686],[72.824321,23.779677],[72.823464,23.779717],[72.823175,23.780006],[72.823384,23.780871],[72.823518,23.78161],[72.823779,23.782163],[72.824088,23.782094],[72.824407,23.783017],[72.824664,23.783149],[72.824768,23.784478],[72.823795,23.78478],[72.82297,23.784989],[72.822973,23.785348],[72.823049,23.785695],[72.823274,23.786254],[72.823519,23.786499],[72.82394,23.787303],[72.823625,23.787418],[72.822994,23.787491],[72.823297,23.788722],[72.822152,23.78853],[72.822237,23.78974],[72.821262,23.78958],[72.821571,23.791395],[72.821772,23.792044],[72.822027,23.793231],[72.822495,23.793934],[72.823287,23.795319],[72.823339,23.795723],[72.823132,23.79826],[72.823265,23.798384],[72.82402,23.79971],[72.823964,23.800281],[72.823783,23.800721],[72.824235,23.800622],[72.825615,23.800363],[72.825755,23.799829],[72.826849,23.799858],[72.827777,23.799794],[72.82792,23.799735],[72.828353,23.799694],[72.829223,23.800029],[72.82986,23.799738],[72.830128,23.799736],[72.829982,23.799585],[72.830082,23.799185],[72.83039,23.799087],[72.830389,23.798916],[72.83076,23.798894],[72.831129,23.798643],[72.831459,23.798678],[72.831669,23.799057],[72.831694,23.799457],[72.831783,23.80016],[72.831664,23.800675],[72.831789,23.800826],[72.83201,23.800804]]]}},{"type":"Feature","properties":{"village":"Umedgadh","block":"Idar","gram_panchayat":"Umedgadh","area_ha":745.865},"geometry":{"type":"Polygon","coordinates":[[[72.939054,23.801613],[72.938559,23.801294],[72.936504,23.801312],[72.935946,23.800539],[72.934983,23.799701],[72.932905,23.797452],[72.931125,23.795641],[72.930063,23.794531],[72.928838,23.795034],[72.927758,23.795518],[72.927648,23.795441],[72.92652,23.79441],[72.926158,23.794021],[72.926012,23.793945],[72.925335,23.793322],[72.924634,23.792545],[72.924087,23.792643],[72.924052,23.792457],[72.923817,23.792418],[72.923663,23.792193],[72.92318,23.791929],[72.922822,23.791922],[72.920951,23.791412],[72.920568,23.791189],[72.919732,23.791021],[72.919183,23.790933],[72.91904,23.791141],[72.918872,23.791121],[72.918723,23.790803],[72.918173,23.79056],[72.917728,23.790781],[72.917526,23.790618],[72.916975,23.790344],[72.916563,23.790523],[72.916394,23.79039],[72.91559,23.790439],[72.915307,23.790272],[72.915337,23.789602],[72.914942,23.789142],[72.914214,23.788943],[72.913895,23.788619],[72.913737,23.788655],[72.912881,23.78868],[72.912345,23.788993],[72.910036,23.788808],[72.909215,23.788557],[72.907752,23.788553],[72.907603,23.788589],[72.907531,23.788812],[72.907162,23.789107],[72.906477,23.789422],[72.905695,23.789395],[72.905339,23.78914],[72.904568,23.788306],[72.90347,23.788316],[72.903055,23.787718],[72.901859,23.785412],[72.901499,23.78478],[72.901235,23.784439],[72.900809,23.784614],[72.900641,23.784513],[72.900412,23.784],[72.900041,23.783038],[72.899738,23.783585],[72.897743,23.785201],[72.897522,23.786205],[72.896465,23.786769],[72.896464,23.78673],[72.896275,23.787068],[72.895467,23.788228],[72.894307,23.789051],[72.894666,23.790106],[72.894881,23.791087],[72.894804,23.791088],[72.894908,23.791236],[72.894995,23.791863],[72.895221,23.792615],[72.895122,23.793645],[72.89492,23.795204],[72.894982,23.795931],[72.894988,23.796559],[72.895517,23.797735],[72.896155,23.798922],[72.89649,23.799672],[72.896689,23.800524],[72.896998,23.801451],[72.897671,23.803378],[72.898036,23.804555],[72.898592,23.80563],[72.899066,23.806781],[72.899349,23.807783],[72.899655,23.808458],[72.899658,23.80881],[72.899804,23.809738],[72.900139,23.810564],[72.900093,23.810867],[72.9003,23.810895],[72.900836,23.810968],[72.901713,23.811162],[72.902605,23.811593],[72.902838,23.81177],[72.903303,23.811955],[72.904196,23.812422],[72.904868,23.812713],[72.905679,23.81324],[72.906223,23.813568],[72.906315,23.81378],[72.906703,23.81355],[72.90758,23.812966],[72.907576,23.812529],[72.907831,23.81219],[72.90774,23.811734],[72.907294,23.810268],[72.908632,23.810514],[72.909708,23.810465],[72.909883,23.810682],[72.910918,23.810792],[72.911243,23.811047],[72.91129,23.811365],[72.91215,23.811258],[72.911955,23.81116],[72.912467,23.810699],[72.913047,23.810495],[72.913749,23.810489],[72.913923,23.810686],[72.914182,23.810783],[72.914591,23.8107],[72.915231,23.810178],[72.915489,23.810097],[72.914941,23.809208],[72.914742,23.808614],[72.915127,23.808352],[72.916196,23.807687],[72.917181,23.807122],[72.917243,23.806844],[72.919264,23.806568],[72.920641,23.806397],[72.920584,23.805911],[72.920691,23.80583],[72.920984,23.805014],[72.921609,23.805008],[72.92154,23.804592],[72.922013,23.804548],[72.922349,23.80377],[72.923013,23.803387],[72.923141,23.803267],[72.924153,23.803258],[72.926344,23.802762],[72.927253,23.803151],[72.928504,23.803358],[72.930635,23.80328],[72.933727,23.803014],[72.935512,23.802839],[72.936029,23.802835],[72.937943,23.802659],[72.93841,23.801999],[72.939054,23.801613]]]}},{"type":"Feature","properties":{"village":"Masal","block":"Idar","gram_panchayat":"Masal","area_ha":653.727},"geometry":{"type":"Polygon","coordinates":[[[72.941954,23.801569],[72.941952,23.80155],[72.940897,23.8015],[72.940057,23.801508],[72.939117,23.801576],[72.939054,23.801613],[72.93841,23.801999],[72.937943,23.802659],[72.936029,23.802835],[72.935512,23.802839],[72.933727,23.803014],[72.930635,23.80328],[72.928504,23.803358],[72.927253,23.803151],[72.926344,23.802762],[72.924153,23.803258],[72.923141,23.803267],[72.923013,23.803387],[72.922349,23.80377],[72.922013,23.804548],[72.92154,23.804592],[72.921609,23.805008],[72.920984,23.805014],[72.920691,23.80583],[72.920584,23.805911],[72.920641,23.806397],[72.919264,23.806568],[72.917243,23.806844],[72.917181,23.807122],[72.916196,23.807687],[72.915127,23.808352],[72.914742,23.808614],[72.914941,23.809208],[72.915489,23.810097],[72.915231,23.810178],[72.914591,23.8107],[72.914182,23.810783],[72.913923,23.810686],[72.913749,23.810489],[72.913047,23.810495],[72.912467,23.810699],[72.911955,23.81116],[72.91215,23.811258],[72.91129,23.811365],[72.911243,23.811047],[72.910918,23.810792],[72.909883,23.810682],[72.909708,23.810465],[72.908632,23.810514],[72.907294,23.810268],[72.90774,23.811734],[72.907831,23.81219],[72.907576,23.812529],[72.90758,23.812966],[72.906703,23.81355],[72.906315,23.81378],[72.906678,23.81405],[72.906782,23.814192],[72.907371,23.81516],[72.907828,23.815802],[72.908377,23.81664],[72.909145,23.817547],[72.909868,23.818295],[72.910078,23.818601],[72.910755,23.81945],[72.911069,23.81991],[72.911673,23.819893],[72.912485,23.819957],[72.913608,23.820309],[72.91351,23.820625],[72.914462,23.820277],[72.915165,23.819887],[72.916139,23.81961],[72.916554,23.819511],[72.91794,23.818847],[72.918559,23.8184],[72.91928,23.817704],[72.919988,23.81787],[72.920675,23.817941],[72.921508,23.818087],[72.922259,23.818368],[72.922741,23.818708],[72.924096,23.819502],[72.924577,23.819708],[72.92535,23.820123],[72.926848,23.820244],[72.92731,23.820719],[72.928717,23.822049],[72.9297,23.822596],[72.931117,23.822938],[72.93145,23.822993],[72.933465,23.822783],[72.934687,23.822811],[72.93552,23.822899],[72.936516,23.822699],[72.936577,23.822564],[72.939092,23.82258],[72.941775,23.822652],[72.942446,23.82324],[72.943419,23.823826],[72.943933,23.82402],[72.944009,23.823855],[72.946347,23.824619],[72.947561,23.825084],[72.947533,23.822405],[72.947419,23.82181],[72.946974,23.820483],[72.946441,23.818959],[72.945934,23.817851],[72.945451,23.816941],[72.944855,23.815517],[72.944478,23.814487],[72.943832,23.812447],[72.943302,23.811241],[72.942705,23.809677],[72.942598,23.807731],[72.942412,23.806432],[72.942407,23.805956],[72.942189,23.803574],[72.941954,23.801569]]]}},{"type":"Feature","properties":{"village":"Chhapi","block":"Idar","gram_panchayat":"Jaliya","area_ha":583.966},"geometry":{"type":"Polygon","coordinates":[[[72.843887,23.824917],[72.844387,23.824791],[72.844431,23.824468],[72.845211,23.824476],[72.845593,23.824576],[72.846022,23.824557],[72.846881,23.82458],[72.848224,23.824129],[72.849444,23.823737],[72.84984,23.823587],[72.850667,23.823507],[72.850825,23.823426],[72.852328,23.822657],[72.853406,23.82234],[72.854312,23.822303],[72.854799,23.822211],[72.855611,23.822234],[72.856311,23.822316],[72.857314,23.822483],[72.857403,23.821735],[72.857992,23.821803],[72.859189,23.822306],[72.859199,23.822174],[72.859288,23.821044],[72.859245,23.819901],[72.858709,23.818762],[72.858174,23.817754],[72.857044,23.816004],[72.856146,23.815191],[72.855651,23.81496],[72.855601,23.814755],[72.85498,23.814643],[72.85431,23.814458],[72.85353,23.814333],[72.853165,23.814424],[72.852622,23.814194],[72.852187,23.813611],[72.851564,23.812677],[72.851291,23.812401],[72.850277,23.812776],[72.84981,23.812149],[72.849411,23.811991],[72.84934,23.811215],[72.849369,23.810907],[72.849319,23.810643],[72.849342,23.809822],[72.849304,23.809177],[72.850008,23.807961],[72.850054,23.807829],[72.850293,23.807827],[72.850225,23.807343],[72.850048,23.806764],[72.850184,23.806564],[72.849828,23.805634],[72.849504,23.805024],[72.84822,23.803808],[72.847695,23.803332],[72.846971,23.803205],[72.846206,23.801825],[72.845477,23.801111],[72.845234,23.799926],[72.845203,23.799908],[72.8441,23.799242],[72.84406,23.798096],[72.843104,23.797944],[72.842662,23.797015],[72.842713,23.796388],[72.8412,23.795816],[72.839896,23.796518],[72.838799,23.796633],[72.838077,23.796746],[72.837217,23.79742],[72.835148,23.798743],[72.834601,23.798988],[72.833525,23.799543],[72.832407,23.800459],[72.83201,23.800804],[72.832883,23.801948],[72.833446,23.803357],[72.834417,23.805135],[72.834482,23.805881],[72.834371,23.806309],[72.834115,23.806764],[72.833889,23.807273],[72.833693,23.808204],[72.832162,23.810193],[72.832055,23.811395],[72.831707,23.812442],[72.831558,23.81347],[72.831581,23.813818],[72.83147,23.814699],[72.831143,23.816019],[72.831262,23.817349],[72.83134,23.817921],[72.831171,23.81894],[72.83104,23.819354],[72.831066,23.820439],[72.831345,23.82162],[72.831555,23.82324],[72.831714,23.82427],[72.831796,23.825169],[72.8321,23.825161],[72.83277,23.824943],[72.834294,23.824544],[72.835925,23.824513],[72.836234,23.824526],[72.83668,23.824378],[72.837486,23.82443],[72.838272,23.824619],[72.838825,23.82483],[72.839971,23.824938],[72.840058,23.825132],[72.841097,23.825143],[72.841338,23.825198],[72.842165,23.825205],[72.84218,23.825103],[72.843388,23.825093],[72.843887,23.824917]]]}},{"type":"Feature","properties":{"village":"Budheli","block":"Idar","gram_panchayat":"Budheli","area_ha":583.553},"geometry":{"type":"Polygon","coordinates":[[[72.892097,23.833549],[72.89339,23.833076],[72.893774,23.832847],[72.894312,23.832676],[72.895235,23.8323],[72.896375,23.831709],[72.897297,23.831345],[72.89792,23.831066],[72.898405,23.830706],[72.899584,23.830186],[72.900334,23.829894],[72.901348,23.829601],[72.902915,23.829397],[72.903353,23.829429],[72.90384,23.829235],[72.90448,23.829194],[72.905931,23.828968],[72.906521,23.828761],[72.907843,23.828387],[72.907971,23.828327],[72.909199,23.828257],[72.910576,23.828257],[72.911851,23.828329],[72.912165,23.828221],[72.912163,23.827353],[72.912358,23.825084],[72.912574,23.824074],[72.913022,23.822563],[72.91351,23.820625],[72.913608,23.820309],[72.912485,23.819957],[72.911673,23.819893],[72.911069,23.81991],[72.910755,23.81945],[72.910078,23.818601],[72.909868,23.818295],[72.909145,23.817547],[72.908377,23.81664],[72.907828,23.815802],[72.907371,23.81516],[72.906782,23.814192],[72.906678,23.81405],[72.906315,23.81378],[72.906223,23.813568],[72.905679,23.81324],[72.904868,23.812713],[72.904196,23.812422],[72.903303,23.811955],[72.902838,23.81177],[72.902605,23.811593],[72.901713,23.811162],[72.900836,23.810968],[72.9003,23.810895],[72.899902,23.811363],[72.899562,23.811665],[72.898234,23.81246],[72.897682,23.812535],[72.896081,23.812707],[72.894352,23.813127],[72.892469,23.813688],[72.891573,23.813713],[72.890753,23.813791],[72.890394,23.814111],[72.887806,23.814731],[72.885336,23.815363],[72.883118,23.816353],[72.882857,23.817692],[72.883799,23.818754],[72.883907,23.818964],[72.883453,23.819348],[72.882835,23.819768],[72.881839,23.820524],[72.881199,23.820862],[72.880428,23.820976],[72.879567,23.821078],[72.879543,23.821244],[72.878754,23.821904],[72.878056,23.821565],[72.877748,23.821604],[72.877283,23.821501],[72.877164,23.821122],[72.877008,23.820981],[72.875244,23.820889],[72.875015,23.822458],[72.874363,23.822843],[72.873813,23.822776],[72.873038,23.822557],[72.872251,23.822268],[72.871956,23.822436],[72.871381,23.822845],[72.871098,23.824158],[72.871143,23.824728],[72.871147,23.825203],[72.871522,23.825413],[72.872127,23.825408],[72.872757,23.825355],[72.873101,23.825209],[72.87387,23.824942],[72.874327,23.824952],[72.87535,23.824929],[72.876108,23.824828],[72.876907,23.824952],[72.877142,23.825258],[72.87744,23.825439],[72.87799,23.825542],[72.878263,23.825776],[72.878551,23.826332],[72.879008,23.826921],[72.879753,23.826856],[72.879971,23.826759],[72.880871,23.826632],[72.881361,23.826759],[72.881777,23.827147],[72.881986,23.827442],[72.882284,23.827671],[72.882824,23.827686],[72.883814,23.827551],[72.885074,23.827848],[72.885624,23.827452],[72.886336,23.827885],[72.886646,23.828001],[72.887096,23.827962],[72.887692,23.828384],[72.887733,23.828609],[72.88766,23.829096],[72.887473,23.829667],[72.887389,23.830249],[72.887409,23.830985],[72.887765,23.831059],[72.88868,23.831194],[72.888724,23.831727],[72.888611,23.832025],[72.888666,23.832345],[72.889288,23.832802],[72.889736,23.83249],[72.889823,23.832181],[72.889805,23.831706],[72.889907,23.831634],[72.890332,23.831702],[72.890616,23.831794],[72.890674,23.832363],[72.890947,23.832705],[72.891876,23.832946],[72.891793,23.8336],[72.892097,23.833549]]]}},{"type":"Feature","properties":{"village":"Jaliya","block":"Idar","gram_panchayat":"Jaliya","area_ha":301.241},"geometry":{"type":"Polygon","coordinates":[[[72.842204,23.837686],[72.842328,23.837577],[72.842775,23.837665],[72.843294,23.837615],[72.843469,23.837693],[72.843778,23.837679],[72.844232,23.837253],[72.844227,23.836694],[72.843965,23.836525],[72.843406,23.836392],[72.843206,23.836188],[72.843007,23.83611],[72.842981,23.835985],[72.84277,23.835861],[72.842216,23.835378],[72.841419,23.834772],[72.841091,23.834278],[72.84105,23.833731],[72.840008,23.833707],[72.840361,23.833041],[72.840743,23.831679],[72.840739,23.831332],[72.841074,23.8306],[72.841787,23.828191],[72.842365,23.826613],[72.842753,23.82588],[72.843309,23.825826],[72.843887,23.824917],[72.843388,23.825093],[72.84218,23.825103],[72.842165,23.825205],[72.841338,23.825198],[72.841097,23.825143],[72.840058,23.825132],[72.839971,23.824938],[72.838825,23.82483],[72.838272,23.824619],[72.837486,23.82443],[72.83668,23.824378],[72.836234,23.824526],[72.835925,23.824513],[72.834294,23.824544],[72.83277,23.824943],[72.8321,23.825161],[72.831796,23.825169],[72.831442,23.825178],[72.831327,23.825098],[72.830662,23.825086],[72.830209,23.82537],[72.829363,23.82571],[72.827957,23.827595],[72.825295,23.827302],[72.823803,23.827191],[72.821255,23.826897],[72.819907,23.826873],[72.818349,23.826903],[72.81681,23.826758],[72.815745,23.826627],[72.815577,23.8276],[72.815541,23.829557],[72.816449,23.829448],[72.81692,23.829648],[72.817117,23.830129],[72.817346,23.831017],[72.817741,23.832005],[72.818266,23.832102],[72.818928,23.832173],[72.819193,23.832301],[72.819209,23.832235],[72.819776,23.832283],[72.820668,23.832315],[72.821518,23.832373],[72.821774,23.832502],[72.822261,23.833124],[72.822537,23.83384],[72.822645,23.834805],[72.822652,23.835517],[72.823139,23.836113],[72.823667,23.836487],[72.824841,23.837052],[72.825469,23.837517],[72.826523,23.838246],[72.827248,23.838579],[72.827859,23.838718],[72.828169,23.838585],[72.82995,23.837552],[72.829985,23.838244],[72.831222,23.837411],[72.832241,23.837298],[72.833259,23.837288],[72.833292,23.837396],[72.833644,23.837481],[72.833816,23.837773],[72.833832,23.838262],[72.834513,23.838423],[72.835162,23.838604],[72.835642,23.838786],[72.836014,23.838871],[72.836157,23.838302],[72.836976,23.838403],[72.837079,23.8385],[72.837686,23.838759],[72.838056,23.83857],[72.837477,23.837968],[72.837548,23.837654],[72.838186,23.837757],[72.838302,23.837619],[72.838579,23.837763],[72.838747,23.837507],[72.839055,23.837554],[72.839056,23.8377],[72.839639,23.837568],[72.84001,23.837448],[72.840298,23.837671],[72.840814,23.837774],[72.840943,23.837861],[72.841749,23.837766],[72.842204,23.837686]]]}},{"type":"Feature","properties":{"village":"Madhva","block":"Idar","gram_panchayat":"Madhva","area_ha":483.654},"geometry":{"type":"Polygon","coordinates":[[[72.815745,23.826627],[72.81681,23.826758],[72.818349,23.826903],[72.819907,23.826873],[72.821255,23.826897],[72.823803,23.827191],[72.825295,23.827302],[72.827957,23.827595],[72.829363,23.82571],[72.830209,23.82537],[72.830662,23.825086],[72.831327,23.825098],[72.831442,23.825178],[72.831796,23.825169],[72.831714,23.82427],[72.831555,23.82324],[72.831345,23.82162],[72.831066,23.820439],[72.83104,23.819354],[72.831171,23.81894],[72.83134,23.817921],[72.831262,23.817349],[72.830706,23.817338],[72.829824,23.817534],[72.829553,23.81763],[72.828873,23.817667],[72.828276,23.817515],[72.827899,23.817142],[72.827844,23.816734],[72.827605,23.816674],[72.827489,23.816957],[72.827086,23.816976],[72.826511,23.817279],[72.825527,23.8176],[72.824933,23.817746],[72.823931,23.817864],[72.823589,23.817632],[72.822815,23.816775],[72.822826,23.816117],[72.823076,23.815519],[72.823156,23.815016],[72.82373,23.814635],[72.823685,23.813443],[72.824147,23.813706],[72.824546,23.813308],[72.823942,23.811368],[72.822852,23.811201],[72.822567,23.811229],[72.822072,23.812123],[72.821999,23.811572],[72.820982,23.811618],[72.820863,23.812045],[72.821057,23.812408],[72.820989,23.813776],[72.820369,23.814396],[72.819769,23.814238],[72.819438,23.813826],[72.819016,23.813817],[72.818051,23.81385],[72.817464,23.813616],[72.817588,23.813841],[72.817209,23.814007],[72.817106,23.814636],[72.81679,23.81435],[72.816424,23.814428],[72.816029,23.814444],[72.815682,23.813091],[72.815227,23.81243],[72.814865,23.811605],[72.814777,23.810878],[72.814893,23.810287],[72.814916,23.809835],[72.81442,23.809168],[72.814005,23.808456],[72.812435,23.806349],[72.812079,23.806088],[72.811425,23.806043],[72.810796,23.805931],[72.810111,23.806836],[72.808972,23.808289],[72.808132,23.809296],[72.807032,23.810469],[72.806433,23.811218],[72.805702,23.812256],[72.804901,23.813095],[72.804244,23.813686],[72.803173,23.814467],[72.802054,23.814886],[72.80094,23.815265],[72.799753,23.815359],[72.7983,23.815137],[72.796951,23.815069],[72.796082,23.815457],[72.795862,23.815606],[72.796148,23.816323],[72.796082,23.817012],[72.79609,23.817867],[72.797224,23.817929],[72.798695,23.818416],[72.799005,23.818484],[72.799937,23.81907],[72.800817,23.819491],[72.800995,23.819276],[72.801384,23.819605],[72.803031,23.81952],[72.803672,23.819325],[72.803884,23.81987],[72.804146,23.820366],[72.80433,23.820792],[72.804446,23.822168],[72.804476,23.82269],[72.804468,23.824566],[72.804427,23.825611],[72.804404,23.826617],[72.805134,23.826411],[72.805731,23.826269],[72.805363,23.827789],[72.804132,23.827707],[72.804024,23.828628],[72.804028,23.829027],[72.803363,23.829032],[72.802851,23.831206],[72.802728,23.832218],[72.802669,23.833016],[72.802677,23.83389],[72.801645,23.833745],[72.80157,23.834704],[72.801411,23.83541],[72.802077,23.835558],[72.802345,23.835709],[72.802221,23.836572],[72.803079,23.836907],[72.803081,23.836933],[72.803167,23.836882],[72.804027,23.836935],[72.804121,23.836486],[72.804376,23.836019],[72.80526,23.833288],[72.805278,23.831791],[72.805313,23.830383],[72.8053,23.828991],[72.805878,23.828328],[72.806169,23.828161],[72.806766,23.827752],[72.80707,23.827345],[72.807262,23.827014],[72.807569,23.826847],[72.807809,23.826516],[72.807856,23.826276],[72.808567,23.825911],[72.809386,23.825672],[72.810815,23.82572],[72.811139,23.825613],[72.811821,23.825697],[72.812779,23.825675],[72.813493,23.825714],[72.815039,23.82609],[72.81557,23.826445],[72.815745,23.826627]]]}},{"type":"Feature","properties":{"village":"Sardarpura","block":"Idar","gram_panchayat":"Madhva","area_ha":164.129},"geometry":{"type":"Polygon","coordinates":[[[72.819193,23.832301],[72.818928,23.832173],[72.818266,23.832102],[72.817741,23.832005],[72.817346,23.831017],[72.817117,23.830129],[72.81692,23.829648],[72.816449,23.829448],[72.815541,23.829557],[72.815577,23.8276],[72.815745,23.826627],[72.81557,23.826445],[72.815039,23.82609],[72.813493,23.825714],[72.812779,23.825675],[72.811821,23.825697],[72.811139,23.825613],[72.810815,23.82572],[72.809386,23.825672],[72.808567,23.825911],[72.807856,23.826276],[72.807809,23.826516],[72.807569,23.826847],[72.807262,23.827014],[72.80707,23.827345],[72.806766,23.827752],[72.806169,23.828161],[72.805878,23.828328],[72.8053,23.828991],[72.805313,23.830383],[72.805278,23.831791],[72.80526,23.833288],[72.804376,23.836019],[72.804121,23.836486],[72.804027,23.836935],[72.803167,23.836882],[72.803081,23.836933],[72.803176,23.838009],[72.803213,23.838859],[72.804621,23.838821],[72.805817,23.838838],[72.806387,23.839631],[72.807265,23.841059],[72.807892,23.841838],[72.809293,23.841378],[72.809382,23.841166],[72.809528,23.840608],[72.809825,23.840066],[72.810397,23.838686],[72.811324,23.836921],[72.81183,23.836568],[72.812939,23.836037],[72.814408,23.835695],[72.815729,23.835684],[72.816069,23.835664],[72.816933,23.835256],[72.81793,23.834713],[72.818776,23.834354],[72.819141,23.83251],[72.819193,23.832301]]]}},{"type":"Feature","properties":{"village":"Sahebpura","block":"Idar","gram_panchayat":"Jaliya","area_ha":192.599},"geometry":{"type":"Polygon","coordinates":[[[72.850825,23.823426],[72.850667,23.823507],[72.84984,23.823587],[72.849444,23.823737],[72.848224,23.824129],[72.846881,23.82458],[72.846022,23.824557],[72.845593,23.824576],[72.845211,23.824476],[72.844431,23.824468],[72.844387,23.824791],[72.843887,23.824917],[72.843309,23.825826],[72.842753,23.82588],[72.842365,23.826613],[72.841787,23.828191],[72.841074,23.8306],[72.840739,23.831332],[72.840743,23.831679],[72.840361,23.833041],[72.840008,23.833707],[72.84105,23.833731],[72.841091,23.834278],[72.841419,23.834772],[72.842216,23.835378],[72.84277,23.835861],[72.842981,23.835985],[72.843007,23.83611],[72.843206,23.836188],[72.843406,23.836392],[72.843965,23.836525],[72.844227,23.836694],[72.844232,23.837253],[72.843778,23.837679],[72.843469,23.837693],[72.843294,23.837615],[72.842775,23.837665],[72.842328,23.837577],[72.842204,23.837686],[72.842466,23.838426],[72.842579,23.839042],[72.842743,23.840551],[72.843697,23.841977],[72.844061,23.842751],[72.844519,23.843196],[72.845202,23.843519],[72.846084,23.844199],[72.847,23.844472],[72.848035,23.843476],[72.849808,23.842203],[72.849672,23.840901],[72.849734,23.839666],[72.850579,23.839819],[72.850895,23.839244],[72.851231,23.838098],[72.851644,23.837134],[72.85193,23.835943],[72.851706,23.835922],[72.851821,23.835029],[72.851549,23.835031],[72.851072,23.834486],[72.850576,23.834513],[72.849283,23.834135],[72.849277,23.833541],[72.849501,23.833562],[72.849621,23.833126],[72.850514,23.833233],[72.850917,23.831332],[72.850246,23.831155],[72.850557,23.830008],[72.851359,23.830825],[72.851938,23.829174],[72.852399,23.828141],[72.852542,23.827522],[72.853047,23.825963],[72.852819,23.825439],[72.85194,23.824303],[72.85119,23.823646],[72.850825,23.823426]]]}},{"type":"Feature","properties":{"village":"Khaski","block":"Idar","gram_panchayat":"Khaski","area_ha":256.818},"geometry":{"type":"Polygon","coordinates":[[[72.912165,23.828221],[72.911851,23.828329],[72.910576,23.828257],[72.909199,23.828257],[72.907971,23.828327],[72.907843,23.828387],[72.906521,23.828761],[72.905931,23.828968],[72.90448,23.829194],[72.90384,23.829235],[72.903353,23.829429],[72.902915,23.829397],[72.901348,23.829601],[72.900334,23.829894],[72.899584,23.830186],[72.898405,23.830706],[72.89792,23.831066],[72.897297,23.831345],[72.896375,23.831709],[72.895235,23.8323],[72.894312,23.832676],[72.893774,23.832847],[72.89339,23.833076],[72.892097,23.833549],[72.892187,23.833896],[72.892502,23.834252],[72.893398,23.834423],[72.893985,23.834831],[72.894686,23.834932],[72.894903,23.835289],[72.895407,23.835105],[72.895951,23.8351],[72.89694,23.834877],[72.897292,23.835582],[72.897682,23.835964],[72.897986,23.836134],[72.898044,23.836644],[72.897963,23.836904],[72.897966,23.837202],[72.898178,23.837547],[72.898791,23.838283],[72.899096,23.838588],[72.899319,23.83898],[72.899333,23.839269],[72.899419,23.839538],[72.899661,23.839709],[72.900842,23.839958],[72.901537,23.84078],[72.901804,23.841384],[72.902141,23.841698],[72.902814,23.842154],[72.90334,23.842621],[72.903543,23.843004],[72.903705,23.843561],[72.904124,23.84375],[72.904365,23.843805],[72.904894,23.843502],[72.905194,23.843221],[72.905557,23.843016],[72.905932,23.842993],[72.90629,23.843548],[72.906609,23.84419],[72.906966,23.845404],[72.907114,23.845586],[72.907608,23.845966],[72.908218,23.845973],[72.90864,23.845822],[72.909026,23.845809],[72.909257,23.845952],[72.909458,23.846239],[72.909921,23.846591],[72.910195,23.847243],[72.910388,23.84777],[72.910882,23.848141],[72.911185,23.848138],[72.911684,23.847989],[72.912257,23.847898],[72.912739,23.848067],[72.913125,23.848112],[72.913853,23.847418],[72.913566,23.845936],[72.913652,23.845787],[72.913927,23.84561],[72.913836,23.845274],[72.913322,23.844687],[72.913281,23.84456],[72.913002,23.844236],[72.912802,23.843893],[72.912465,23.843624],[72.912397,23.842753],[72.912553,23.842643],[72.91286,23.841842],[72.913608,23.840003],[72.913299,23.838627],[72.912777,23.837579],[72.912202,23.836214],[72.912282,23.836133],[72.912115,23.835389],[72.912392,23.83501],[72.910441,23.8338],[72.91137,23.831035],[72.91258,23.830616],[72.91253,23.83025],[72.913508,23.829983],[72.913076,23.82891],[72.912165,23.828221]]]}},{"type":"Feature","properties":{"village":"Lei","block":"Idar","gram_panchayat":"Lei","area_ha":416.448},"geometry":{"type":"Polygon","coordinates":[[[72.908218,23.845973],[72.907608,23.845966],[72.907114,23.845586],[72.906966,23.845404],[72.906609,23.84419],[72.90629,23.843548],[72.905932,23.842993],[72.905557,23.843016],[72.905194,23.843221],[72.904894,23.843502],[72.904365,23.843805],[72.904124,23.84375],[72.903705,23.843561],[72.903543,23.843004],[72.90334,23.842621],[72.902814,23.842154],[72.902141,23.841698],[72.901804,23.841384],[72.901537,23.84078],[72.900842,23.839958],[72.899661,23.839709],[72.899419,23.839538],[72.899333,23.839269],[72.899319,23.83898],[72.899096,23.838588],[72.898791,23.838283],[72.898178,23.837547],[72.897966,23.837202],[72.897963,23.836904],[72.898044,23.836644],[72.897986,23.836134],[72.897682,23.835964],[72.897292,23.835582],[72.89694,23.834877],[72.895951,23.8351],[72.895407,23.835105],[72.894903,23.835289],[72.894686,23.834932],[72.893985,23.834831],[72.893398,23.834423],[72.892502,23.834252],[72.892187,23.833896],[72.892097,23.833549],[72.891793,23.8336],[72.891876,23.832946],[72.890947,23.832705],[72.890674,23.832363],[72.890616,23.831794],[72.890332,23.831702],[72.889907,23.831634],[72.889805,23.831706],[72.889823,23.832181],[72.889736,23.83249],[72.889288,23.832802],[72.888666,23.832345],[72.888611,23.832025],[72.888724,23.831727],[72.88868,23.831194],[72.887765,23.831059],[72.887409,23.830985],[72.887389,23.830249],[72.887473,23.829667],[72.88766,23.829096],[72.887733,23.828609],[72.887692,23.828384],[72.887096,23.827962],[72.886646,23.828001],[72.886336,23.827885],[72.885624,23.827452],[72.885074,23.827848],[72.883814,23.827551],[72.882824,23.827686],[72.88266,23.828562],[72.882834,23.828817],[72.882991,23.829527],[72.883067,23.830749],[72.883052,23.831322],[72.883713,23.83325],[72.884,23.834136],[72.884049,23.834767],[72.884764,23.835629],[72.885361,23.837597],[72.885589,23.838937],[72.885684,23.839874],[72.886146,23.841113],[72.886301,23.841664],[72.88622,23.842099],[72.887552,23.84266],[72.887946,23.843446],[72.888369,23.84513],[72.888696,23.845758],[72.888535,23.846707],[72.888446,23.848464],[72.888202,23.849828],[72.888228,23.850301],[72.888642,23.851008],[72.888946,23.851381],[72.891002,23.851501],[72.892001,23.851453],[72.892913,23.852748],[72.893798,23.853294],[72.894614,23.853798],[72.89764,23.854581],[72.898568,23.855363],[72.899839,23.856141],[72.9005,23.856274],[72.90229,23.855528],[72.903192,23.855836],[72.903789,23.855534],[72.905429,23.85479],[72.905747,23.854511],[72.906001,23.854154],[72.907655,23.852639],[72.907926,23.851976],[72.908124,23.850395],[72.908265,23.849467],[72.908195,23.848895],[72.90797,23.84791],[72.908158,23.847376],[72.907853,23.846885],[72.908168,23.846261],[72.908218,23.845973]]]}},{"type":"Feature","properties":{"village":"Oda","block":"Idar","gram_panchayat":"Oda","area_ha":912.969},"geometry":{"type":"Polygon","coordinates":[[[72.874327,23.824952],[72.87387,23.824942],[72.873101,23.825209],[72.872757,23.825355],[72.872127,23.825408],[72.871522,23.825413],[72.871147,23.825203],[72.870586,23.825309],[72.87026,23.82529],[72.869909,23.825057],[72.868953,23.823817],[72.869066,23.823516],[72.868946,23.823152],[72.868896,23.822788],[72.868984,23.822251],[72.868703,23.822103],[72.868121,23.822065],[72.867888,23.821981],[72.867303,23.8216],[72.866929,23.821453],[72.866531,23.821199],[72.866395,23.821522],[72.865302,23.821553],[72.864743,23.821472],[72.864231,23.821454],[72.862929,23.821465],[72.862394,23.821513],[72.861165,23.821888],[72.860004,23.822069],[72.859308,23.822204],[72.859199,23.822174],[72.859189,23.822306],[72.857992,23.821803],[72.857403,23.821735],[72.857314,23.822483],[72.856311,23.822316],[72.855611,23.822234],[72.854799,23.822211],[72.854312,23.822303],[72.853406,23.82234],[72.852328,23.822657],[72.850825,23.823426],[72.85119,23.823646],[72.85194,23.824303],[72.852819,23.825439],[72.853047,23.825963],[72.852542,23.827522],[72.852399,23.828141],[72.851938,23.829174],[72.851359,23.830825],[72.850557,23.830008],[72.850246,23.831155],[72.850917,23.831332],[72.850514,23.833233],[72.849621,23.833126],[72.849501,23.833562],[72.849277,23.833541],[72.849283,23.834135],[72.850576,23.834513],[72.851072,23.834486],[72.851549,23.835031],[72.851821,23.835029],[72.851706,23.835922],[72.85193,23.835943],[72.851644,23.837134],[72.851231,23.838098],[72.850895,23.839244],[72.850579,23.839819],[72.849734,23.839666],[72.849672,23.840901],[72.849808,23.842203],[72.848035,23.843476],[72.847,23.844472],[72.847254,23.844547],[72.848035,23.844929],[72.848954,23.846072],[72.849693,23.846783],[72.850899,23.84752],[72.852104,23.848077],[72.853402,23.848305],[72.854339,23.847999],[72.854902,23.848138],[72.856128,23.84798],[72.856533,23.847945],[72.856879,23.847981],[72.857065,23.848058],[72.857761,23.84858],[72.858126,23.84881],[72.858616,23.848954],[72.85897,23.848943],[72.859069,23.849016],[72.859232,23.849533],[72.859284,23.850258],[72.859397,23.850392],[72.860197,23.85052],[72.860474,23.851295],[72.860511,23.851637],[72.861471,23.852074],[72.862072,23.852577],[72.8623,23.852938],[72.862918,23.852881],[72.863855,23.852665],[72.864633,23.852825],[72.865196,23.852913],[72.865768,23.852857],[72.866174,23.852967],[72.866035,23.853642],[72.866858,23.853925],[72.867145,23.853425],[72.867401,23.853143],[72.867603,23.8531],[72.867988,23.853439],[72.868432,23.854394],[72.868804,23.854525],[72.869155,23.854823],[72.86945,23.855017],[72.869754,23.855149],[72.870628,23.855961],[72.871161,23.856402],[72.871389,23.85648],[72.871888,23.856158],[72.872423,23.856372],[72.874047,23.858049],[72.874152,23.858361],[72.874373,23.85837],[72.874972,23.858271],[72.875754,23.858369],[72.876015,23.85845],[72.876611,23.859243],[72.877278,23.860208],[72.878013,23.861308],[72.878655,23.861501],[72.879583,23.861493],[72.88011,23.862094],[72.880664,23.862615],[72.880619,23.862189],[72.879823,23.860579],[72.879226,23.8593],[72.878399,23.857331],[72.877918,23.856501],[72.877157,23.855609],[72.877144,23.854275],[72.877164,23.853479],[72.877265,23.852426],[72.877457,23.851414],[72.877544,23.850439],[72.877726,23.849463],[72.877771,23.84831],[72.877914,23.847718],[72.877903,23.846596],[72.877962,23.846044],[72.877954,23.845296],[72.877992,23.844824],[72.87816,23.844507],[72.87822,23.844073],[72.878175,23.843839],[72.878201,23.843043],[72.878559,23.842336],[72.878586,23.841709],[72.879046,23.841276],[72.87936,23.839499],[72.879356,23.83907],[72.879827,23.836373],[72.879986,23.83576],[72.879683,23.835303],[72.879381,23.834969],[72.879279,23.834664],[72.878942,23.834177],[72.878675,23.833996],[72.87831,23.833999],[72.878008,23.833757],[72.877512,23.833884],[72.87734,23.833304],[72.876975,23.833337],[72.876704,23.832728],[72.876298,23.831966],[72.875852,23.83047],[72.875679,23.829829],[72.875667,23.828544],[72.875858,23.827777],[72.875951,23.827134],[72.87565,23.826892],[72.875613,23.826433],[72.87518,23.826283],[72.874811,23.82595],[72.87444,23.825341],[72.874327,23.824952]]]}},{"type":"Feature","properties":{"village":"Samlapur","block":"Idar","gram_panchayat":"Samlapur","area_ha":361.253},"geometry":{"type":"Polygon","coordinates":[[[72.893798,23.853294],[72.892913,23.852748],[72.892001,23.851453],[72.891002,23.851501],[72.888946,23.851381],[72.888642,23.851008],[72.888228,23.850301],[72.888202,23.849828],[72.888446,23.848464],[72.888535,23.846707],[72.888696,23.845758],[72.888369,23.84513],[72.887946,23.843446],[72.887552,23.84266],[72.88622,23.842099],[72.886301,23.841664],[72.886146,23.841113],[72.885684,23.839874],[72.885589,23.838937],[72.885361,23.837597],[72.884764,23.835629],[72.884049,23.834767],[72.884,23.834136],[72.883713,23.83325],[72.883052,23.831322],[72.883067,23.830749],[72.882991,23.829527],[72.882834,23.828817],[72.88266,23.828562],[72.882824,23.827686],[72.882284,23.827671],[72.881986,23.827442],[72.881777,23.827147],[72.881361,23.826759],[72.880871,23.826632],[72.879971,23.826759],[72.879753,23.826856],[72.879008,23.826921],[72.878551,23.826332],[72.878263,23.825776],[72.87799,23.825542],[72.87744,23.825439],[72.877142,23.825258],[72.876907,23.824952],[72.876108,23.824828],[72.87535,23.824929],[72.874327,23.824952],[72.87444,23.825341],[72.874811,23.82595],[72.87518,23.826283],[72.875613,23.826433],[72.87565,23.826892],[72.875951,23.827134],[72.875858,23.827777],[72.875667,23.828544],[72.875679,23.829829],[72.875852,23.83047],[72.876298,23.831966],[72.876704,23.832728],[72.876975,23.833337],[72.87734,23.833304],[72.877512,23.833884],[72.878008,23.833757],[72.87831,23.833999],[72.878675,23.833996],[72.878942,23.834177],[72.879279,23.834664],[72.879381,23.834969],[72.879683,23.835303],[72.879986,23.83576],[72.879827,23.836373],[72.879356,23.83907],[72.87936,23.839499],[72.879046,23.841276],[72.878586,23.841709],[72.878559,23.842336],[72.878201,23.843043],[72.878175,23.843839],[72.87822,23.844073],[72.87816,23.844507],[72.877992,23.844824],[72.877954,23.845296],[72.877962,23.846044],[72.877903,23.846596],[72.877914,23.847718],[72.877771,23.84831],[72.877726,23.849463],[72.877544,23.850439],[72.877457,23.851414],[72.877265,23.852426],[72.877164,23.853479],[72.877144,23.854275],[72.877157,23.855609],[72.877918,23.856501],[72.878399,23.857331],[72.879226,23.8593],[72.879823,23.860579],[72.880619,23.862189],[72.880664,23.862615],[72.880693,23.862642],[72.881108,23.862273],[72.881523,23.861956],[72.881883,23.861773],[72.88216,23.862296],[72.88234,23.862278],[72.883431,23.861847],[72.884024,23.861704],[72.884779,23.861643],[72.884988,23.861384],[72.885419,23.86138],[72.886047,23.861207],[72.886921,23.860725],[72.887162,23.859959],[72.887615,23.858824],[72.888005,23.858072],[72.888974,23.857123],[72.889385,23.856814],[72.890125,23.856212],[72.890619,23.855856],[72.891613,23.854844],[72.892287,23.854414],[72.892811,23.85437],[72.893422,23.854203],[72.893798,23.853294]]]}},{"type":"Feature","properties":{"village":"Arsodiya","block":"Idar","gram_panchayat":"Arsodiya","area_ha":736.329},"geometry":{"type":"Polygon","coordinates":[[[72.823053,23.737327],[72.823445,23.73597],[72.822189,23.735627],[72.823333,23.732972],[72.825184,23.728449],[72.825743,23.727149],[72.826445,23.725276],[72.826495,23.72338],[72.82752,23.722112],[72.827844,23.720117],[72.828021,23.719963],[72.828497,23.718961],[72.829208,23.718252],[72.829066,23.718072],[72.829478,23.717273],[72.829322,23.715584],[72.830043,23.715147],[72.830401,23.715147],[72.830117,23.71372],[72.83049,23.710411],[72.83082,23.708551],[72.831149,23.706912],[72.831806,23.704795],[72.83265,23.703888],[72.833028,23.702723],[72.833308,23.701256],[72.83373,23.700132],[72.834294,23.699527],[72.834808,23.699094],[72.834858,23.698318],[72.834765,23.697279],[72.834858,23.696503],[72.835422,23.695478],[72.834633,23.694367],[72.834192,23.694403],[72.832996,23.69513],[72.831789,23.695915],[72.830642,23.696104],[72.829539,23.695702],[72.829206,23.69526],[72.828623,23.694262],[72.82806,23.69344],[72.826976,23.692726],[72.826182,23.692131],[72.827019,23.691418],[72.825643,23.692591],[72.824451,23.693791],[72.823745,23.694698],[72.823181,23.695479],[72.821523,23.697889],[72.820071,23.69992],[72.818285,23.702728],[72.81749,23.704493],[72.816926,23.705919],[72.816455,23.70665],[72.815562,23.70786],[72.814816,23.709169],[72.814394,23.710595],[72.814015,23.712455],[72.813593,23.714139],[72.812847,23.716048],[72.812282,23.717172],[72.811953,23.718079],[72.811487,23.719808],[72.811108,23.72128],[72.810715,23.722589],[72.809871,23.72397],[72.809022,23.725396],[72.807943,23.726606],[72.807428,23.727472],[72.805862,23.729449],[72.805014,23.73027],[72.803801,23.731208],[72.804581,23.731636],[72.80514,23.732088],[72.806472,23.732425],[72.807206,23.732529],[72.807587,23.733002],[72.808203,23.733162],[72.809617,23.733754],[72.810105,23.734347],[72.810675,23.734647],[72.812165,23.735169],[72.81292,23.735387],[72.813305,23.735413],[72.813408,23.735297],[72.814513,23.735537],[72.815505,23.735866],[72.815759,23.73522],[72.816145,23.735303],[72.816146,23.735467],[72.816376,23.735542],[72.816377,23.735705],[72.816763,23.735807],[72.816934,23.735643],[72.817237,23.735765],[72.818302,23.736131],[72.818564,23.735236],[72.819273,23.735355],[72.819419,23.73545],[72.819847,23.735552],[72.820016,23.735848],[72.819915,23.736108],[72.820422,23.736287],[72.821008,23.736227],[72.821345,23.736326],[72.8217,23.73668],[72.822594,23.737222],[72.823053,23.737327]]]}},{"type":"Feature","properties":{"village":"Bhavnagar","block":"Idar","gram_panchayat":"Eklara","area_ha":120.603},"geometry":{"type":"Polygon","coordinates":[[[72.807427,23.771485],[72.807232,23.77086],[72.807436,23.77082],[72.808474,23.77053],[72.809311,23.770542],[72.810064,23.770385],[72.810059,23.769782],[72.810014,23.769406],[72.809665,23.769127],[72.809345,23.768734],[72.809526,23.76845],[72.809196,23.768114],[72.808432,23.767112],[72.808114,23.765853],[72.807099,23.764336],[72.805857,23.764629],[72.80469,23.764205],[72.804266,23.764698],[72.803084,23.764915],[72.802455,23.763168],[72.802299,23.762793],[72.801377,23.762424],[72.800826,23.762409],[72.801034,23.762878],[72.800922,23.763972],[72.799023,23.763893],[72.796247,23.763877],[72.795381,23.763913],[72.795402,23.763991],[72.795892,23.764673],[72.796264,23.765409],[72.796631,23.76647],[72.797141,23.768132],[72.797591,23.769663],[72.798174,23.77104],[72.798541,23.771731],[72.799135,23.772358],[72.799483,23.772679],[72.799624,23.773329],[72.800693,23.774919],[72.801494,23.776439],[72.80167,23.776389],[72.802645,23.776308],[72.803976,23.776156],[72.803591,23.774351],[72.803908,23.773812],[72.803861,23.773685],[72.804609,23.77351],[72.80473,23.773382],[72.804496,23.772932],[72.804211,23.771875],[72.805373,23.771696],[72.806198,23.771602],[72.807427,23.771485]]]}},{"type":"Feature","properties":{"village":"Sudrasana","block":"Idar","gram_panchayat":"Madhva","area_ha":309.294},"geometry":{"type":"Polygon","coordinates":[[[72.795862,23.815606],[72.796148,23.816323],[72.796082,23.817012],[72.79609,23.817867],[72.797224,23.817929],[72.798695,23.818416],[72.799005,23.818484],[72.799937,23.81907],[72.800817,23.819491],[72.800995,23.819276],[72.801384,23.819605],[72.803031,23.81952],[72.803672,23.819325],[72.803884,23.81987],[72.804146,23.820366],[72.80433,23.820792],[72.804446,23.822168],[72.804476,23.82269],[72.804468,23.824566],[72.804427,23.825611],[72.804404,23.826617],[72.805134,23.826411],[72.805731,23.826269],[72.805363,23.827789],[72.804132,23.827707],[72.804024,23.828628],[72.804028,23.829027],[72.803363,23.829032],[72.802851,23.831206],[72.802728,23.832218],[72.802669,23.833016],[72.802677,23.83389],[72.801645,23.833745],[72.80157,23.834704],[72.801411,23.83541],[72.802077,23.835558],[72.802345,23.835709],[72.802221,23.836572],[72.800866,23.835981],[72.79997,23.835696],[72.799348,23.835528],[72.798491,23.835708],[72.797515,23.836074],[72.796552,23.836401],[72.794132,23.838055],[72.791526,23.839564],[72.789488,23.840619],[72.789354,23.839845],[72.789212,23.838427],[72.789145,23.836766],[72.789023,23.835524],[72.788945,23.834906],[72.788696,23.833226],[72.788613,23.831416],[72.788732,23.830305],[72.788772,23.828956],[72.788655,23.828148],[72.788562,23.826897],[72.788695,23.825746],[72.788912,23.824807],[72.789453,23.822225],[72.789552,23.821904],[72.790004,23.821345],[72.790883,23.820596],[72.791653,23.819766],[72.792272,23.819157],[72.793343,23.817776],[72.794074,23.816945],[72.794914,23.816246],[72.795862,23.815606]]]}},{"type":"Feature","properties":{"village":"Sundarpur","block":"Idar","gram_panchayat":"Madhva","area_ha":348.434},"geometry":{"type":"Polygon","coordinates":[[[72.831262,23.817349],[72.831143,23.816019],[72.83147,23.814699],[72.831581,23.813818],[72.831558,23.81347],[72.831707,23.812442],[72.832055,23.811395],[72.832162,23.810193],[72.833693,23.808204],[72.833889,23.807273],[72.834115,23.806764],[72.834371,23.806309],[72.834482,23.805881],[72.834417,23.805135],[72.833446,23.803357],[72.832883,23.801948],[72.83201,23.800804],[72.831789,23.800826],[72.831664,23.800675],[72.831783,23.80016],[72.831694,23.799457],[72.831669,23.799057],[72.831459,23.798678],[72.831129,23.798643],[72.83076,23.798894],[72.830389,23.798916],[72.83039,23.799087],[72.830082,23.799185],[72.829982,23.799585],[72.830128,23.799736],[72.82986,23.799738],[72.829223,23.800029],[72.828353,23.799694],[72.82792,23.799735],[72.827777,23.799794],[72.826849,23.799858],[72.825755,23.799829],[72.825615,23.800363],[72.824235,23.800622],[72.823783,23.800721],[72.823964,23.800281],[72.82402,23.79971],[72.823265,23.798384],[72.823132,23.79826],[72.823128,23.798305],[72.822521,23.798422],[72.821501,23.798565],[72.820578,23.798729],[72.819702,23.798714],[72.817998,23.798638],[72.816538,23.79856],[72.815441,23.7983],[72.814905,23.798192],[72.814421,23.798241],[72.814432,23.798549],[72.814069,23.799226],[72.813701,23.799727],[72.813273,23.801036],[72.812861,23.80207],[72.81208,23.803388],[72.81122,23.805049],[72.810911,23.80578],[72.810796,23.805931],[72.811425,23.806043],[72.812079,23.806088],[72.812435,23.806349],[72.814005,23.808456],[72.81442,23.809168],[72.814916,23.809835],[72.814893,23.810287],[72.814777,23.810878],[72.814865,23.811605],[72.815227,23.81243],[72.815682,23.813091],[72.816029,23.814444],[72.816424,23.814428],[72.81679,23.81435],[72.817106,23.814636],[72.817209,23.814007],[72.817588,23.813841],[72.817464,23.813616],[72.818051,23.81385],[72.819016,23.813817],[72.819438,23.813826],[72.819769,23.814238],[72.820369,23.814396],[72.820989,23.813776],[72.821057,23.812408],[72.820863,23.812045],[72.820982,23.811618],[72.821999,23.811572],[72.822072,23.812123],[72.822567,23.811229],[72.822852,23.811201],[72.823942,23.811368],[72.824546,23.813308],[72.824147,23.813706],[72.823685,23.813443],[72.82373,23.814635],[72.823156,23.815016],[72.823076,23.815519],[72.822826,23.816117],[72.822815,23.816775],[72.823589,23.817632],[72.823931,23.817864],[72.824933,23.817746],[72.825527,23.8176],[72.826511,23.817279],[72.827086,23.816976],[72.827489,23.816957],[72.827605,23.816674],[72.827844,23.816734],[72.827899,23.817142],[72.828276,23.817515],[72.828873,23.817667],[72.829553,23.81763],[72.829824,23.817534],[72.830706,23.817338],[72.831262,23.817349]]]}},{"type":"Feature","properties":{"village":"Khedavada","block":"Himatnagar","gram_panchayat":"Khedavada","area_ha":999.834},"geometry":{"type":"Polygon","coordinates":[[[72.876252,23.657069],[72.876207,23.657042],[72.876262,23.656407],[72.87586,23.656458],[72.875329,23.655977],[72.875447,23.65454],[72.875941,23.653646],[72.877452,23.653613],[72.878874,23.6535],[72.879355,23.653395],[72.878825,23.652995],[72.878029,23.652193],[72.877498,23.651631],[72.877624,23.651084],[72.877139,23.650744],[72.877637,23.650144],[72.876845,23.649807],[72.876555,23.649203],[72.875616,23.649534],[72.875148,23.649397],[72.874507,23.648735],[72.874503,23.648391],[72.8743,23.647766],[72.87357,23.646943],[72.872844,23.646605],[72.871395,23.646203],[72.870317,23.645727],[72.869808,23.645165],[72.870899,23.644812],[72.871377,23.644424],[72.871308,23.64406],[72.870999,23.64378],[72.870516,23.643744],[72.869756,23.644377],[72.868904,23.644525],[72.868682,23.644204],[72.868102,23.643177],[72.867387,23.641707],[72.867064,23.641133],[72.865762,23.640675],[72.865282,23.640601],[72.865509,23.639984],[72.865611,23.639174],[72.866085,23.638362],[72.868298,23.638525],[72.868623,23.638239],[72.868747,23.637419],[72.868188,23.636292],[72.867431,23.634984],[72.868255,23.634208],[72.869057,23.633372],[72.871444,23.633393],[72.87158,23.633877],[72.873162,23.634076],[72.873173,23.633608],[72.873069,23.632976],[72.87313,23.632554],[72.872914,23.632163],[72.87301,23.631921],[72.87381,23.63196],[72.873609,23.631434],[72.872613,23.631427],[72.871082,23.631757],[72.867539,23.630393],[72.867311,23.630412],[72.866596,23.629986],[72.865791,23.630027],[72.864433,23.629792],[72.863536,23.629469],[72.8625,23.629511],[72.862427,23.629313],[72.861682,23.62998],[72.860043,23.630489],[72.859039,23.630101],[72.858427,23.62971],[72.857644,23.629445],[72.857341,23.627062],[72.857007,23.625033],[72.856406,23.624232],[72.854926,23.622793],[72.854632,23.622446],[72.853846,23.622452],[72.85274,23.622627],[72.852315,23.623059],[72.852179,23.623787],[72.852196,23.625503],[72.851701,23.626101],[72.850739,23.626473],[72.849953,23.626479],[72.848877,23.626059],[72.847942,23.625505],[72.846535,23.624197],[72.845739,23.62318],[72.845156,23.621963],[72.84452,23.622728],[72.844169,23.622797],[72.844432,23.623023],[72.843901,23.623011],[72.843427,23.623473],[72.843823,23.62414],[72.844128,23.624489],[72.844997,23.624679],[72.845013,23.624498],[72.845244,23.624496],[72.845246,23.624758],[72.845993,23.625047],[72.846511,23.625533],[72.846524,23.625934],[72.846205,23.625936],[72.845752,23.626676],[72.845349,23.627203],[72.844196,23.627033],[72.843951,23.627313],[72.844147,23.627442],[72.844153,23.628031],[72.844459,23.628601],[72.844518,23.629157],[72.844419,23.629943],[72.844546,23.630236],[72.844373,23.630679],[72.844485,23.6313],[72.844242,23.631793],[72.844088,23.632334],[72.84346,23.633353],[72.843356,23.633583],[72.843323,23.633895],[72.843362,23.634238],[72.843117,23.634501],[72.843155,23.634845],[72.84339,23.635301],[72.843499,23.635627],[72.844067,23.635737],[72.844898,23.63555],[72.845377,23.635644],[72.845894,23.635902],[72.846251,23.636242],[72.846184,23.636636],[72.846205,23.636995],[72.846424,23.637648],[72.846444,23.637926],[72.846666,23.638824],[72.845877,23.639714],[72.845615,23.640076],[72.845372,23.640618],[72.844897,23.640932],[72.843662,23.641433],[72.843115,23.641749],[72.842568,23.641917],[72.841624,23.641949],[72.839888,23.641947],[72.839465,23.64213],[72.839201,23.642394],[72.839119,23.643033],[72.839214,23.643736],[72.839219,23.644259],[72.839457,23.645043],[72.840012,23.645668],[72.840425,23.646253],[72.840909,23.646806],[72.841041,23.647655],[72.841044,23.647933],[72.840941,23.648319],[72.840732,23.648664],[72.839728,23.649277],[72.839179,23.649331],[72.838947,23.649153],[72.838793,23.649283],[72.838403,23.649815],[72.83759,23.650676],[72.838112,23.650893],[72.838942,23.651745],[72.839447,23.652365],[72.839668,23.652681],[72.839797,23.65304],[72.840162,23.653219],[72.84024,23.653718],[72.840222,23.654044],[72.840466,23.654523],[72.840588,23.655314],[72.840986,23.65557],[72.841311,23.655923],[72.841397,23.656143],[72.841712,23.656467],[72.841855,23.656727],[72.84203,23.656803],[72.843616,23.656815],[72.844075,23.656699],[72.844604,23.656744],[72.844635,23.657144],[72.844906,23.657155],[72.845478,23.657463],[72.845871,23.65746],[72.846482,23.65753],[72.848232,23.657528],[72.848449,23.657513],[72.849858,23.657514],[72.850196,23.657461],[72.851254,23.657478],[72.852843,23.657452],[72.854008,23.657455],[72.854957,23.657534],[72.855405,23.657593],[72.855974,23.657588],[72.856774,23.657644],[72.85718,23.657578],[72.858201,23.657582],[72.859486,23.657446],[72.860096,23.657404],[72.861938,23.657376],[72.86267,23.657332],[72.863917,23.657359],[72.864527,23.657454],[72.865083,23.657362],[72.865665,23.657232],[72.866071,23.657229],[72.867699,23.657378],[72.868701,23.657357],[72.869203,23.657402],[72.870451,23.657592],[72.871172,23.657561],[72.872174,23.657478],[72.872812,23.657547],[72.874275,23.65761],[72.875211,23.657892],[72.875942,23.657599],[72.876252,23.657069]]]}},{"type":"Feature","properties":{"village":"Munpur (Rangpur)","block":"Himatnagar","gram_panchayat":"Munpur (Rangpur)","area_ha":536.719},"geometry":{"type":"Polygon","coordinates":[[[72.876262,23.687595],[72.876371,23.687487],[72.876624,23.687018],[72.876712,23.686991],[72.87748,23.685431],[72.877739,23.685079],[72.878251,23.683755],[72.879252,23.681672],[72.879562,23.680646],[72.880073,23.679133],[72.880212,23.678512],[72.880356,23.678241],[72.880349,23.677541],[72.879858,23.67512],[72.879613,23.673978],[72.879795,23.673953],[72.879734,23.673475],[72.879727,23.67281],[72.879414,23.671868],[72.879312,23.671204],[72.879321,23.670599],[72.87914,23.670024],[72.878987,23.669095],[72.878762,23.667414],[72.879145,23.667337],[72.880168,23.667284],[72.87981,23.666652],[72.879646,23.666264],[72.878496,23.666319],[72.878073,23.666379],[72.87739,23.666626],[72.87562,23.666995],[72.874593,23.667116],[72.873426,23.66733],[72.872561,23.667542],[72.871838,23.667846],[72.870893,23.66804],[72.870384,23.668203],[72.869762,23.668506],[72.868921,23.669053],[72.86838,23.669318],[72.867534,23.669474],[72.86607,23.670212],[72.865868,23.670214],[72.865829,23.670326],[72.864585,23.670932],[72.863984,23.67129],[72.863696,23.671702],[72.862596,23.672679],[72.862095,23.672944],[72.861293,23.673416],[72.859974,23.674535],[72.858612,23.675514],[72.857768,23.675782],[72.857769,23.675893],[72.857187,23.676159],[72.856726,23.67646],[72.856845,23.677064],[72.856041,23.677257],[72.855017,23.677731],[72.854856,23.677732],[72.853631,23.678282],[72.853797,23.678709],[72.852832,23.679052],[72.852811,23.678978],[72.852209,23.679262],[72.851204,23.679494],[72.851062,23.679476],[72.850949,23.678993],[72.849078,23.679381],[72.848982,23.67994],[72.848824,23.680258],[72.848319,23.680151],[72.847921,23.680694],[72.84778,23.680713],[72.847266,23.681797],[72.847188,23.682021],[72.84723,23.682226],[72.847197,23.68297],[72.847223,23.683584],[72.846598,23.68359],[72.845692,23.683709],[72.845662,23.684751],[72.845363,23.685163],[72.845367,23.685554],[72.84531,23.685946],[72.844524,23.685952],[72.84459,23.68651],[72.844713,23.686723],[72.84405,23.686952],[72.842984,23.687203],[72.843313,23.687926],[72.844359,23.687619],[72.844827,23.688081],[72.844951,23.688433],[72.845098,23.689028],[72.844256,23.689481],[72.844725,23.690092],[72.844985,23.690473],[72.845679,23.690844],[72.845614,23.690901],[72.845935,23.690763],[72.847347,23.689674],[72.84797,23.68938],[72.848735,23.689059],[72.850785,23.689173],[72.851209,23.688828],[72.85129,23.688433],[72.851685,23.688062],[72.85194,23.687981],[72.851965,23.687587],[72.85222,23.687454],[72.852931,23.687448],[72.853182,23.686894],[72.854488,23.686647],[72.855622,23.686164],[72.855855,23.686213],[72.856147,23.686666],[72.856434,23.686568],[72.857051,23.686582],[72.857482,23.686503],[72.858735,23.686454],[72.858963,23.68668],[72.85989,23.686881],[72.860177,23.686822],[72.861123,23.686814],[72.86141,23.686773],[72.861494,23.686887],[72.86172,23.686885],[72.861841,23.686713],[72.862311,23.686386],[72.862183,23.685894],[72.862634,23.685776],[72.863473,23.685447],[72.864292,23.685098],[72.864949,23.685036],[72.865155,23.68511],[72.865166,23.686249],[72.865544,23.686568],[72.865649,23.686795],[72.86655,23.686521],[72.866982,23.686518],[72.867045,23.686707],[72.86705,23.6872],[72.867341,23.687521],[72.867976,23.687325],[72.86931,23.687124],[72.870337,23.687002],[72.871178,23.686843],[72.872143,23.686778],[72.873667,23.687031],[72.876262,23.687595]]]}},{"type":"Feature","properties":{"village":"Kanai","block":"Himatnagar","gram_panchayat":"Kanai","area_ha":845.771},"geometry":{"type":"Polygon","coordinates":[[[72.914604,23.696139],[72.915025,23.696139],[72.915109,23.696927],[72.915175,23.697286],[72.915209,23.698144],[72.915379,23.698746],[72.915406,23.699012],[72.915636,23.699323],[72.915939,23.699385],[72.91598,23.699219],[72.917791,23.698614],[72.919869,23.697816],[72.922925,23.695929],[72.923502,23.695717],[72.924774,23.695208],[72.925796,23.694949],[72.928808,23.693977],[72.930007,23.693701],[72.929962,23.693411],[72.929836,23.693087],[72.929567,23.692172],[72.929052,23.691217],[72.928568,23.690163],[72.928309,23.688839],[72.928134,23.688106],[72.928003,23.687289],[72.927828,23.686655],[72.928021,23.686047],[72.92791,23.685624],[72.927827,23.685075],[72.927823,23.684679],[72.92766,23.683665],[72.927535,23.683384],[72.927734,23.683452],[72.928451,23.683305],[72.928387,23.682967],[72.928358,23.681654],[72.928402,23.681463],[72.9279,23.680212],[72.92819,23.680195],[72.928199,23.679532],[72.928012,23.679209],[72.927866,23.678413],[72.927584,23.676242],[72.927462,23.676257],[72.927444,23.676017],[72.927535,23.675918],[72.927764,23.675944],[72.927812,23.676169],[72.928697,23.676006],[72.928926,23.675919],[72.929487,23.675449],[72.929604,23.674968],[72.929954,23.674866],[72.929982,23.674598],[72.931027,23.673064],[72.931117,23.672852],[72.931254,23.67285],[72.931404,23.672553],[72.931657,23.671859],[72.932316,23.670498],[72.93232,23.669454],[72.932419,23.668656],[72.932628,23.66816],[72.932656,23.667905],[72.932527,23.667243],[72.932337,23.666624],[72.932217,23.665348],[72.932122,23.66501],[72.931918,23.664504],[72.931914,23.664165],[72.931987,23.66384],[72.932071,23.663063],[72.932162,23.663034],[72.93219,23.662737],[72.932724,23.662633],[72.932769,23.662534],[72.933682,23.662145],[72.934061,23.661916],[72.933919,23.661423],[72.934558,23.661121],[72.934471,23.660092],[72.934379,23.65941],[72.933383,23.659358],[72.931836,23.65945],[72.931542,23.659044],[72.929852,23.658855],[72.929598,23.658904],[72.929222,23.658798],[72.928933,23.6588],[72.928269,23.658743],[72.927416,23.658609],[72.925899,23.658293],[72.925472,23.658186],[72.924461,23.658117],[72.924343,23.658291],[72.923884,23.658279],[72.922947,23.658193],[72.9226,23.659217],[72.922175,23.659252],[72.922036,23.658939],[72.92166,23.658801],[72.921149,23.658711],[72.920434,23.658718],[72.920095,23.659711],[72.918578,23.65941],[72.918776,23.658842],[72.919194,23.658131],[72.918579,23.657917],[72.918239,23.657888],[72.917147,23.657631],[72.91702,23.658543],[72.916974,23.659023],[72.916857,23.65926],[72.916743,23.659685],[72.91693,23.659746],[72.916869,23.660438],[72.917484,23.660684],[72.917207,23.661818],[72.916217,23.661559],[72.916056,23.662425],[72.915716,23.662475],[72.915577,23.662193],[72.915354,23.662085],[72.914384,23.661984],[72.914537,23.660333],[72.914143,23.6601],[72.913875,23.660464],[72.91375,23.660402],[72.913463,23.660625],[72.913269,23.661632],[72.911418,23.662041],[72.911271,23.660958],[72.909739,23.66094],[72.909532,23.660659],[72.909362,23.66066],[72.908982,23.660145],[72.90857,23.659756],[72.907779,23.658946],[72.906212,23.658834],[72.906034,23.659668],[72.905915,23.6597],[72.905802,23.660361],[72.905581,23.660363],[72.905585,23.660709],[72.906249,23.660782],[72.906251,23.660955],[72.907036,23.661215],[72.907142,23.661607],[72.907131,23.662204],[72.907354,23.662328],[72.907543,23.66253],[72.907815,23.662512],[72.907847,23.662339],[72.908273,23.662304],[72.908269,23.662006],[72.908933,23.661968],[72.909484,23.662671],[72.909196,23.662736],[72.909341,23.663646],[72.90937,23.664809],[72.908571,23.664878],[72.908441,23.665539],[72.908119,23.665652],[72.908265,23.666602],[72.907875,23.666762],[72.907416,23.666798],[72.907418,23.666986],[72.906148,23.667657],[72.906102,23.66816],[72.906425,23.668063],[72.906563,23.668329],[72.906483,23.668817],[72.90589,23.669026],[72.905755,23.6692],[72.905896,23.669623],[72.906556,23.670985],[72.906148,23.671035],[72.905491,23.671717],[72.905172,23.672144],[72.904633,23.672667],[72.904846,23.673561],[72.905941,23.674054],[72.906408,23.674804],[72.906234,23.676126],[72.906733,23.67664],[72.907244,23.676761],[72.907536,23.67701],[72.90834,23.677427],[72.908714,23.677393],[72.908905,23.677768],[72.909488,23.67814],[72.910118,23.678197],[72.910411,23.678311],[72.909863,23.679585],[72.909722,23.679954],[72.90978,23.680305],[72.909641,23.680891],[72.909772,23.681291],[72.90974,23.681676],[72.909546,23.682262],[72.909782,23.682293],[72.910234,23.682239],[72.911392,23.682196],[72.911327,23.682915],[72.911455,23.683064],[72.911947,23.683361],[72.912253,23.683175],[72.913316,23.684502],[72.913395,23.685153],[72.913053,23.685357],[72.912997,23.685875],[72.913217,23.687862],[72.913574,23.689188],[72.913947,23.690271],[72.914201,23.690335],[72.914191,23.691138],[72.914122,23.691473],[72.914539,23.693324],[72.914604,23.696139]]]}},{"type":"Feature","properties":{"village":"Lolasan","block":"Himatnagar","gram_panchayat":"Lolasan","area_ha":551.225},"geometry":{"type":"Polygon","coordinates":[[[72.956233,23.697275],[72.956123,23.696991],[72.958283,23.694828],[72.960478,23.693197],[72.962237,23.691661],[72.963703,23.691344],[72.964257,23.69166],[72.964454,23.692134],[72.964627,23.692262],[72.965201,23.691457],[72.965283,23.691089],[72.965231,23.69025],[72.964398,23.690081],[72.963475,23.69005],[72.963538,23.689315],[72.963545,23.68862],[72.963293,23.687665],[72.962724,23.686247],[72.962722,23.685972],[72.9626,23.6852],[72.962626,23.68495],[72.962886,23.684036],[72.962865,23.683368],[72.962732,23.682963],[72.96273,23.68274],[72.962511,23.682171],[72.962338,23.681963],[72.961882,23.681757],[72.961522,23.681341],[72.961434,23.68106],[72.961386,23.680523],[72.961214,23.680341],[72.960857,23.680173],[72.960659,23.680254],[72.960685,23.680057],[72.960526,23.678465],[72.960423,23.678112],[72.960236,23.677878],[72.960018,23.677381],[72.960007,23.676319],[72.960178,23.675072],[72.960247,23.674921],[72.960473,23.674761],[72.961084,23.674821],[72.961265,23.674426],[72.961447,23.674149],[72.961912,23.673817],[72.962136,23.673553],[72.962148,23.67329],[72.961704,23.672953],[72.960724,23.672975],[72.959697,23.672526],[72.959255,23.672399],[72.95849,23.672524],[72.958239,23.672959],[72.957975,23.673291],[72.957385,23.673777],[72.957139,23.673814],[72.956498,23.674047],[72.954985,23.674288],[72.954306,23.674522],[72.953515,23.674896],[72.953518,23.675228],[72.953295,23.675632],[72.953354,23.675824],[72.95368,23.676223],[72.953614,23.676627],[72.951261,23.676855],[72.950072,23.677625],[72.948363,23.678642],[72.946643,23.679676],[72.944533,23.6818],[72.941717,23.684242],[72.93879,23.686857],[72.937739,23.690076],[72.937483,23.690631],[72.937082,23.691635],[72.936793,23.69257],[72.936762,23.693157],[72.936998,23.694946],[72.939152,23.696475],[72.941513,23.698679],[72.943156,23.701022],[72.943943,23.702277],[72.944126,23.702275],[72.944636,23.702113],[72.945245,23.701963],[72.94645,23.701716],[72.946862,23.701713],[72.947937,23.701323],[72.948309,23.701136],[72.950631,23.700341],[72.951934,23.700002],[72.953085,23.69948],[72.953877,23.699145],[72.954215,23.698854],[72.954807,23.698429],[72.956145,23.697374],[72.956233,23.697275]]]}},{"type":"Feature","properties":{"village":"Prempur","block":"Himatnagar","gram_panchayat":"Prempur","area_ha":843.426},"geometry":{"type":"Polygon","coordinates":[[[72.907155,23.697654],[72.907106,23.697313],[72.91,23.696564],[72.911652,23.696362],[72.913036,23.696055],[72.912871,23.695202],[72.912437,23.695222],[72.912045,23.694073],[72.91246,23.693936],[72.912434,23.693133],[72.912632,23.693015],[72.912574,23.692681],[72.91257,23.69228],[72.91337,23.692591],[72.913239,23.692191],[72.912713,23.692137],[72.91262,23.691887],[72.912782,23.691835],[72.912689,23.691519],[72.912363,23.691521],[72.912292,23.691672],[72.911785,23.691694],[72.911538,23.690492],[72.91143,23.690543],[72.910322,23.690169],[72.910335,23.689717],[72.910082,23.689786],[72.909935,23.689554],[72.908906,23.689847],[72.908523,23.689533],[72.908232,23.689385],[72.907834,23.689422],[72.907759,23.689205],[72.907413,23.689202],[72.906423,23.689399],[72.906159,23.689267],[72.906018,23.689726],[72.905692,23.69214],[72.905122,23.693492],[72.904832,23.693683],[72.904665,23.694492],[72.902891,23.695127],[72.900794,23.695522],[72.900708,23.695685],[72.900239,23.695473],[72.899241,23.695509],[72.897188,23.694395],[72.89666,23.69413],[72.895165,23.693497],[72.894603,23.692774],[72.890288,23.693161],[72.889253,23.691796],[72.88801,23.690945],[72.88657,23.68988],[72.886015,23.689884],[72.885983,23.689535],[72.885371,23.689621],[72.885338,23.689271],[72.882882,23.68878],[72.882784,23.687757],[72.882549,23.68757],[72.881379,23.687311],[72.87808,23.687096],[72.876712,23.686991],[72.876624,23.687018],[72.876371,23.687487],[72.876262,23.687595],[72.876192,23.688205],[72.875952,23.688852],[72.875814,23.689422],[72.875559,23.690705],[72.875026,23.692873],[72.874888,23.693538],[72.874172,23.695973],[72.873767,23.696603],[72.873753,23.697267],[72.873716,23.697666],[72.873474,23.698123],[72.873316,23.698182],[72.872288,23.698806],[72.872047,23.698795],[72.871906,23.698914],[72.871258,23.699312],[72.870668,23.699879],[72.870372,23.700039],[72.870289,23.70017],[72.869749,23.700018],[72.869678,23.700053],[72.869476,23.700643],[72.869092,23.700866],[72.869052,23.701361],[72.867803,23.701371],[72.867867,23.701837],[72.867735,23.702072],[72.867527,23.702115],[72.867544,23.702334],[72.86732,23.702247],[72.867113,23.702345],[72.866622,23.702335],[72.866413,23.702269],[72.866018,23.702904],[72.865455,23.703183],[72.864771,23.703628],[72.864126,23.704622],[72.864291,23.704717],[72.864581,23.705456],[72.865046,23.705857],[72.865443,23.706925],[72.865476,23.707254],[72.865245,23.707956],[72.865844,23.708349],[72.86692,23.708862],[72.866669,23.709084],[72.866745,23.709248],[72.866056,23.710269],[72.865718,23.710726],[72.8651,23.711404],[72.864936,23.711405],[72.864821,23.711735],[72.864955,23.711789],[72.864706,23.712135],[72.864497,23.712164],[72.864425,23.712343],[72.864171,23.712263],[72.863979,23.712347],[72.863834,23.712719],[72.863362,23.713162],[72.86305,23.713247],[72.862948,23.713426],[72.862849,23.713921],[72.862288,23.714365],[72.862171,23.714559],[72.861817,23.714877],[72.861403,23.715138],[72.862482,23.715193],[72.863772,23.7155],[72.864772,23.715943],[72.865733,23.716317],[72.866988,23.716927],[72.867601,23.717767],[72.868327,23.718299],[72.870195,23.718913],[72.87145,23.719198],[72.871813,23.719631],[72.871529,23.720308],[72.87171,23.720742],[72.87221,23.721306],[72.87348,23.722105],[72.873966,23.721934],[72.874446,23.72145],[72.874873,23.720913],[72.875471,23.720809],[72.875476,23.721004],[72.875942,23.721216],[72.876172,23.721365],[72.876619,23.721523],[72.877305,23.721645],[72.878703,23.721649],[72.879144,23.721807],[72.879379,23.721839],[72.880218,23.72229],[72.880654,23.722678],[72.880733,23.722791],[72.881182,23.723158],[72.881253,23.722922],[72.88125,23.722645],[72.881564,23.721829],[72.881625,23.721511],[72.881753,23.721371],[72.881548,23.720243],[72.8815,23.719552],[72.881326,23.719533],[72.880375,23.719744],[72.879734,23.719732],[72.879073,23.719603],[72.880052,23.718579],[72.880543,23.718136],[72.881289,23.717639],[72.881528,23.717653],[72.881699,23.716417],[72.881802,23.715509],[72.882325,23.715594],[72.882416,23.715047],[72.882414,23.714832],[72.882233,23.714681],[72.881986,23.714683],[72.882107,23.714428],[72.881596,23.714185],[72.881042,23.713746],[72.881162,23.713377],[72.881364,23.71297],[72.881644,23.712117],[72.882031,23.712304],[72.882403,23.71239],[72.882858,23.712551],[72.882977,23.712068],[72.882999,23.71149],[72.883591,23.711638],[72.88407,23.711443],[72.884359,23.711479],[72.884602,23.710969],[72.885715,23.711011],[72.885865,23.710882],[72.886103,23.710809],[72.886412,23.710927],[72.886436,23.71054],[72.886844,23.710459],[72.886908,23.710373],[72.88753,23.71029],[72.887617,23.709603],[72.887914,23.709626],[72.887807,23.709146],[72.887905,23.708686],[72.888633,23.708002],[72.889085,23.707603],[72.889316,23.70749],[72.889444,23.707283],[72.890198,23.706533],[72.891595,23.705304],[72.891714,23.705329],[72.892101,23.705049],[72.892734,23.704535],[72.8932,23.704312],[72.893768,23.703978],[72.894573,23.703344],[72.894878,23.703174],[72.895813,23.702554],[72.895834,23.702496],[72.896385,23.701899],[72.896607,23.701698],[72.897165,23.701088],[72.897312,23.701054],[72.897586,23.700569],[72.897984,23.700508],[72.897928,23.699845],[72.898276,23.699707],[72.89886,23.699592],[72.899103,23.699462],[72.899722,23.699282],[72.899855,23.699352],[72.900877,23.698835],[72.901097,23.698492],[72.901347,23.698374],[72.901709,23.698351],[72.902049,23.698174],[72.902939,23.697838],[72.903245,23.697752],[72.903734,23.697712],[72.90473,23.697575],[72.904946,23.697612],[72.90528,23.697487],[72.905505,23.697697],[72.906348,23.697632],[72.907155,23.697654]]]}},{"type":"Feature","properties":{"village":"Sachodar","block":"Himatnagar","gram_panchayat":"Sachodar","area_ha":701.207},"geometry":{"type":"Polygon","coordinates":[[[72.918953,23.735764],[72.919156,23.735665],[72.919283,23.73515],[72.920039,23.735317],[72.920122,23.734391],[72.920681,23.734346],[72.920891,23.733786],[72.921323,23.732743],[72.921989,23.731005],[72.922268,23.729871],[72.922278,23.729131],[72.922096,23.728526],[72.923803,23.728828],[72.925068,23.728783],[72.926544,23.72857],[72.926525,23.728521],[72.926362,23.728087],[72.92569,23.727952],[72.92492,23.728191],[72.924312,23.727997],[72.923341,23.727451],[72.923188,23.72379],[72.923294,23.72072],[72.923313,23.720636],[72.922254,23.720702],[72.92231,23.720548],[72.921875,23.720247],[72.921888,23.720074],[72.921283,23.720066],[72.921265,23.719734],[72.92067,23.719221],[72.920524,23.718984],[72.919929,23.718524],[72.918995,23.717284],[72.917633,23.715788],[72.917283,23.715339],[72.916885,23.71438],[72.916755,23.714315],[72.916386,23.713494],[72.916079,23.713019],[72.916093,23.712061],[72.916277,23.710748],[72.916338,23.709668],[72.916115,23.708939],[72.916288,23.708257],[72.916153,23.707345],[72.915598,23.705806],[72.915187,23.704332],[72.91525,23.703468],[72.915474,23.70247],[72.915598,23.702294],[72.915698,23.70153],[72.915805,23.701413],[72.91567,23.700534],[72.915606,23.699571],[72.915894,23.699569],[72.915939,23.699385],[72.915636,23.699323],[72.915406,23.699012],[72.915379,23.698746],[72.915209,23.698144],[72.915175,23.697286],[72.915109,23.696927],[72.915025,23.696139],[72.914604,23.696139],[72.914604,23.696156],[72.913081,23.696286],[72.913036,23.696055],[72.911652,23.696362],[72.91,23.696564],[72.907106,23.697313],[72.907155,23.697654],[72.907404,23.697661],[72.907516,23.698381],[72.907747,23.699426],[72.907661,23.699487],[72.907689,23.70013],[72.907767,23.700371],[72.907907,23.701265],[72.907855,23.701447],[72.907839,23.70205],[72.907764,23.702172],[72.907528,23.703632],[72.907498,23.703904],[72.907026,23.705678],[72.906778,23.706988],[72.906473,23.708087],[72.906169,23.709337],[72.905991,23.710013],[72.905972,23.710274],[72.90603,23.710646],[72.906143,23.711047],[72.906157,23.711379],[72.906074,23.711742],[72.905858,23.712005],[72.905545,23.712249],[72.905064,23.712535],[72.904762,23.71285],[72.904123,23.713238],[72.903698,23.713281],[72.903011,23.713237],[72.902588,23.713371],[72.902054,23.713396],[72.901959,23.713769],[72.901842,23.713982],[72.901646,23.714044],[72.901267,23.714298],[72.901218,23.714782],[72.900814,23.714775],[72.900495,23.715209],[72.900738,23.715848],[72.90074,23.715984],[72.901071,23.716396],[72.901235,23.7165],[72.90118,23.716742],[72.899974,23.717107],[72.899698,23.717208],[72.899819,23.717863],[72.89977,23.717931],[72.899116,23.717944],[72.899081,23.718352],[72.899233,23.718826],[72.899194,23.718962],[72.899734,23.719055],[72.900008,23.719445],[72.90014,23.719535],[72.900589,23.719546],[72.900528,23.719924],[72.900727,23.720216],[72.900606,23.720444],[72.898978,23.72097],[72.898341,23.721152],[72.897217,23.721173],[72.896459,23.721062],[72.894631,23.720913],[72.892516,23.720188],[72.891776,23.720242],[72.88929,23.71985],[72.888406,23.719563],[72.887815,23.719179],[72.887084,23.718879],[72.886413,23.718808],[72.886233,23.71888],[72.886687,23.719524],[72.887079,23.719997],[72.887685,23.720488],[72.888162,23.72092],[72.888272,23.721137],[72.888091,23.722388],[72.88812,23.723161],[72.888059,23.723459],[72.888532,23.723534],[72.888491,23.723743],[72.888496,23.724199],[72.88871,23.724138],[72.888733,23.724296],[72.889291,23.724252],[72.8894,23.724389],[72.889873,23.724385],[72.889876,23.724743],[72.890246,23.724565],[72.890339,23.724027],[72.890609,23.724],[72.890751,23.724285],[72.89127,23.724113],[72.891413,23.724307],[72.891349,23.724723],[72.891413,23.724853],[72.891643,23.724844],[72.891898,23.72461],[72.892457,23.725093],[72.892693,23.725476],[72.893065,23.725463],[72.893281,23.725616],[72.893654,23.725666],[72.893791,23.725792],[72.894061,23.726176],[72.894169,23.726587],[72.894282,23.726609],[72.894439,23.726474],[72.894679,23.72656],[72.895037,23.726835],[72.895164,23.727173],[72.895346,23.727291],[72.895768,23.727286],[72.89618,23.727453],[72.896591,23.727489],[72.896949,23.727665],[72.897538,23.727656],[72.89796,23.727999],[72.898509,23.728135],[72.898602,23.728112],[72.898641,23.72887],[72.898622,23.729462],[72.898705,23.730094],[72.900662,23.730486],[72.904374,23.730928],[72.908342,23.731591],[72.910965,23.731956],[72.914653,23.732181],[72.916443,23.732243],[72.916659,23.732776],[72.91662,23.733322],[72.9169,23.733954],[72.917984,23.734559],[72.918259,23.7358],[72.918759,23.735859],[72.918953,23.735764]]]}},{"type":"Feature","properties":{"village":"Rangpur","block":"Himatnagar","gram_panchayat":"Rangpur","area_ha":524.798},"geometry":{"type":"Polygon","coordinates":[[[72.855578,23.709414],[72.85549,23.7082],[72.85525,23.707399],[72.855325,23.706167],[72.855168,23.70491],[72.855089,23.702823],[72.854877,23.701861],[72.854894,23.700683],[72.855021,23.698781],[72.855777,23.698935],[72.856219,23.699708],[72.856715,23.700025],[72.856867,23.700693],[72.857217,23.700958],[72.857801,23.701327],[72.858644,23.701588],[72.858861,23.70135],[72.858654,23.699924],[72.859142,23.699632],[72.860228,23.699691],[72.861454,23.70034],[72.862719,23.700412],[72.863152,23.700518],[72.863702,23.700513],[72.864699,23.700546],[72.865681,23.700538],[72.86742,23.700276],[72.869693,23.699968],[72.869678,23.700053],[72.869749,23.700018],[72.870289,23.70017],[72.870372,23.700039],[72.870668,23.699879],[72.871258,23.699312],[72.871906,23.698914],[72.872047,23.698795],[72.872288,23.698806],[72.873316,23.698182],[72.873474,23.698123],[72.873716,23.697666],[72.873753,23.697267],[72.873767,23.696603],[72.874172,23.695973],[72.874888,23.693538],[72.875026,23.692873],[72.875559,23.690705],[72.875814,23.689422],[72.875952,23.688852],[72.876192,23.688205],[72.876262,23.687595],[72.873667,23.687031],[72.872143,23.686778],[72.871178,23.686843],[72.870337,23.687002],[72.86931,23.687124],[72.867976,23.687325],[72.867341,23.687521],[72.86705,23.6872],[72.867045,23.686707],[72.866982,23.686518],[72.86655,23.686521],[72.865649,23.686795],[72.865544,23.686568],[72.865166,23.686249],[72.865155,23.68511],[72.864949,23.685036],[72.864292,23.685098],[72.863473,23.685447],[72.862634,23.685776],[72.862183,23.685894],[72.862311,23.686386],[72.861841,23.686713],[72.86172,23.686885],[72.861494,23.686887],[72.86141,23.686773],[72.861123,23.686814],[72.860177,23.686822],[72.85989,23.686881],[72.858963,23.68668],[72.858735,23.686454],[72.857482,23.686503],[72.857051,23.686582],[72.856434,23.686568],[72.856147,23.686666],[72.855855,23.686213],[72.855622,23.686164],[72.854488,23.686647],[72.853182,23.686894],[72.852931,23.687448],[72.85222,23.687454],[72.851965,23.687587],[72.85194,23.687981],[72.851685,23.688062],[72.85129,23.688433],[72.851209,23.688828],[72.850785,23.689173],[72.848735,23.689059],[72.84797,23.68938],[72.847347,23.689674],[72.845935,23.690763],[72.845614,23.690901],[72.844579,23.691799],[72.840811,23.694293],[72.840158,23.69463],[72.841076,23.695544],[72.841833,23.696139],[72.844071,23.697183],[72.844926,23.697615],[72.845682,23.698117],[72.846816,23.698916],[72.848461,23.70082],[72.848592,23.701466],[72.848701,23.70232],[72.84873,23.702782],[72.84871,23.703221],[72.848338,23.703594],[72.847744,23.704338],[72.847199,23.70492],[72.846977,23.705222],[72.84676,23.706079],[72.846513,23.706497],[72.846221,23.707308],[72.846098,23.70754],[72.846102,23.708002],[72.845987,23.708617],[72.848073,23.709065],[72.848151,23.709408],[72.848666,23.709101],[72.847965,23.710564],[72.848259,23.710871],[72.849107,23.710939],[72.849533,23.712401],[72.850235,23.712469],[72.850716,23.708628],[72.851863,23.708628],[72.853966,23.708863],[72.854447,23.709237],[72.855114,23.709581],[72.855578,23.709414]]]}},{"type":"Feature","properties":{"village":"Kadoli","block":"Himatnagar","gram_panchayat":"Kadoli","area_ha":1208.46},"geometry":{"type":"Polygon","coordinates":[[[72.835422,23.695478],[72.837336,23.696087],[72.840158,23.69463],[72.840811,23.694293],[72.844579,23.691799],[72.845614,23.690901],[72.845679,23.690844],[72.844985,23.690473],[72.844725,23.690092],[72.844256,23.689481],[72.845098,23.689028],[72.844951,23.688433],[72.844827,23.688081],[72.844359,23.687619],[72.843313,23.687926],[72.842984,23.687203],[72.84405,23.686952],[72.844713,23.686723],[72.84459,23.68651],[72.844524,23.685952],[72.84531,23.685946],[72.845367,23.685554],[72.845363,23.685163],[72.845662,23.684751],[72.845692,23.683709],[72.846598,23.68359],[72.847223,23.683584],[72.847197,23.68297],[72.84723,23.682226],[72.847188,23.682021],[72.847266,23.681797],[72.84778,23.680713],[72.847921,23.680694],[72.848319,23.680151],[72.848824,23.680258],[72.848982,23.67994],[72.849078,23.679381],[72.850949,23.678993],[72.851062,23.679476],[72.851204,23.679494],[72.852209,23.679262],[72.852811,23.678978],[72.852832,23.679052],[72.853797,23.678709],[72.853631,23.678282],[72.854856,23.677732],[72.855017,23.677731],[72.856041,23.677257],[72.856845,23.677064],[72.856726,23.67646],[72.857187,23.676159],[72.857769,23.675893],[72.857768,23.675782],[72.858612,23.675514],[72.859974,23.674535],[72.861293,23.673416],[72.862095,23.672944],[72.862596,23.672679],[72.863696,23.671702],[72.863984,23.67129],[72.864585,23.670932],[72.865829,23.670326],[72.865868,23.670214],[72.86607,23.670212],[72.867534,23.669474],[72.86838,23.669318],[72.868921,23.669053],[72.869762,23.668506],[72.870384,23.668203],[72.870893,23.66804],[72.871838,23.667846],[72.872561,23.667542],[72.873426,23.66733],[72.874593,23.667116],[72.87562,23.666995],[72.87739,23.666626],[72.878073,23.666379],[72.878496,23.666319],[72.879646,23.666264],[72.87967,23.666263],[72.879154,23.66502],[72.878901,23.66385],[72.878548,23.662792],[72.87846,23.662104],[72.878615,23.661432],[72.878974,23.661057],[72.879171,23.660609],[72.879155,23.660136],[72.878872,23.66002],[72.878536,23.659645],[72.878656,23.658864],[72.878525,23.658605],[72.877828,23.657949],[72.877624,23.658022],[72.87752,23.657834],[72.876252,23.657069],[72.875942,23.657599],[72.875211,23.657892],[72.874275,23.65761],[72.872812,23.657547],[72.872174,23.657478],[72.871172,23.657561],[72.870451,23.657592],[72.869203,23.657402],[72.868701,23.657357],[72.867699,23.657378],[72.866071,23.657229],[72.865665,23.657232],[72.865083,23.657362],[72.864527,23.657454],[72.863917,23.657359],[72.86267,23.657332],[72.861938,23.657376],[72.860096,23.657404],[72.859486,23.657446],[72.858201,23.657582],[72.85718,23.657578],[72.856774,23.657644],[72.855974,23.657588],[72.855405,23.657593],[72.854957,23.657534],[72.854008,23.657455],[72.852843,23.657452],[72.851254,23.657478],[72.850196,23.657461],[72.849858,23.657514],[72.848449,23.657513],[72.848232,23.657528],[72.846482,23.65753],[72.845871,23.65746],[72.845478,23.657463],[72.844906,23.657155],[72.844635,23.657144],[72.844604,23.656744],[72.844075,23.656699],[72.843616,23.656815],[72.84203,23.656803],[72.841855,23.656727],[72.841172,23.656956],[72.839882,23.656928],[72.838258,23.65698],[72.83816,23.656529],[72.838077,23.656549],[72.837701,23.655314],[72.837465,23.654614],[72.836573,23.65369],[72.836383,23.653442],[72.835864,23.652419],[72.835481,23.651567],[72.834087,23.652563],[72.834033,23.652687],[72.833676,23.652845],[72.832346,23.653539],[72.832394,23.653627],[72.832158,23.653871],[72.831349,23.654164],[72.83181,23.654998],[72.830841,23.655976],[72.829561,23.656978],[72.829119,23.657366],[72.830767,23.658945],[72.83377,23.663352],[72.834049,23.664824],[72.834333,23.666639],[72.834563,23.668377],[72.83442,23.669587],[72.834233,23.672264],[72.834042,23.673564],[72.833291,23.675117],[72.832825,23.67611],[72.832261,23.677866],[72.831746,23.679378],[72.831182,23.680502],[72.830995,23.681495],[72.830803,23.683355],[72.830852,23.685084],[72.830802,23.686371],[72.830571,23.687621],[72.830101,23.688574],[72.829443,23.68935],[72.827019,23.691418],[72.826182,23.692131],[72.826976,23.692726],[72.82806,23.69344],[72.828623,23.694262],[72.829206,23.69526],[72.829539,23.695702],[72.830642,23.696104],[72.831789,23.695915],[72.832996,23.69513],[72.834192,23.694403],[72.834633,23.694367],[72.835422,23.695478]]]}},{"type":"Feature","properties":{"village":"Jorapur","block":"Himatnagar","gram_panchayat":"Khedavada","area_ha":629.28},"geometry":{"type":"Polygon","coordinates":[[[72.841855,23.656727],[72.841712,23.656467],[72.841397,23.656143],[72.841311,23.655923],[72.840986,23.65557],[72.840588,23.655314],[72.840466,23.654523],[72.840222,23.654044],[72.84024,23.653718],[72.840162,23.653219],[72.839797,23.65304],[72.839668,23.652681],[72.839447,23.652365],[72.838942,23.651745],[72.838112,23.650893],[72.83759,23.650676],[72.838403,23.649815],[72.838793,23.649283],[72.838947,23.649153],[72.839179,23.649331],[72.839728,23.649277],[72.840732,23.648664],[72.840941,23.648319],[72.841044,23.647933],[72.841041,23.647655],[72.840909,23.646806],[72.840425,23.646253],[72.840012,23.645668],[72.839457,23.645043],[72.839219,23.644259],[72.839214,23.643736],[72.839119,23.643033],[72.839201,23.642394],[72.839465,23.64213],[72.839888,23.641947],[72.841624,23.641949],[72.842568,23.641917],[72.843115,23.641749],[72.843662,23.641433],[72.844897,23.640932],[72.845372,23.640618],[72.845615,23.640076],[72.845877,23.639714],[72.846666,23.638824],[72.846444,23.637926],[72.846424,23.637648],[72.846205,23.636995],[72.846184,23.636636],[72.846251,23.636242],[72.845894,23.635902],[72.845377,23.635644],[72.844898,23.63555],[72.844067,23.635737],[72.843499,23.635627],[72.84339,23.635301],[72.843155,23.634845],[72.843117,23.634501],[72.843362,23.634238],[72.843323,23.633895],[72.843356,23.633583],[72.84346,23.633353],[72.844088,23.632334],[72.844242,23.631793],[72.844485,23.6313],[72.844373,23.630679],[72.844546,23.630236],[72.844419,23.629943],[72.844518,23.629157],[72.844459,23.628601],[72.844153,23.628031],[72.844147,23.627442],[72.843951,23.627313],[72.844196,23.627033],[72.845349,23.627203],[72.845752,23.626676],[72.846205,23.625936],[72.846524,23.625934],[72.846511,23.625533],[72.845993,23.625047],[72.845246,23.624758],[72.845244,23.624496],[72.845013,23.624498],[72.844997,23.624679],[72.844128,23.624489],[72.843823,23.62414],[72.843427,23.623473],[72.843901,23.623011],[72.844432,23.623023],[72.844169,23.622797],[72.844111,23.622747],[72.843579,23.62267],[72.843261,23.622721],[72.841914,23.6227],[72.840761,23.622529],[72.84008,23.621701],[72.840466,23.621256],[72.83998,23.620885],[72.838761,23.621504],[72.838287,23.621218],[72.83781,23.620526],[72.837455,23.619485],[72.833218,23.617005],[72.830452,23.619673],[72.829515,23.620751],[72.829001,23.621528],[72.828251,23.622697],[72.827501,23.623559],[72.826373,23.624425],[72.825339,23.62503],[72.824874,23.625504],[72.824408,23.626831],[72.823657,23.628474],[72.822343,23.630808],[72.82138,23.632219],[72.823107,23.632848],[72.823843,23.633659],[72.824656,23.63442],[72.824772,23.634384],[72.824959,23.634838],[72.825148,23.635659],[72.825431,23.636665],[72.825737,23.637395],[72.825245,23.637663],[72.825253,23.638467],[72.825479,23.638993],[72.825012,23.639129],[72.825028,23.639405],[72.824888,23.639754],[72.82483,23.640463],[72.824948,23.640594],[72.824884,23.640727],[72.824928,23.641207],[72.82514,23.641637],[72.825391,23.642051],[72.825861,23.642221],[72.825935,23.642402],[72.826996,23.64247],[72.826992,23.643133],[72.827275,23.643304],[72.827356,23.644249],[72.827036,23.644444],[72.827135,23.645067],[72.826823,23.64505],[72.826695,23.645791],[72.8267,23.646252],[72.827484,23.64711],[72.827561,23.647464],[72.82798,23.647788],[72.829031,23.648173],[72.828974,23.648687],[72.829455,23.648981],[72.829853,23.649275],[72.830407,23.649597],[72.830993,23.649996],[72.831466,23.650481],[72.832221,23.65108],[72.832319,23.651008],[72.8328,23.651349],[72.833007,23.651261],[72.833396,23.65169],[72.833636,23.651765],[72.834066,23.652578],[72.834087,23.652563],[72.835481,23.651567],[72.835864,23.652419],[72.836383,23.653442],[72.836573,23.65369],[72.837465,23.654614],[72.837701,23.655314],[72.838077,23.656549],[72.83816,23.656529],[72.838258,23.65698],[72.839882,23.656928],[72.841172,23.656956],[72.841855,23.656727]]]}},{"type":"Feature","properties":{"village":"Pethapur","block":"Himatnagar","gram_panchayat":"Pethapur","area_ha":416.051},"geometry":{"type":"Polygon","coordinates":[[[72.845987,23.708617],[72.846102,23.708002],[72.846098,23.70754],[72.846221,23.707308],[72.846513,23.706497],[72.84676,23.706079],[72.846977,23.705222],[72.847199,23.70492],[72.847744,23.704338],[72.848338,23.703594],[72.84871,23.703221],[72.84873,23.702782],[72.848701,23.70232],[72.848592,23.701466],[72.848461,23.70082],[72.846816,23.698916],[72.845682,23.698117],[72.844926,23.697615],[72.844071,23.697183],[72.841833,23.696139],[72.841076,23.695544],[72.840158,23.69463],[72.837336,23.696087],[72.835422,23.695478],[72.834858,23.696503],[72.834765,23.697279],[72.834858,23.698318],[72.834808,23.699094],[72.834294,23.699527],[72.83373,23.700132],[72.833308,23.701256],[72.833028,23.702723],[72.83265,23.703888],[72.831806,23.704795],[72.831149,23.706912],[72.83082,23.708551],[72.83049,23.710411],[72.830117,23.71372],[72.830401,23.715147],[72.830043,23.715147],[72.829322,23.715584],[72.829478,23.717273],[72.829066,23.718072],[72.829208,23.718252],[72.828497,23.718961],[72.828021,23.719963],[72.827844,23.720117],[72.82752,23.722112],[72.826495,23.72338],[72.826445,23.725276],[72.825743,23.727149],[72.825184,23.728449],[72.823333,23.732972],[72.822189,23.735627],[72.823445,23.73597],[72.823739,23.734778],[72.824887,23.734779],[72.825015,23.734404],[72.825829,23.732328],[72.826898,23.732463],[72.829041,23.732432],[72.83089,23.732058],[72.832774,23.731309],[72.833367,23.729982],[72.833015,23.728587],[72.832574,23.726411],[72.832315,23.724745],[72.832796,23.723657],[72.832649,23.72335],[72.831026,23.7227],[72.831541,23.721648],[72.832762,23.722362],[72.833517,23.721342],[72.834478,23.722055],[72.834846,23.721139],[72.83466,23.720696],[72.83315,23.719743],[72.833665,23.719062],[72.834661,23.718145],[72.833445,23.717635],[72.833592,23.717432],[72.83448,23.715965],[72.833887,23.715455],[72.832892,23.714913],[72.832484,23.71498],[72.831082,23.714876],[72.831269,23.713991],[72.832264,23.713892],[72.833299,23.714127],[72.834995,23.71471],[72.835922,23.714742],[72.837285,23.7143],[72.838138,23.713826],[72.838506,23.714232],[72.841316,23.712739],[72.842017,23.713556],[72.842424,23.713556],[72.845194,23.712198],[72.844974,23.711448],[72.84442,23.711177],[72.843719,23.711005],[72.843493,23.709985],[72.844199,23.709918],[72.845562,23.709814],[72.845381,23.708487],[72.845987,23.708617]]]}},{"type":"Feature","properties":{"village":"JIvapur","block":"Himatnagar","gram_panchayat":"Rangpur","area_ha":143.403},"geometry":{"type":"Polygon","coordinates":[[[72.869678,23.700053],[72.869693,23.699968],[72.86742,23.700276],[72.865681,23.700538],[72.864699,23.700546],[72.863702,23.700513],[72.863152,23.700518],[72.862719,23.700412],[72.861454,23.70034],[72.860228,23.699691],[72.859142,23.699632],[72.858654,23.699924],[72.858861,23.70135],[72.858644,23.701588],[72.857801,23.701327],[72.857217,23.700958],[72.856867,23.700693],[72.856715,23.700025],[72.856219,23.699708],[72.855777,23.698935],[72.855021,23.698781],[72.854894,23.700683],[72.854877,23.701861],[72.855089,23.702823],[72.855168,23.70491],[72.855325,23.706167],[72.85525,23.707399],[72.85549,23.7082],[72.855578,23.709414],[72.85607,23.709238],[72.856957,23.709071],[72.857511,23.709373],[72.858031,23.709784],[72.858507,23.709748],[72.85936,23.70992],[72.859693,23.710258],[72.859967,23.710872],[72.85982,23.71145],[72.859747,23.71196],[72.859085,23.71271],[72.858938,23.713391],[72.858937,23.713865],[72.859491,23.714479],[72.86008,23.714922],[72.861154,23.715125],[72.861403,23.715138],[72.861817,23.714877],[72.862171,23.714559],[72.862288,23.714365],[72.862849,23.713921],[72.862948,23.713426],[72.86305,23.713247],[72.863362,23.713162],[72.863834,23.712719],[72.863979,23.712347],[72.864171,23.712263],[72.864425,23.712343],[72.864497,23.712164],[72.864706,23.712135],[72.864955,23.711789],[72.864821,23.711735],[72.864936,23.711405],[72.8651,23.711404],[72.865718,23.710726],[72.866056,23.710269],[72.866745,23.709248],[72.866669,23.709084],[72.86692,23.708862],[72.865844,23.708349],[72.865245,23.707956],[72.865476,23.707254],[72.865443,23.706925],[72.865046,23.705857],[72.864581,23.705456],[72.864291,23.704717],[72.864126,23.704622],[72.864771,23.703628],[72.865455,23.703183],[72.866018,23.702904],[72.866413,23.702269],[72.866622,23.702335],[72.867113,23.702345],[72.86732,23.702247],[72.867544,23.702334],[72.867527,23.702115],[72.867735,23.702072],[72.867867,23.701837],[72.867803,23.701371],[72.869052,23.701361],[72.869092,23.700866],[72.869476,23.700643],[72.869678,23.700053]]]}}]}